<?xml version='1.0' encoding='utf-8'?>
<COLLADA version="1.4.1">
  <asset>
    <contributor>
      <author>Blender User</author>
      <authoring_tool>Blender 4.0.1 commit date:2023-11-16, commit time:16:40, hash:d0dd92834a08</authoring_tool>
    </contributor>
    <created>2025-10-10T16:19:23</created>
    <modified>2025-10-10T16:19:23</modified>
    <unit name="meter" meter="1" />
    <up_axis>Z_UP</up_axis>
  </asset>
  <library_effects>
    <effect id="Material_001-effect">
      <profile_COMMON>
        <newparam sid="green_png-surface">
          <surface type="2D">
            <init_from>green_png</init_from>
          </surface>
        </newparam>
        <newparam sid="green_png-sampler">
          <sampler2D>
            <source>green_png-surface</source>
          </sampler2D>
        </newparam>
        <technique sid="common">
          <phong><emission><color>0.5 0.5 0.5 1.0</color></emission><ambient><color>0.2 0.2 0.2 1.0</color></ambient><diffuse><texture texture="green_png-sampler" />
            </diffuse><specular><color>0.5 0.5 0.5 1.0</color></specular><shininess><float>50.0</float></shininess></phong></technique>
      </profile_COMMON>
    </effect>
  </library_effects>
  <library_images>
    <image id="green_png" name="green_png">
      <init_from>green.png</init_from>
    </image>
  </library_images>
  <library_materials>
    <material id="Material_001-material" name="Material.001">
      <instance_effect url="#Material_001-effect" />
    </material>
  </library_materials>
  <library_geometries>
    <geometry id="Helice-mesh" name="Helice">
      <mesh>
        <source id="Helice-mesh-positions">
          <float_array id="Helice-mesh-positions-array" count="9138">-385.7284 -3.47652 10.84393 -385.717 1.062625 10.65509 -385.699 -3.47652 10.45337 -385.7 1.11172 10.46371 -385.5826 -3.475641 9.711487 -385.5978 1.279611 9.786622 -385.5039 -3.47458 9.369782 -385.4627 1.414103 9.212738 -385.2584 -3.469971 8.558747 -385.2587 1.558114 8.559632 -385.0158 -3.463729 7.932068 -384.893 1.74124 7.651367 -384.4268 -3.438508 6.719086 -384.8361 1.764531 7.527283 -384.0381 -3.403402 6.046814 -384.2637 1.944703 6.427887 -383.89 -3.382033 5.807922 -384.0623 1.985519 6.086578 -383.7848 -3.361884 5.642944 -383.7669 2.016088 5.615326 -383.6882 -3.33811 5.49469 -383.836 2.013119 5.722839 -384.0067 1.994355 5.995361 -383.1636 1.491385 4.734467 -383.1249 1.228279 4.680847 -383.4285 0.8253346 5.109619 -383.0864 0.5296307 4.628052 -383.6817 2.01461 5.484772 -383.6931 2.015185 5.502106 -383.7548 2.016252 5.596619 -383.6311 2.010441 5.408478 -383.5476 1.996446 5.283905 -383.5154 1.987987 5.23642 -383.4663 1.970573 5.16449 -383.4418 1.959431 5.128906 -383.3778 1.920094 5.036468 -383.3713 1.915069 5.0271 -383.3155 1.86117 4.94754 -383.2731 1.802718 4.887604 -383.2344 1.729042 4.833191 -383.2006 1.638279 4.785889 -383.3927 -2.253468 5.057953 -383.4279 -3.223007 5.108765 -383.4647 -3.246719 5.162201 -383.1226 -2.501721 4.677734 -383.1523 -2.707052 4.71878 -383.1859 -2.851553 4.765381 -383.22 -2.952071 4.812927 -383.2591 -3.034957 4.867859 -383.3078 -3.10959 4.936523 -383.3679 -3.1752 5.0224 -383.5426 -3.286971 5.276489 -383.624 -3.318472 5.397827 -383.0773 -0.3655825 4.61557 -383.0773 -1.168827 4.61554 -383.0899 -2.019642 4.632843 -384.5541 1.864796 6.957153 -384.4315 1.901355 6.727692 -384.1067 -3.411399 6.160339 -384.0472 -3.404518 6.061707 -385.6943 -3.47652 11.84076 -385.7085 0.7789011 11.70752 -385.7284 1.013411 10.84412 -384.6486 -0.1358957 14.5184 -384.6801 -0.118577 14.47354 -384.7196 -3.47652 14.41598 -385.1791 0.1895408 13.61862 -385.1942 -3.47652 13.58694 -385.5086 0.468811 12.75766 -385.5086 -3.47652 12.75754 -385.5314 0.4937487 12.67697 -385.6943 0.741128 11.84094 -384.2081 -0.3661184 15.07797 -384.026 -3.47652 15.27988 -384.0247 -0.4585896 15.28122 -383.4442 -0.7694798 15.84494 -383.5533 -0.7054157 15.74673 -383.3835 -0.8076925 15.89822 -383.1477 -1.003731 16.09702 -383.1808 -0.9668436 16.06992 -383.0773 -3.47652 16.15402 -383.0773 -1.168827 16.15402 -383.0791 -1.143924 16.15262 -383.0841 -1.119432 16.14859 -383.0942 -1.089889 16.14047 -383.1129 -1.052933 16.12534 -383.2182 -0.931138 16.03891 -383.2911 -0.8717823 15.97763 -383.6503 -0.6518011 15.65665 -383.885 -0.5292902 15.42697 -362.4933 -1.168827 21.9014 -364.811 -1.168827 21.59616 -364.811 -3.47652 21.59616 -375.2714 -1.168827 19.28134 -375.2714 -3.47652 19.28134 -371.0789 -1.168827 20.42185 -350.4165 -1.168827 22.76846 -350.4165 -3.47652 22.76846 -319.4255 -1.168827 24.3215 -309.6648 -3.47652 25.02255 -309.6648 -1.168827 25.02255 -290.3526 -1.168827 26.84763 -274.5891 -3.47652 28.7186 -274.5891 -1.168827 28.7186 -259.4109 -1.168827 30.37796 -248.4572 -3.47652 31.18472 -248.4572 -1.168827 31.18472 -229.7737 -1.168827 32.41244 -217.8773 -3.47652 33.38113 -217.8773 -1.168827 33.38113 -206.5888 -1.168827 34.40707 -199.218 -3.47652 35.30307 -199.218 -1.168827 35.30307 -191.513 -1.168827 36.59091 -177.6754 -3.47652 38.97787 -177.6754 -1.168827 38.97787 -171.0947 -1.168827 39.52225 -166.9071 -3.47652 39.61276 -166.9071 -1.168827 39.61276 -158.8126 -1.168827 39.42569 -147.9228 -3.47652 38.89358 -147.9228 -1.168827 38.89358 -128.0567 -3.47652 37.66434 -128.0567 -1.168827 37.66434 -114.0037 -3.47652 35.94223 -114.0037 -1.168827 35.94223 -124.7323 -1.168827 37.37466 -69.94831 -3.47652 22.56613 -98.99353 -1.168827 32.14578 -98.99353 -3.47652 32.14578 -100.7919 -1.168827 32.69113 -112.9471 -1.168827 35.74435 -56.82507 -1.168827 19.14017 -59.94729 -1.168827 19.76254 -59.94729 -3.47652 19.76254 -64.29087 -1.168827 20.86099 -69.94831 -1.168827 22.56613 -51.98849 -1.168827 18.53415 -51.98849 -3.47652 18.53415 -43.96017 -3.47652 18.64737 -30.86832 -3.47652 20.61826 -34.8327 -1.168827 19.92276 -43.96017 -1.168827 18.64737 -19.7229 -1.168827 22.16269 -28.89716 -1.168827 20.95822 -30.86832 -1.168827 20.61826 -19.7229 -3.47652 22.16269 -12.89862 -3.47652 22.24033 -12.89862 -1.168827 22.24033 -8.061768 -3.47652 21.62326 -8.061768 -1.168827 21.62326 -344.9287 -1.168827 -10.95343 -353.86 -1.168827 -9.191254 -352.1206 0.9080963 -9.572144 -370.0946 -1.168827 -3.919189 -367.5072 0.8046665 -5.04306 -363.0211 -1.168827 -6.69104 -361.7033 0.8810234 -7.1138 -359.5556 -1.168827 -7.751862 -359.5558 0.8940468 -7.751862 -356.3256 0.9046574 -8.608124 -380.2619 -1.168827 2.234192 -377.5132 0.3316078 0.2379455 -376.8679 -1.168827 -0.1898193 -375.2943 0.4975882 -1.17453 -370.0957 0.7376118 -3.918701 -11.78983 0.9080963 -19.83801 -11.78989 -1.168827 -19.83798 -18.64078 0.9080963 -19.98276 -18.21661 -1.168827 -19.96552 -28.44779 0.9080963 -20.62991 -28.44779 -1.168827 -20.62991 -35.54068 0.9080963 -21.32431 -48.05762 -1.168827 -22.76199 -48.05762 0.9080963 -22.76199 -83.36267 -1.168827 -26.76587 -83.36267 0.9080963 -26.76587 -97.76215 -1.168827 -28.13669 -120.6842 0.9080963 -28.92255 -118.8196 0.9080963 -28.91696 -118.294 -1.168827 -28.91403 -108.3168 0.9080963 -28.7095 -97.76215 0.9080963 -28.13669 -120.6842 -1.168827 -28.92255 -166.3365 -1.168827 -28.94492 -166.3365 0.9080963 -28.94492 -180.4329 -1.168827 -28.65506 -180.4329 0.9080963 -28.65506 -208.0164 -1.168827 -26.98605 -208.0164 0.9080963 -26.98605 -220.1463 -1.168827 -26.39206 -236.404 0.9080963 -25.48804 -238.9937 -1.168827 -25.27249 -238.9937 0.9080963 -25.27249 -240.5294 -1.168827 -25.13144 -256.7479 0.9080963 -23.28433 -267.7942 -1.168827 -21.99161 -287.521 0.9080963 -19.93243 -283.2893 -1.168827 -20.36093 -287.521 -1.168827 -19.93243 -287.7776 0.9080963 -19.90595 -298.8865 -1.168827 -18.61401 -344.9287 0.9080963 -10.95343 -313.016 0.9080963 -16.36005 -313.016 -1.168827 -16.36005 -309.1052 0.9080963 -17.03568 -298.4575 0.9080963 -18.67139 -43.4891 3.446558 -11.40353 -35.7865 3.446558 -19.02988 -52.94583 3.446558 -11.46594 -61.79309 3.446558 -21.97778 -53.9328 3.446558 -11.40347 -61.93707 3.446558 -10.42072 -41.36819 3.446558 -11.24045 -29.73444 3.446558 -9.640534 -26.09866 3.446558 -9.003144 -335.1644 3.446558 -10.26251 -351.6403 3.446558 -7.314972 -327.8225 3.446558 -6.279388 -14.97269 3.446558 -17.56043 -18.73721 3.446558 -17.67709 -17.67835 3.446558 -14.83337 -19.9856 3.446558 -11.53827 -21.55438 3.446558 -8.244172 -308.7193 3.446558 -14.7605 -302.1784 3.446558 -4.468964 -298.1533 3.446558 -16.38352 -97.9794 3.446558 -25.83868 -81.03519 3.446558 -5.3815 -77.21985 3.446558 -23.72714 -72.336 3.446558 -8.04004 -65.23075 3.446558 -9.788453 -287.5401 3.446558 -17.6105 -293.6334 3.446558 -3.673126 -256.4692 3.446558 -20.9935 -169.8226 3.446558 9.549286 -164.845 3.446558 -26.63181 -173.7931 3.446558 9.229401 -175.8463 3.446558 -26.52368 -271.8831 3.446558 -1.173035 -257.3696 3.446558 0.4396362 -236.2253 3.446558 -23.1871 -227.4814 3.446558 2.500153 -215.0776 3.446558 -24.31534 -223.6101 3.446558 2.804199 -186.8574 3.446558 -25.98718 -202.0549 3.446558 4.7211 -185.4098 3.446558 7.212738 -163.4025 3.446558 9.568848 -141.4881 3.446558 8.492646 -118.8311 3.446558 -26.60928 -133.1887 3.446558 7.964661 -127.5769 3.446558 7.509888 -120.7741 3.446558 6.665894 -118.6365 3.446558 6.288727 -108.4011 3.446558 -26.40335 -109.0361 3.446558 3.843842 -92.375 3.446558 -1.614685 -50.55636 -3.47652 -20.49695 -27.11295 -3.47652 -17.97073 -19.9856 -3.47652 -11.53827 -17.67835 -3.47652 -14.83337 -18.31662 -3.47652 -17.42902 -15.23318 -3.47652 -17.33493 -98.51917 -3.47652 -25.64569 -77.71958 -3.47652 -23.55396 -22.72672 -3.47652 -4.00708 -21.68561 -3.47652 -7.892578 -23.0773 -3.47652 1.83105e-4 -22.72672 -3.47652 4.007446 -21.68561 -3.47652 7.892944 -19.9856 -3.47652 11.53864 -17.67835 -3.47652 14.83377 -14.83395 -3.47652 17.67813 -11.53885 -3.47652 19.98538 -362.2247 -3.47652 -4.280823 -353.3011 -3.47652 -6.715729 -340.2719 -3.47652 -9.178467 -318.2513 -3.47652 -12.86151 -298.5478 -3.47652 -16.09827 -283.0363 -3.47652 -17.83511 -267.5114 -3.47652 -19.46893 -240.2898 -3.47652 -22.60422 -220.0325 -3.47652 -23.85623 -191.7087 -3.47652 -25.44153 -180.9818 -3.47652 -26.08734 -170.2578 -3.47652 -26.39603 -118.3096 -3.47652 -26.37564 -374.1995 -3.47652 1.129852 -378.6987 -3.47652 4.234375 -385.1641 -3.47652 9.964203 -368.8727 -3.47652 -1.687195 19.9848 3.446558 11.53864 19.9848 10.36964 11.53864 17.67755 10.36964 14.83377 11.59167 0.5552311 -19.95398 11.53748 0.5411072 -19.98535 11.53806 10.36964 -19.98502 -19.9856 10.36964 -11.53827 -17.67835 10.36964 -14.83337 -11.59247 0.5552311 19.95432 -11.53824 0.5411072 19.98575 -11.53885 10.36964 19.98538 -11.9993 -3.221143 -19.71201 -11.95691 -3.165779 -19.73776 -11.53885 -10.3996 -19.98502 -12.04422 -3.263051 -19.6846 -12.44424 -3.402779 -19.4342 -12.30661 -3.376616 -19.52164 -12.56433 -3.418278 -19.35678 -12.23016 -3.355925 -19.56961 -12.18719 -3.341317 -19.59641 -12.11926 -3.311398 -19.63849 -12.10425 -3.303279 -19.64774 -12.07507 -3.285456 -19.66568 -11.92041 -3.098022 -19.7598 -11.88727 -3.006694 -19.77976 -11.84766 -2.821267 -19.80353 -11.8035 -2.248876 -19.82987 -11.84912 2.776948 -19.80264 -11.89285 2.981895 -19.77643 -11.53885 10.36964 -19.98502 -11.92612 3.072664 -19.75638 -11.9559 3.129872 -19.73837 -11.98154 3.167207 -19.72281 -11.99319 3.181684 -19.71573 -12.01749 3.208044 -19.70093 -12.03964 3.228456 -19.68738 -12.09409 3.267717 -19.65399 -12.14316 3.293976 -19.62372 -12.18384 3.311409 -19.59848 -12.26395 3.337755 -19.54846 -12.33722 3.355575 -19.50229 -12.52405 3.385982 -19.38287 -12.80121 3.410114 -19.20096 -14.83395 10.36964 -17.67777 -14.83395 -10.3996 -17.67777 -14.83392 -3.476119 -17.6778 -12.9859 -3.448195 -19.07654 -17.67835 -10.3996 -14.83337 -19.9856 -10.3996 -11.53827 -21.68561 -10.3996 -7.892578 -22.72672 -10.3996 -4.00708 -23.0773 -10.3996 1.83105e-4 -22.72672 -10.3996 4.007446 -21.68561 -10.3996 7.892944 -19.9856 -10.3996 11.53864 -17.67835 -10.3996 14.83377 -14.83395 -10.3996 17.67813 -11.53885 -10.3996 19.98538 -8.12143 -0.9522896 21.60092 -8.088807 -1.023197 21.61319 -7.893158 10.36964 21.6854 -8.432618 -0.6263123 21.48142 -8.267792 -0.7653856 21.54538 -8.176178 -0.8686447 21.58029 -10.37634 0.2121171 20.61289 -10.20123 0.1567983 20.7001 -9.606476 -0.04839324 20.98276 -8.87677 -0.3605995 21.30167 -11.28961 0.4751625 20.12723 -8.760132 -0.4215641 21.34995 -8.586518 -0.5222969 21.42032 -8.070466 -1.086303 21.62003 -8.0625 -1.145142 21.62302 -7.893158 -10.3996 21.6854 -14.83395 10.36964 17.67813 -14.83212 1.296223 17.67966 -13.83435 1.083541 18.47086 -17.67835 10.36964 14.83377 -19.9856 10.36964 11.53864 -19.98508 2.347375 11.53955 -19.00269 2.14309 13.09433 -17.67758 1.874926 14.83469 -16.76267 1.690798 15.86118 -21.68561 10.36964 7.892944 -22.72672 10.36964 4.007446 -22.72662 3.041391 4.008057 -22.2738 2.893745 6.036713 -21.68533 2.73522 7.893707 -20.96423 2.562512 9.647034 -23.0773 10.36964 1.83105e-4 -22.72672 10.36964 -4.00708 -22.72675 3.397045 -4.006958 -23.03174 3.321161 -1.449524 -23.0773 3.262794 6.10352e-4 -22.96231 3.146679 2.301147 -21.68561 10.36964 -7.892578 -21.68561 3.446202 -7.892548 -22.60947 3.410213 -4.623016 -14.83392 3.4465 -17.6778 11.9985 -3.221143 19.71237 11.95612 -3.165779 19.73813 11.53806 -10.3996 19.98538 12.04346 -3.263051 19.68497 12.44342 -3.402779 19.43454 12.30585 -3.376616 19.522 12.56354 -3.418278 19.35715 12.22937 -3.355925 19.56998 12.1864 -3.341317 19.59677 12.11847 -3.311398 19.63889 12.10345 -3.303279 19.6481 12.07428 -3.285456 19.66605 11.91962 -3.098022 19.76016 11.8865 -3.006694 19.78012 11.84686 -2.821267 19.80393 11.8027 -2.248876 19.83023 11.78912 -1.168827 19.83835 11.78903 0.9080963 19.83835 11.84833 2.776948 19.80301 11.89206 2.981895 19.77676 11.53806 10.36964 19.98538 11.92532 3.072664 19.75675 11.95511 3.129872 19.73874 11.98074 3.167207 19.72318 11.9924 3.181684 19.7161 12.01666 3.208044 19.70133 12.03888 3.228456 19.68778 12.09332 3.267717 19.65439 12.14239 3.293976 19.62412 12.18304 3.311409 19.59885 12.26318 3.337755 19.54886 12.33643 3.355575 19.50266 12.52325 3.385982 19.38321 12.80041 3.410114 19.20133 14.83319 10.36964 17.67813 17.67755 -3.47652 14.83377 15.23236 -3.47652 17.3353 14.83319 -10.3996 17.67813 14.83313 -3.476119 17.67819 12.98511 -3.448195 19.07687 17.67755 -10.3996 14.83377 19.9848 -10.3996 11.53864 19.9848 -3.47652 11.53864 21.68482 -10.3996 7.892944 21.68482 -3.47652 7.892944 22.72595 -10.3996 4.007446 22.72595 -3.47652 4.007446 23.07654 -10.3996 1.83105e-4 23.07654 -3.47652 1.83105e-4 22.72595 -10.3996 -4.00708 22.72595 -3.47652 -4.00708 21.68482 -10.3996 -7.892578 21.68482 -3.47652 -7.892578 19.9848 -10.3996 -11.53827 19.9848 -3.47652 -11.53827 17.67755 -10.3996 -14.83337 17.67755 -3.47652 -14.83337 14.83319 -10.3996 -17.67777 14.83319 -3.47652 -17.67777 11.53806 -10.3996 -19.98502 11.53806 -3.47652 -19.98502 8.120667 -0.9522896 -21.60059 8.088013 -1.023197 -21.61282 7.892364 10.36964 -21.68503 8.431824 -0.6263123 -21.48102 8.266999 -0.7653856 -21.54498 8.175385 -0.8686447 -21.57993 10.37555 0.2121171 -20.61252 10.20044 0.1567983 -20.69974 9.605683 -0.04839324 -20.98236 8.875977 -0.3605995 -21.30133 11.28882 0.4751625 -20.12686 8.759339 -0.4215641 -21.34955 8.585724 -0.5222969 -21.41995 8.069672 -1.086303 -21.61966 8.061707 -1.145142 -21.62265 8.060975 -1.168827 -21.62293 8.060975 -3.47652 -21.62293 7.892364 -10.3996 -21.68503 14.83319 10.36964 -17.67777 14.83136 1.296223 -17.67929 13.83356 1.083541 -18.47049 17.67755 10.36964 -14.83337 19.9848 10.36964 -11.53827 19.98431 2.347375 -11.53918 19.00189 2.14309 -13.09399 17.67676 1.874926 -14.83429 16.7619 1.690798 -15.86078 21.68482 10.36964 -7.892578 22.72595 10.36964 -4.00708 22.72583 3.041391 -4.00769 22.27301 2.893745 -6.036346 21.68457 2.73522 -7.893341 20.96344 2.562512 -9.646668 23.07654 10.36964 1.83105e-4 22.72595 10.36964 4.007446 22.72595 3.397045 4.007324 23.03095 3.321161 1.44989 23.07654 3.262794 -2.44141e-4 22.96155 3.146679 -2.300781 21.68482 10.36964 7.892944 21.55359 3.446558 8.244568 21.68482 3.446202 7.892914 22.6087 3.410213 4.623383 14.83313 3.4465 17.67813 14.97192 3.446558 17.56082 17.67755 3.446558 14.83377 4.006866 -10.3996 -22.72614 4.006866 10.36964 -22.72614 -3.96729e-4 -10.3996 -23.07675 -3.96729e-4 10.36964 -23.07675 -4.00766 -10.3996 -22.72614 -4.00766 10.36964 -22.72614 -7.893158 -10.3996 -21.68503 -7.893158 10.36964 -21.68503 -4.00766 -10.3996 22.72653 -4.00766 10.36964 22.72653 -3.96729e-4 -10.3996 23.07712 -3.96729e-4 10.36964 23.07712 4.006866 -10.3996 22.72653 4.006866 10.36964 22.72653 7.892364 -10.3996 21.6854 7.892364 10.36964 21.6854 1.578155 -10.3996 -4.336853 2.307312 -10.3996 -3.996857 2.966309 -10.3996 -3.5354 3.535187 -10.3996 -2.966522 3.996643 -10.3996 -2.307495 4.336639 -10.3996 -1.578369 4.544861 -10.3996 -0.8012695 4.61499 -10.3996 1.83105e-4 4.544861 -10.3996 0.8016358 4.336639 -10.3996 1.578735 3.996643 -10.3996 2.307892 3.535187 -10.3996 2.966888 2.966309 -10.3996 3.535767 2.307312 -10.3996 3.997223 1.578155 -10.3996 4.337219 0.8010559 -10.3996 4.545441 -3.96729e-4 -10.3996 4.61557 -0.8018494 -10.3996 4.545441 -1.578949 -10.3996 4.337219 -2.308075 -10.3996 3.997223 -2.967102 -10.3996 3.535767 -3.53598 -10.3996 2.966888 -3.997437 -10.3996 2.307892 -4.337433 -10.3996 1.578735 -4.545654 -10.3996 0.8016358 -4.615784 -10.3996 1.83105e-4 -4.545654 -10.3996 -0.8012695 -4.337433 -10.3996 -1.578369 -3.997437 -10.3996 -2.307495 -3.53598 -10.3996 -2.966522 -2.967102 -10.3996 -3.5354 -2.308075 -10.3996 -3.996857 -1.578949 -10.3996 -4.336853 -0.8018494 -10.3996 -4.545074 -3.96729e-4 -10.3996 -4.615204 0.8010559 -10.3996 -4.545074 -3.96729e-4 10.36964 4.61557 0.8010559 10.36964 4.545441 1.578155 10.36964 4.337219 2.307312 10.36964 3.997223 2.966309 10.36964 3.535767 3.535187 10.36964 2.966888 3.996643 10.36964 2.307892 4.336639 10.36964 1.578735 4.544861 10.36964 0.8016358 4.61499 10.36964 1.83105e-4 4.544861 10.36964 -0.8012695 4.336639 10.36964 -1.578369 3.996643 10.36964 -2.307495 3.535187 10.36964 -2.966522 2.966309 10.36964 -3.5354 2.307312 10.36964 -3.996857 1.578155 10.36964 -4.336853 0.8010559 10.36964 -4.545074 -3.96729e-4 10.36964 -4.615204 -0.8018494 10.36964 -4.545074 -1.578949 10.36964 -4.336853 -2.308075 10.36964 -3.996857 -2.967102 10.36964 -3.5354 -3.53598 10.36964 -2.966522 -3.997437 10.36964 -2.307495 -4.337433 10.36964 -1.578369 -4.545654 10.36964 -0.8012695 -4.615784 10.36964 1.83105e-4 -4.545654 10.36964 0.8016358 -4.337433 10.36964 1.578735 -3.997437 10.36964 2.307892 -3.53598 10.36964 2.966888 -2.967102 10.36964 3.535767 -2.308075 10.36964 3.997223 -1.578949 10.36964 4.337219 -0.8018494 10.36964 4.545441 384.0374 -3.403402 -6.046448 384.2629 1.944703 -6.427521 383.8892 -3.382033 -5.807556 384.0615 1.985519 -6.086212 383.784 -3.361884 -5.642578 383.7661 2.016088 -5.61496 383.6874 -3.33811 -5.494324 383.8353 2.013119 -5.722473 384.0059 1.994355 -5.994995 383.1629 1.491385 -4.7341 383.1241 1.228279 -4.680481 383.4277 0.8253346 -5.109253 383.0856 0.5296307 -4.627686 383.6809 2.01461 -5.484405 383.6923 2.015185 -5.501739 383.754 2.016252 -5.596252 383.6303 2.010441 -5.408112 383.5468 1.996446 -5.283508 383.5146 1.987987 -5.236023 383.4655 1.970573 -5.164124 383.441 1.959431 -5.12854 383.377 1.920094 -5.036072 383.3704 1.915069 -5.026733 383.3147 1.86117 -4.947174 383.2723 1.802718 -4.887238 383.2337 1.729042 -4.832825 383.1998 1.638279 -4.785522 383.3919 -2.253468 -5.057587 383.4271 -3.223007 -5.108398 383.4639 -3.246719 -5.161835 383.1218 -2.501721 -4.677368 383.1516 -2.707052 -4.718414 383.1851 -2.851553 -4.765015 383.2192 -2.952071 -4.812561 383.2584 -3.034957 -4.867493 383.307 -3.10959 -4.936157 383.3671 -3.1752 -5.022003 383.5418 -3.286971 -5.276123 383.6232 -3.318472 -5.397461 383.0765 -0.3655825 -4.615204 383.0765 -1.168827 -4.615173 383.0891 -2.019642 -4.632446 384.0464 -3.404518 -6.06134 384.1059 -3.411399 -6.159973 384.4307 1.901355 -6.727325 384.426 -3.438508 -6.718689 384.5534 1.864796 -6.956757 385.7276 -3.47652 -10.84357 385.7163 1.062625 -10.65472 385.6982 -3.47652 -10.453 385.6992 1.11172 -10.46335 385.5817 -3.475641 -9.711091 385.597 1.279611 -9.786255 385.5031 -3.47458 -9.369416 385.4619 1.414103 -9.212372 385.2576 -3.469971 -8.558381 385.2579 1.558114 -8.559266 385.015 -3.463729 -7.931702 384.8923 1.74124 -7.651001 384.8353 1.764531 -7.526916 385.6936 -3.47652 -11.84039 385.7077 0.7789011 -11.70715 385.7276 1.013411 -10.84375 384.6478 -0.1358957 -14.51804 384.6793 -0.118577 -14.47317 384.7188 -3.47652 -14.41565 385.1784 0.1895408 -13.61822 385.1934 -3.47652 -13.58655 385.5078 0.468811 -12.75732 385.5078 -3.47652 -12.75717 385.5307 0.4937487 -12.6766 385.6936 0.741128 -11.84055 384.2073 -0.3661184 -15.07761 384.0252 -3.47652 -15.27951 384.0239 -0.4585896 -15.28085 383.4434 -0.7694798 -15.84457 383.5525 -0.7054157 -15.74637 383.3828 -0.8076925 -15.89786 383.1469 -1.003731 -16.09668 383.18 -0.9668436 -16.06952 383.0765 -3.47652 -16.15366 383.0765 -1.168827 -16.15366 383.0783 -1.143924 -16.15222 383.0833 -1.119432 -16.14822 383.0934 -1.089889 -16.14008 383.1121 -1.052933 -16.12497 383.2174 -0.931138 -16.03857 383.2904 -0.8717823 -15.97726 383.6495 -0.6518011 -15.65631 383.8842 -0.5292902 -15.42657 362.4925 -1.168827 -21.90103 364.8103 -1.168827 -21.59583 364.8103 -3.47652 -21.59583 375.2706 -1.168827 -19.28098 375.2706 -3.47652 -19.28098 371.0781 -1.168827 -20.42151 350.4157 -1.168827 -22.7681 350.4157 -3.47652 -22.7681 319.4247 -1.168827 -24.32111 309.6641 -3.47652 -25.02219 309.6641 -1.168827 -25.02219 290.3518 -1.168827 -26.84723 274.5883 -3.47652 -28.71823 274.5883 -1.168827 -28.71823 259.4102 -1.168827 -30.37759 248.4564 -3.47652 -31.18436 248.4564 -1.168827 -31.18436 229.7729 -1.168827 -32.41205 217.8765 -3.47652 -33.38074 217.8765 -1.168827 -33.38074 206.588 -1.168827 -34.40674 199.2172 -3.47652 -35.3027 199.2172 -1.168827 -35.3027 191.5122 -1.168827 -36.59054 177.6746 -3.47652 -38.97751 177.6746 -1.168827 -38.97751 171.0939 -1.168827 -39.52188 166.9063 -3.47652 -39.6124 166.9063 -1.168827 -39.6124 158.8118 -1.168827 -39.42535 147.9221 -3.47652 -38.89319 147.9221 -1.168827 -38.89319 128.0559 -3.47652 -37.66397 128.0559 -1.168827 -37.66397 114.0029 -3.47652 -35.94183 114.0029 -1.168827 -35.94183 124.7315 -1.168827 -37.37427 69.94751 -3.47652 -22.56577 98.99274 -1.168827 -32.14542 98.99274 -3.47652 -32.14542 100.7911 -1.168827 -32.69079 112.9464 -1.168827 -35.74399 56.82428 -1.168827 -19.13977 59.94653 -1.168827 -19.76218 59.94653 -3.47652 -19.76218 64.29004 -1.168827 -20.86063 69.94751 -1.168827 -22.56577 51.98773 -1.168827 -18.53375 51.98773 -3.47652 -18.53375 43.95941 -3.47652 -18.647 30.86749 -3.47652 -20.61789 34.83191 -1.168827 -19.92239 43.95941 -1.168827 -18.647 19.72211 -1.168827 -22.16229 28.89636 -1.168827 -20.95789 30.86749 -1.168827 -20.61789 19.72211 -3.47652 -22.16229 12.89783 -3.47652 -22.23993 12.89783 -1.168827 -22.23993 344.9279 -1.168827 10.9538 353.8592 -1.168827 9.19162 352.1198 0.9080963 9.572541 370.0939 -1.168827 3.919556 367.5064 0.8046665 5.043426 363.0203 -1.168827 6.691406 361.7025 0.8810234 7.114166 359.5548 -1.168827 7.752228 359.555 0.8940468 7.752228 356.3248 0.9046574 8.60849 380.2611 -1.168827 -2.233826 377.5124 0.3316078 -0.2375793 376.8671 -1.168827 0.1901855 375.2935 0.4975882 1.174896 370.0949 0.7376118 3.919067 18.64002 0.9080963 19.98312 18.21582 -1.168827 19.96591 28.44702 0.9080963 20.63028 28.44702 -1.168827 20.63028 35.53985 0.9080963 21.32468 48.05682 -1.168827 22.76236 48.05682 0.9080963 22.76236 83.36188 -1.168827 26.76627 83.36188 0.9080963 26.76627 97.76136 -1.168827 28.13706 120.6834 0.9080963 28.92288 118.8189 0.9080963 28.91733 118.2933 -1.168827 28.9144 108.316 0.9080963 28.70987 97.76136 0.9080963 28.13706 120.6834 -1.168827 28.92288 166.3358 -1.168827 28.94528 166.3358 0.9080963 28.94528 180.4321 -1.168827 28.65543 180.4321 0.9080963 28.65543 208.0156 -1.168827 26.98642 208.0156 0.9080963 26.98642 220.1455 -1.168827 26.39243 236.4033 0.9080963 25.48843 238.9929 -1.168827 25.27286 238.9929 0.9080963 25.27286 240.5286 -1.168827 25.13181 256.7471 0.9080963 23.2847 267.7934 -1.168827 21.99197 287.5202 0.9080963 19.93283 283.2885 -1.168827 20.3613 287.5202 -1.168827 19.93283 344.9279 0.9080963 10.9538 313.0152 0.9080963 16.36038 313.0152 -1.168827 16.36038 309.1044 0.9080963 17.03604 298.8857 -1.168827 18.61441 298.4567 0.9080963 18.67178 287.7767 0.9080963 19.90628 43.48834 3.446558 11.4039 35.7857 3.446558 19.03024 52.94507 3.446558 11.46631 61.7923 3.446558 21.97818 53.93201 3.446558 11.40384 61.93628 3.446558 10.42108 41.36743 3.446558 11.24081 29.73364 3.446558 9.6409 26.0979 3.446558 9.00351 335.1636 3.446558 10.26288 351.6395 3.446558 7.315369 327.8217 3.446558 6.279755 18.73639 3.446558 17.67746 308.7185 3.446558 14.76083 302.1776 3.446558 4.46936 298.1525 3.446558 16.38388 97.97864 3.446558 25.83902 81.03437 3.446558 5.381866 77.21906 3.446558 23.72751 72.33521 3.446558 8.040436 65.22992 3.446558 9.788819 287.5393 3.446558 17.61087 293.6326 3.446558 3.673492 256.4685 3.446558 20.99387 169.8218 3.446558 -9.54892 164.8442 3.446558 26.63217 173.7923 3.446558 -9.229004 175.8455 3.446558 26.52408 271.8823 3.446558 1.173431 257.3688 3.446558 -0.43927 236.2245 3.446558 23.18747 227.4806 3.446558 -2.499786 215.0768 3.446558 24.31571 223.6093 3.446558 -2.803802 186.8566 3.446558 25.98752 202.0541 3.446558 -4.720734 185.4091 3.446558 -7.212372 163.4017 3.446558 -9.568451 141.4873 3.446558 -8.49228 118.8303 3.446558 26.60965 133.1879 3.446558 -7.964294 127.5761 3.446558 -7.509521 120.7733 3.446558 -6.665527 118.6357 3.446558 -6.288361 108.4003 3.446558 26.40372 109.0353 3.446558 -3.843475 92.37421 3.446558 1.615051 18.31586 -3.47652 17.42941 27.11218 -3.47652 17.9711 50.5556 -3.47652 20.49735 98.51837 -3.47652 25.64603 77.71875 -3.47652 23.55429 362.2239 -3.47652 4.281189 353.3003 -3.47652 6.716095 340.2711 -3.47652 9.178864 318.2506 -3.47652 12.86185 298.547 -3.47652 16.0986 283.0355 -3.47652 17.83548 267.5107 -3.47652 19.46933 240.289 -3.47652 22.60458 220.0317 -3.47652 23.8566 191.7079 -3.47652 25.44193 180.9811 -3.47652 26.08768 170.2571 -3.47652 26.39639 118.3088 -3.47652 26.37601 374.1987 -3.47652 -1.129486 378.6979 -3.47652 -4.234009 385.1633 -3.47652 -9.963807 368.8719 -3.47652 1.687561 -187.461 3.280765 14.93552 -374.5314 3.005331 1.181427 -376.7966 2.640457 4.687714 -372.6412 2.746228 5.283874 -380.4348 1.819723 9.494355 -380.3357 2.378901 5.438812 -382.7625 0.4600582 14.15329 -383.0864 0.1265478 14.80154 -383.2854 -0.1360149 15.19968 -383.4949 -0.5266581 15.61917 -377.3627 -0.8754425 18.51895 -377.3735 -0.9684363 18.54947 -10.31296 -0.368146 21.53317 -10.41168 0.1265478 20.78879 -14.2818 1.046591 18.62039 -18.8891 1.819723 15.06607 -26.54514 2.746228 7.042938 -25.22537 3.280765 -0.7650757 -27.70746 1.819723 13.91959 -19.13175 1.046591 18.51401 -14.22443 0.4600582 20.37106 -14.20071 0.1265478 21.09531 -10.33127 -1.059022 21.98587 -377.38 -1.055902 18.56766 -377.3051 -1.060417 18.59506 -381.9797 1.046591 12.5864 -359.8899 3.280765 0.02438354 -363.2012 3.398362 -4.142212 -366.0465 3.280765 -1.026886 -367.3213 3.326287 -2.544464 -368.6665 3.289366 -1.948853 -31.08865 3.280765 -1.787842 -37.64142 3.280765 -2.808472 -44.00748 3.280765 -3.451874 -52.49692 3.280765 -3.510071 -60.57922 3.280765 -2.568756 -70.19907 3.280765 -0.3633728 -82.87982 -1.057335 26.83395 -79.90644 3.280765 2.63092 -89.83115 3.280765 5.93692 -107.0887 3.280765 11.57883 -117.1253 3.280765 14.11264 -126.8213 3.280765 15.4426 -141.0207 3.280765 16.44748 -159.7374 3.280765 17.41373 -170.1605 3.280765 17.51071 -178.3182 3.280765 16.6218 -228.0903 3.280765 10.4454 -257.4367 3.280765 8.435151 -272.8439 3.280765 6.737366 -287.907 3.280765 4.952332 -302.8542 3.280765 3.470886 -317.9368 3.280765 2.340393 -349.3312 3.280765 0.7628784 -359.3932 3.429881 -5.365936 -361.0234 3.419125 -4.868134 -14.16153 -1.055902 22.29154 -10.25433 -1.055902 21.97525 -14.08459 -1.063365 22.29007 -19.45587 -1.078886 22.17661 -28.89706 -1.140443 20.95767 -34.83267 -1.140347 19.9227 -19.25473 0.4600582 20.26132 -28.57544 0.4600582 19.05478 -28.28351 1.046591 17.32767 -34.50473 0.4600582 18.02091 -34.20703 1.046591 16.29477 -45.31506 0.4600582 16.60654 -19.38962 -1.055902 22.17807 -28.89566 -1.055902 20.94943 -34.83127 -1.055902 19.91446 -45.36166 -1.064162 18.53037 -45.44006 -1.055902 18.52396 -51.3302 -1.070709 18.48386 -51.25629 -1.055902 18.47739 -56.8266 -1.055902 19.1315 -56.82513 -1.140564 19.1398 -64.29099 -1.140347 20.86057 -64.29325 -1.055902 20.85245 -72.99207 -1.059734 23.54056 -73.06967 -1.055902 23.56528 -82.80078 -1.055902 26.8071 -100.7944 -1.055902 32.68271 -100.792 -1.140413 32.69076 -112.9473 -1.140385 35.74368 -112.9489 -1.055902 35.73544 -124.7323 -1.140297 37.37436 -139.8122 -1.057571 38.43716 -124.7331 -1.055902 37.366 -139.7291 -1.055902 38.43204 -158.8129 -1.055902 39.41684 -171.0947 -1.14021 39.52194 -158.8126 -1.140437 39.4252 -33.61963 1.819723 12.88852 -32.43442 2.746228 6.015778 -39.60391 1.819723 11.95456 -38.6849 2.746228 5.041229 -44.97626 1.819723 11.40948 -44.52258 2.746228 4.450104 -51.65793 1.819723 11.35919 -52.05081 2.746228 4.396088 -58.04147 1.819723 12.10623 -59.22986 2.746228 5.234131 -66.20517 1.819723 13.98404 -68.07547 2.746228 7.26532 -75.28299 1.819723 16.788 -77.44809 2.746228 10.15842 -85.07678 1.819723 20.05057 -87.30319 2.746228 13.44131 -102.8321 1.819723 25.85056 -104.8254 2.746228 19.16727 -114.301 1.819723 28.73532 -115.6236 2.746228 21.88773 -125.4091 1.819723 30.26852 -126.0704 2.746228 23.32571 -140.1472 1.819723 31.31479 -140.5563 2.746228 24.35263 -159.1122 1.819723 32.29355 -159.405 2.746228 25.32553 -170.792 1.819723 32.39035 -170.4963 2.746228 25.42246 -180.7402 1.819723 31.31656 -179.606 2.746228 24.43521 -190.2001 1.819723 29.57437 -206.5888 -1.140525 34.40652 -191.5129 -1.140503 36.59061 -181.819 -1.058221 38.3649 -188.9174 2.746228 22.71915 -195.8492 3.280765 13.52914 -204.298 3.280765 12.49509 -229.7737 -1.140491 32.41189 -259.4109 -1.140443 30.37741 -10.35318 -0.1360149 21.22995 -14.18613 -0.1360149 21.54013 -19.33685 -0.1360149 21.42807 -19.3056 0.1265478 20.98416 -28.77039 -0.1360149 20.2081 -28.6962 0.1265478 19.76932 -34.70349 -0.1360149 19.17355 -34.62787 0.1265478 18.73502 -45.39114 -0.1360149 17.77371 -45.36218 0.1265478 17.32962 -51.29864 -0.1360149 17.72678 -51.3237 0.1265478 17.28244 -56.95468 -0.1360149 18.39066 -57.03052 0.1265478 17.95218 -64.49485 -0.1360149 20.12814 -64.6142 0.1265478 19.69943 -73.30304 -0.1360149 22.85062 -73.44123 0.1265478 22.42758 -83.0408 -0.1360149 26.09464 -83.18286 0.1265478 25.67288 -101.0093 -0.1360149 31.96225 -101.1365 0.1265478 31.5358 -113.0915 -0.1360149 34.99728 -113.1758 0.1265478 34.56033 -124.8044 -0.1360149 36.61758 -124.8466 0.1265478 36.17453 -139.7732 -0.1360149 37.68155 -139.7993 0.1265478 37.23727 -158.8445 -0.1360149 38.66568 -158.8632 0.1265478 38.22104 -171.0625 -0.1360149 38.76242 -171.0436 0.1265478 38.31778 -181.7774 -0.1360149 37.6094 -181.705 0.1265478 37.17032 -191.3731 -0.1360149 35.84335 -191.2913 0.1265478 35.40591 -206.5097 -0.1360149 33.65048 -206.4634 0.1265478 33.20779 -229.7156 -0.1360149 31.6539 -229.6816 0.1265478 31.21011 -259.3428 -0.1360149 29.62027 -259.3029 0.1265478 29.17697 -275.4089 -0.1360149 27.85281 -275.3552 0.1265478 27.41104 -290.2682 -0.1360149 26.09152 -362.4932 -1.140388 21.90103 -350.1921 -1.140443 22.77707 -319.4254 -1.140507 24.32089 -290.3526 -1.140502 26.84708 -275.5005 -1.140443 28.60751 -371.0789 -1.1401 20.42197 -196.9732 2.746228 21.36771 -205.1214 2.746228 20.37094 -228.6954 2.746228 18.34097 -258.1463 2.746228 16.32205 -273.7988 2.746228 14.59836 -288.786 2.746228 12.82217 -303.5257 2.746228 11.36111 -318.4719 2.746228 10.24106 -349.6407 2.746228 8.675629 -360.8256 2.746228 7.887695 -367.8554 2.746228 6.682678 -370.8134 3.212103 -0.9109802 -371.077 -1.055902 20.41379 -362.4923 -1.055902 21.89267 -350.1918 -1.055902 22.76865 -319.4248 -1.055902 24.31253 -290.3516 -1.055902 26.83872 -275.4995 -1.055902 28.59915 -259.4101 -1.055902 30.36905 -229.7731 -1.055902 32.40347 -206.5879 -1.055902 34.39816 -191.5114 -1.055902 36.5823 -181.8997 -1.055902 38.35123 -171.0943 -1.055902 39.51358 -10.25687 -0.9684363 21.95609 -14.16214 -0.9684363 22.27225 -19.38828 -0.9684363 22.15878 -28.89246 -0.9684363 20.93039 -34.82797 -0.9684363 19.89542 -45.43878 -0.9684363 18.50467 -51.25738 -0.9684363 18.4581 -56.82986 -0.9684363 19.11246 -64.2984 -0.9684363 20.83383 -73.07566 -0.9684363 23.54691 -82.80695 -0.9684363 26.78879 -100.7999 -0.9684363 32.66421 -112.9525 -0.9684363 35.71646 -124.7349 -0.9684363 37.34677 -139.7302 -0.9684363 38.41275 -158.8137 -0.9684363 39.39755 -171.0935 -0.9684363 39.49429 -181.8965 -0.9684363 38.33218 -191.5078 -0.9684363 36.56332 -206.5859 -0.9684363 34.379 -229.7716 -0.9684363 32.38425 -259.4084 -0.9684363 30.34982 -275.4972 -0.9684363 28.57999 -290.3495 -0.9684363 26.81949 -319.4235 -0.9684363 24.29324 -350.1911 -0.9684363 22.74936 -362.4899 -0.9684363 21.87351 -371.0726 -0.9684363 20.39499 -10.26111 -0.8754425 21.92398 -14.16321 -0.8754425 22.23984 -19.38599 -0.8754425 22.1265 -28.88706 -0.8754425 20.89841 -34.82248 -0.8754425 19.8635 -45.43667 -0.8754425 18.47232 -51.25918 -0.8754425 18.42575 -56.83539 -0.8754425 19.08054 -64.3071 -0.8754425 20.80264 -73.08573 -0.8754425 23.51614 -82.81729 -0.8754425 26.75809 -100.8091 -0.8754425 32.63315 -112.9587 -0.8754425 35.68466 -124.738 -0.8754425 37.31454 -139.7321 -0.8754425 38.38046 -158.8151 -0.8754425 39.3652 -171.0921 -0.8754425 39.46194 -181.8913 -0.8754425 38.3002 -191.5019 -0.8754425 36.53152 -206.5825 -0.8754425 34.34677 -229.7691 -0.8754425 32.35196 -259.4055 -0.8754425 30.31754 -275.4933 -0.8754425 28.54782 -290.3459 -0.8754425 26.78732 -319.4213 -0.8754425 24.26096 -350.1898 -0.8754425 22.71701 -362.4862 -0.8754425 21.84134 -371.0652 -0.8754425 20.36343 -10.26761 -0.7737951 21.87497 -14.16483 -0.7737951 22.19046 -19.38254 -0.7737951 22.07718 -28.87882 -0.7737951 20.8497 -34.81409 -0.7737951 19.81479 -45.43347 -0.7737951 18.42307 -51.26199 -0.7737951 18.37644 -56.84381 -0.7737951 19.03183 -64.32035 -0.7737951 20.75504 -73.10105 -0.7737951 23.46921 -82.83307 -0.7737951 26.71127 -100.8233 -0.7737951 32.58578 -112.9681 -0.7737951 35.63614 -124.7427 -0.7737951 37.26535 -139.735 -0.7737951 38.33108 -158.8172 -0.7737951 39.31583 -171.0901 -0.7737951 39.41257 -181.8832 -0.7737951 38.25143 -191.4928 -0.7737951 36.48294 -206.5774 -0.7737951 34.29764 -229.7653 -0.7737951 32.30264 -259.401 -0.7737951 30.26834 -275.4873 -0.7737951 28.49875 -290.3404 -0.7737951 26.73819 -319.418 -0.7737951 24.21164 -350.1879 -0.7737951 22.66763 -362.4803 -0.7737951 21.79227 -371.0539 -0.7737951 20.31534 -377.3461 -0.7737951 18.47244 -10.27725 -0.6594076 21.8024 -14.16724 -0.6594076 22.11728 -19.37738 -0.6594076 22.00418 -28.86661 -0.6594076 20.77756 -34.80163 -0.6594076 19.74265 -45.42871 -0.6594076 18.35001 -51.26611 -0.6594076 18.30338 -56.85629 -0.6594076 18.95975 -64.33997 -0.6594076 20.68448 -73.12378 -0.6594076 23.39957 -82.85645 -0.6594076 26.64188 -100.8442 -0.6594076 32.51565 -112.9819 -0.6594076 35.5643 -124.7496 -0.6594076 37.19241 -139.7393 -0.6594076 38.25802 -158.8202 -0.6594076 39.24264 -171.0869 -0.6594076 39.33938 -181.8713 -0.6594076 38.17923 -191.4793 -0.6594076 36.41098 -206.5698 -0.6594076 34.22482 -229.7597 -0.6594076 32.22964 -259.3945 -0.6594076 30.1954 -275.4785 -0.6594076 28.42612 -290.3323 -0.6594076 26.66544 -319.413 -0.6594076 24.13858 -350.185 -0.6594076 22.59445 -362.4716 -0.6594076 21.71957 -371.0372 -0.6594076 20.24405 -377.3215 -0.6594076 18.40347 -383.5434 -0.6594076 15.71628 -10.2915 -0.5266581 21.69486 -14.17078 -0.5266581 22.00888 -19.36978 -0.5266581 21.89591 -28.84854 -0.5266581 20.67056 -34.7832 -0.5266581 19.63571 -45.42166 -0.5266581 18.24173 -51.27222 -0.5266581 18.19504 -56.87479 -0.5266581 18.85281 -64.36908 -0.5266581 20.57999 -73.15747 -0.5266581 23.29642 -82.89109 -0.5266581 26.53903 -100.8752 -0.5266581 32.41165 -113.0025 -0.5266581 35.45773 -124.7599 -0.5266581 37.08444 -139.7456 -0.5266581 38.14969 -158.8248 -0.5266581 39.13425 -171.0824 -0.5266581 39.23099 -181.8537 -0.5266581 38.07217 -191.4594 -0.5266581 36.30435 -206.5585 -0.5266581 34.11691 -229.7514 -0.5266581 32.12149 -259.3848 -0.5266581 30.08731 -275.4654 -0.5266581 28.31839 -290.3202 -0.5266581 26.55765 -319.4057 -0.5266581 24.03037 -350.1807 -0.5266581 22.48605 -362.4588 -0.5266581 21.61185 -371.0124 -0.5266581 20.1384 -377.285 -0.5266581 18.30124 -14.17612 -0.368146 21.84586 -19.35831 -0.368146 21.73325 -28.82135 -0.368146 20.50974 -34.75549 -0.368146 19.47501 -45.41104 -0.368146 18.07895 -51.2814 -0.368146 18.0322 -56.90256 -0.368146 18.69211 -64.41281 -0.368146 20.42288 -73.2081 -0.368146 23.14139 -82.94315 -0.368146 26.38449 -100.9218 -0.368146 32.2554 -113.0335 -0.368146 35.29764 -124.7754 -0.368146 36.92209 -139.7552 -0.368146 37.98691 -158.8316 -0.368146 38.97134 -171.0754 -0.368146 39.06808 -181.8272 -0.368146 37.91122 -191.4294 -0.368146 36.14401 -206.5415 -0.368146 33.95468 -229.739 -0.368146 31.95889 -259.3702 -0.368146 29.9249 -275.4458 -0.368146 28.15646 -290.3021 -0.368146 26.39554 -319.3947 -0.368146 23.86765 -350.1744 -0.368146 22.32309 -362.4396 -0.368146 21.44986 -370.9751 -0.368146 19.97965 -377.2302 -0.368146 18.14768 -383.422 -0.368146 15.4733 -319.374 -0.1360149 23.56247 -350.1624 -0.1360149 22.01743 -362.4034 -0.1360149 21.14615 -370.9053 -0.1360149 19.68185 -377.1274 -0.1360149 17.85953 -290.2188 0.1265478 25.64926 -304.6202 0.1265478 24.22147 -319.344 0.1265478 23.11844 -350.145 0.1265478 21.57272 -362.3508 0.1265478 20.70419 -370.8036 0.1265478 19.24857 -376.9779 0.1265478 17.4404 -51.36453 0.4600582 16.55899 -57.15399 0.4600582 17.23813 -64.8085 0.4600582 19.00131 -73.66617 0.4600582 21.73874 -83.41419 0.4600582 24.98618 -101.3436 0.4600582 30.8414 -113.3133 0.4600582 33.84885 -124.9153 0.4600582 35.45315 -139.8418 0.4600582 36.51388 -158.8936 0.4600582 37.49704 -171.0129 0.4600582 37.59378 -181.5872 0.4600582 36.45529 -191.158 0.4600582 34.69363 -206.3881 0.4600582 32.48709 -229.6262 0.4600582 30.48764 -259.2379 0.4600582 28.45529 -275.2678 0.4600582 26.69168 -290.1383 0.4600582 24.92911 -304.5587 0.4600582 23.49948 -319.295 0.4600582 22.39542 -350.1167 0.4600582 20.8486 -362.2652 0.4600582 19.98465 -370.6381 0.4600582 18.54306 -376.7344 0.4600582 16.7579 -40.05939 1.046591 15.38089 -45.20111 1.046591 14.85861 -51.46323 1.046591 14.81015 -57.45248 1.046591 15.51212 -65.27826 1.046591 17.31387 -74.20996 1.046591 20.0737 -83.97336 1.046591 23.3262 -101.8442 1.046591 29.16281 -113.6455 1.046591 32.129 -125.0814 1.046591 33.70944 -139.9445 1.046591 34.76529 -158.9671 1.046591 35.74698 -170.9386 1.046591 35.84378 -181.3023 1.046591 34.72702 -190.8358 1.046591 32.97189 -206.206 1.046591 30.74503 -229.4924 1.046591 28.74112 -259.0809 1.046591 26.71072 -275.0566 1.046591 24.95285 -289.9439 1.046591 23.18832 -304.4102 1.046591 21.75418 -319.1766 1.046591 20.64786 -350.0483 1.046591 19.09836 -362.0582 1.046591 18.24527 -370.238 1.046591 16.83774 -376.1459 1.046591 15.10812 -205.8466 1.819723 27.30728 -229.2283 1.819723 25.29477 -258.7713 1.819723 23.26816 -274.6398 1.819723 21.52164 -289.5602 1.819723 19.75321 -304.1171 1.819723 18.31015 -318.9431 1.819723 17.19925 -349.9132 1.819723 15.6445 -361.6498 1.819723 14.81302 -369.4484 1.819723 13.47256 -374.9845 1.819723 11.8526 187.4602 3.280765 -14.93512 374.5306 3.005331 -1.18103 376.7958 2.640457 -4.687347 372.6405 2.746228 -5.283508 380.4341 1.819723 -9.493988 380.3349 2.378901 -5.438446 382.7617 0.4600582 -14.15295 383.0856 0.1265478 -14.80118 383.2846 -0.1360149 -15.19928 383.4942 -0.5266581 -15.6188 377.3619 -0.8754425 -18.51859 377.3728 -0.9684363 -18.5491 10.31216 -0.368146 -21.53281 10.41092 0.1265478 -20.78839 14.28101 1.046591 -18.62003 18.88831 1.819723 -15.0657 26.54437 2.746228 -7.042572 25.22461 3.280765 0.7654419 27.70667 1.819723 -13.91919 19.13098 1.046591 -18.51364 14.22363 0.4600582 -20.3707 14.19989 0.1265478 -21.09494 10.33047 -1.059022 -21.9855 377.3792 -1.055902 -18.56729 377.3043 -1.060417 -18.5947 381.9789 1.046591 -12.58603 359.8891 3.280765 -0.02401733 363.2004 3.398362 4.142609 366.0457 3.280765 1.027252 367.3206 3.326287 2.54483 368.6657 3.289366 1.949249 31.08789 3.280765 1.788208 37.64062 3.280765 2.808838 44.00665 3.280765 3.45224 52.49615 3.280765 3.510437 60.57843 3.280765 2.569122 70.19824 3.280765 0.363739 82.87903 -1.057335 -26.83356 79.90564 3.280765 -2.630554 89.83039 3.280765 -5.936554 107.088 3.280765 -11.57846 117.1245 3.280765 -14.1123 126.8205 3.280765 -15.44223 141.02 3.280765 -16.44711 159.7366 3.280765 -17.41336 170.1597 3.280765 -17.51038 178.3174 3.280765 -16.62143 228.0895 3.280765 -10.44504 257.4359 3.280765 -8.434784 272.8432 3.280765 -6.736999 287.9062 3.280765 -4.951965 302.8534 3.280765 -3.470489 317.936 3.280765 -2.340027 349.3305 3.280765 -0.7624817 359.3924 3.429881 5.366302 361.0226 3.419125 4.8685 14.16071 -1.055902 -22.29117 10.25354 -1.055902 -21.97485 14.0838 -1.063365 -22.28973 19.45508 -1.078886 -22.17627 28.8963 -1.140443 -20.95734 34.83191 -1.140347 -19.92236 19.25397 0.4600582 -20.26093 28.57465 0.4600582 -19.05444 28.28272 1.046591 -17.32733 34.50391 0.4600582 -18.02054 34.20624 1.046591 -16.29437 45.31427 0.4600582 -16.60617 19.38886 -1.055902 -22.17767 28.8949 -1.055902 -20.94904 34.83044 -1.055902 -19.91406 45.36084 -1.064162 -18.53 45.43927 -1.055902 -18.52356 51.32941 -1.070709 -18.48346 51.25549 -1.055902 -18.47702 56.8258 -1.055902 -19.1311 56.82434 -1.140564 -19.13941 64.29022 -1.140347 -20.86017 64.29242 -1.055902 -20.85205 72.99127 -1.059734 -23.54022 73.06885 -1.055902 -23.56491 82.79999 -1.055902 -26.8067 100.7936 -1.055902 -32.68231 100.7912 -1.140413 -32.69037 112.9465 -1.140385 -35.74332 112.9481 -1.055902 -35.73508 124.7316 -1.140297 -37.37396 139.8114 -1.057571 -38.43683 124.7323 -1.055902 -37.3656 139.7283 -1.055902 -38.43167 158.8121 -1.055902 -39.41644 171.0939 -1.14021 -39.52157 158.8118 -1.140437 -39.42486 33.61883 1.819723 -12.88818 32.43359 2.746228 -6.015411 39.60315 1.819723 -11.95419 38.68408 2.746228 -5.040863 44.97546 1.819723 -11.40912 44.52179 2.746228 -4.449738 51.65716 1.819723 -11.35879 52.05005 2.746228 -4.395721 58.04065 1.819723 -12.1059 59.22906 2.746228 -5.233765 66.20441 1.819723 -13.98367 68.07465 2.746228 -7.264954 75.28223 1.819723 -16.78763 77.44733 2.746228 -10.15805 85.07599 1.819723 -20.0502 87.30243 2.746228 -13.44098 102.8313 1.819723 -25.85016 104.8246 2.746228 -19.1669 114.3002 1.819723 -28.73493 115.6228 2.746228 -21.88733 125.4083 1.819723 -30.26813 126.0696 2.746228 -23.32535 140.1464 1.819723 -31.31439 140.5555 2.746228 -24.35223 159.1114 1.819723 -32.29318 159.4042 2.746228 -25.32513 170.7913 1.819723 -32.39001 170.4955 2.746228 -25.42206 180.7394 1.819723 -31.31616 179.6053 2.746228 -24.43482 190.1993 1.819723 -29.57401 206.588 -1.140525 -34.40619 191.5121 -1.140503 -36.59024 181.8182 -1.058221 -38.3645 188.9166 2.746228 -22.71881 195.8484 3.280765 -13.52878 204.2972 3.280765 -12.49472 229.7729 -1.140491 -32.4115 259.4101 -1.140443 -30.37705 10.35239 -0.1360149 -21.22958 14.18536 -0.1360149 -21.53977 19.33606 -0.1360149 -21.42774 19.30481 0.1265478 -20.9838 28.76959 -0.1360149 -20.20773 28.69544 0.1265478 -19.76892 34.7027 -0.1360149 -19.17319 34.62707 0.1265478 -18.73462 45.39038 -0.1360149 -17.77335 45.36139 0.1265478 -17.32925 51.29785 -0.1360149 -17.72641 51.32294 0.1265478 -17.28207 56.95392 -0.1360149 -18.39032 57.02972 0.1265478 -17.95178 64.49408 -0.1360149 -20.12781 64.61341 0.1265478 -19.69907 73.30225 -0.1360149 -22.85025 73.44043 0.1265478 -22.42722 83.03998 -0.1360149 -26.09424 83.18207 0.1265478 -25.67249 101.0085 -0.1360149 -31.96188 101.1357 0.1265478 -31.5354 113.0906 -0.1360149 -34.99692 113.1751 0.1265478 -34.55994 124.8036 -0.1360149 -36.61719 124.8458 0.1265478 -36.17413 139.7723 -0.1360149 -37.68115 139.7985 0.1265478 -37.23688 158.8437 -0.1360149 -38.66531 158.8624 0.1265478 -38.22067 171.0616 -0.1360149 -38.76205 171.0428 0.1265478 -38.31741 181.7767 -0.1360149 -37.60904 181.7043 0.1265478 -37.16992 191.3723 -0.1360149 -35.84299 191.2905 0.1265478 -35.40552 206.509 -0.1360149 -33.65008 206.4626 0.1265478 -33.20746 229.7148 -0.1360149 -31.6535 229.6808 0.1265478 -31.20978 259.3419 -0.1360149 -29.61987 259.3021 0.1265478 -29.17664 275.4081 -0.1360149 -27.85245 275.3544 0.1265478 -27.41065 290.2674 -0.1360149 -26.09116 362.4924 -1.140388 -21.90064 350.1914 -1.140443 -22.77667 319.4246 -1.140507 -24.32056 290.3518 -1.140502 -26.84668 275.4997 -1.140443 -28.60712 371.0781 -1.1401 -20.42157 196.9723 2.746228 -21.36737 205.1206 2.746228 -20.37055 228.6946 2.746228 -18.34064 258.1455 2.746228 -16.32169 273.798 2.746228 -14.59796 288.7852 2.746228 -12.82178 303.5249 2.746228 -11.36072 318.4711 2.746228 -10.24066 349.6399 2.746228 -8.675232 360.8248 2.746228 -7.887329 367.8546 2.746228 -6.682312 370.8126 3.212103 0.9113464 371.0762 -1.055902 -20.41342 362.4915 -1.055902 -21.8923 350.191 -1.055902 -22.76825 319.424 -1.055902 -24.31217 290.3508 -1.055902 -26.83832 275.4987 -1.055902 -28.59876 259.4093 -1.055902 -30.36865 229.7723 -1.055902 -32.40311 206.5871 -1.055902 -34.3978 191.5106 -1.055902 -36.58197 181.8989 -1.055902 -38.35083 171.0936 -1.055902 -39.51318 10.25607 -0.9684363 -21.95572 14.16138 -0.9684363 -22.27185 19.38751 -0.9684363 -22.15842 28.89166 -0.9684363 -20.92999 34.82721 -0.9684363 -19.89505 45.43799 -0.9684363 -18.5043 51.25659 -0.9684363 -18.45773 56.8291 -0.9684363 -19.11209 64.29761 -0.9684363 -20.83347 73.07489 -0.9684363 -23.54657 82.80615 -0.9684363 -26.78842 100.7991 -0.9684363 -32.66382 112.9517 -0.9684363 -35.71609 124.7341 -0.9684363 -37.34637 139.7294 -0.9684363 -38.41238 158.8129 -0.9684363 -39.39715 171.0927 -0.9684363 -39.4939 181.8957 -0.9684363 -38.33179 191.5071 -0.9684363 -36.56299 206.5851 -0.9684363 -34.3786 229.7708 -0.9684363 -32.38385 259.4076 -0.9684363 -30.34943 275.4964 -0.9684363 -28.57959 290.3487 -0.9684363 -26.81912 319.4227 -0.9684363 -24.29288 350.1903 -0.9684363 -22.74896 362.4891 -0.9684363 -21.87311 371.0718 -0.9684363 -20.39462 10.26031 -0.8754425 -21.92362 14.16241 -0.8754425 -22.2395 19.38519 -0.8754425 -22.1261 28.88629 -0.8754425 -20.89807 34.82172 -0.8754425 -19.86313 45.43591 -0.8754425 -18.47199 51.25842 -0.8754425 -18.42542 56.83459 -0.8754425 -19.08017 64.30628 -0.8754425 -20.80228 73.0849 -0.8754425 -23.51578 82.81647 -0.8754425 -26.75772 100.8084 -0.8754425 -32.63278 112.9579 -0.8754425 -35.68432 124.7372 -0.8754425 -37.31415 139.7313 -0.8754425 -38.38006 158.8143 -0.8754425 -39.36481 171.0914 -0.8754425 -39.46155 181.8905 -0.8754425 -38.29983 191.5011 -0.8754425 -36.53116 206.5817 -0.8754425 -34.3464 229.7683 -0.8754425 -32.35156 259.4047 -0.8754425 -30.31717 275.4925 -0.8754425 -28.54746 290.3451 -0.8754425 -26.78696 319.4205 -0.8754425 -24.26059 350.189 -0.8754425 -22.71661 362.4854 -0.8754425 -21.84097 371.0644 -0.8754425 -20.36307 10.26681 -0.7737951 -21.87463 14.16406 -0.7737951 -22.19009 19.38171 -0.7737951 -22.07681 28.87805 -0.7737951 -20.84934 34.81329 -0.7737951 -19.81442 45.43268 -0.7737951 -18.42267 51.26117 -0.7737951 -18.37607 56.84302 -0.7737951 -19.03149 64.31958 -0.7737951 -20.75467 73.10028 -0.7737951 -23.46881 82.83228 -0.7737951 -26.71091 100.8225 -0.7737951 -32.58545 112.9673 -0.7737951 -35.6358 124.7419 -0.7737951 -37.26495 139.7342 -0.7737951 -38.33075 158.8164 -0.7737951 -39.31543 171.0893 -0.7737951 -39.41217 181.8824 -0.7737951 -38.25107 191.492 -0.7737951 -36.48257 206.5766 -0.7737951 -34.29724 229.7645 -0.7737951 -32.30231 259.4003 -0.7737951 -30.26795 275.4865 -0.7737951 -28.49838 290.3396 -0.7737951 -26.73785 319.4172 -0.7737951 -24.21127 350.1871 -0.7737951 -22.66724 362.4795 -0.7737951 -21.7919 371.0531 -0.7737951 -20.31497 377.3453 -0.7737951 -18.47205 10.27646 -0.6594076 -21.80206 14.16644 -0.6594076 -22.11694 19.37659 -0.6594076 -22.00378 28.86585 -0.6594076 -20.77716 34.80084 -0.6594076 -19.74228 45.42792 -0.6594076 -18.34961 51.26532 -0.6594076 -18.30298 56.85553 -0.6594076 -18.95935 64.33917 -0.6594076 -20.68414 73.12299 -0.6594076 -23.3992 82.85565 -0.6594076 -26.64151 100.8434 -0.6594076 -32.51529 112.9811 -0.6594076 -35.5639 124.7488 -0.6594076 -37.19208 139.7385 -0.6594076 -38.25766 158.8195 -0.6594076 -39.24228 171.0862 -0.6594076 -39.33902 181.8705 -0.6594076 -38.17883 191.4786 -0.6594076 -36.41061 206.569 -0.6594076 -34.22443 229.759 -0.6594076 -32.22931 259.3937 -0.6594076 -30.19504 275.4777 -0.6594076 -28.42572 290.3315 -0.6594076 -26.66507 319.4122 -0.6594076 -24.13825 350.1842 -0.6594076 -22.59409 362.4708 -0.6594076 -21.71921 371.0364 -0.6594076 -20.24368 377.3207 -0.6594076 -18.40311 383.5426 -0.6594076 -15.71588 10.29071 -0.5266581 -21.69449 14.16998 -0.5266581 -22.00848 19.36896 -0.5266581 -21.89554 28.84778 -0.5266581 -20.67017 34.78241 -0.5266581 -19.63535 45.42084 -0.5266581 -18.24133 51.27142 -0.5266581 -18.19464 56.87396 -0.5266581 -18.85242 64.36829 -0.5266581 -20.57959 73.15668 -0.5266581 -23.29608 82.89026 -0.5266581 -26.5387 100.8745 -0.5266581 -32.41128 113.0017 -0.5266581 -35.45737 124.7592 -0.5266581 -37.08404 139.7449 -0.5266581 -38.14935 158.824 -0.5266581 -39.13388 171.0815 -0.5266581 -39.23062 181.8529 -0.5266581 -38.07178 191.4586 -0.5266581 -36.30395 206.5577 -0.5266581 -34.11651 229.7507 -0.5266581 -32.12112 259.384 -0.5266581 -30.08698 275.4646 -0.5266581 -28.31799 290.3195 -0.5266581 -26.55725 319.4049 -0.5266581 -24.02997 350.1799 -0.5266581 -22.48566 362.458 -0.5266581 -21.61145 371.0116 -0.5266581 -20.13806 377.2843 -0.5266581 -18.3009 14.17535 -0.368146 -21.84549 19.35754 -0.368146 -21.73288 28.82056 -0.368146 -20.50937 34.7547 -0.368146 -19.47464 45.41028 -0.368146 -18.07861 51.28064 -0.368146 -18.03183 56.90179 -0.368146 -18.69174 64.41205 -0.368146 -20.42249 73.20728 -0.368146 -23.14105 82.94232 -0.368146 -26.38413 100.921 -0.368146 -32.25503 113.0327 -0.368146 -35.29727 124.7746 -0.368146 -36.92169 139.7544 -0.368146 -37.98654 158.8309 -0.368146 -38.97095 171.0746 -0.368146 -39.06769 181.8264 -0.368146 -37.91089 191.4286 -0.368146 -36.14365 206.5408 -0.368146 -33.95431 229.7382 -0.368146 -31.9585 259.3694 -0.368146 -29.92453 275.445 -0.368146 -28.15613 290.3013 -0.368146 -26.39517 319.3939 -0.368146 -23.86728 350.1736 -0.368146 -22.32269 362.4388 -0.368146 -21.44952 370.9744 -0.368146 -19.97928 377.2294 -0.368146 -18.14731 383.4213 -0.368146 -15.47293 319.3732 -0.1360149 -23.56207 350.1616 -0.1360149 -22.01703 362.4026 -0.1360149 -21.14575 370.9045 -0.1360149 -19.68146 377.1267 -0.1360149 -17.85919 290.218 0.1265478 -25.64887 304.6194 0.1265478 -24.2211 319.3432 0.1265478 -23.11804 350.1442 0.1265478 -21.57233 362.35 0.1265478 -20.70383 370.8028 0.1265478 -19.2482 376.9771 0.1265478 -17.44 51.36377 0.4600582 -16.55859 57.1532 0.4600582 -17.23776 64.80774 0.4600582 -19.00098 73.66541 0.4600582 -21.73837 83.41339 0.4600582 -24.98578 101.3428 0.4600582 -30.841 113.3125 0.4600582 -33.84848 124.9145 0.4600582 -35.45279 139.8409 0.4600582 -36.51352 158.8928 0.4600582 -37.49667 171.0121 0.4600582 -37.59341 181.5864 0.4600582 -36.45492 191.1572 0.4600582 -34.69327 206.3873 0.4600582 -32.48675 229.6254 0.4600582 -30.48724 259.2371 0.4600582 -28.45493 275.267 0.4600582 -26.69132 290.1375 0.4600582 -24.92874 304.5579 0.4600582 -23.49909 319.2942 0.4600582 -22.39508 350.1159 0.4600582 -20.84824 362.2644 0.4600582 -19.98428 370.6373 0.4600582 -18.54269 376.7337 0.4600582 -16.75751 40.05859 1.046591 -15.38052 45.20032 1.046591 -14.85825 51.4624 1.046591 -14.80978 57.45172 1.046591 -15.51178 65.27747 1.046591 -17.31351 74.20917 1.046591 -20.0733 83.9726 1.046591 -23.32581 101.8434 1.046591 -29.16245 113.6447 1.046591 -32.12866 125.0806 1.046591 -33.70904 139.9437 1.046591 -34.76492 158.9664 1.046591 -35.74661 170.9378 1.046591 -35.84338 181.3016 1.046591 -34.72662 190.835 1.046591 -32.97153 206.2052 1.046591 -30.74463 229.4916 1.046591 -28.74075 259.0802 1.046591 -26.71036 275.0558 1.046591 -24.95248 289.9431 1.046591 -23.18793 304.4094 1.046591 -21.75378 319.1759 1.046591 -20.64746 350.0475 1.046591 -19.09796 362.0574 1.046591 -18.24493 370.2372 1.046591 -16.83737 376.1451 1.046591 -15.10773 205.8458 1.819723 -27.30692 229.2275 1.819723 -25.2944 258.7705 1.819723 -23.26779 274.639 1.819723 -21.52124 289.5594 1.819723 -19.75284 304.1163 1.819723 -18.30978 318.9423 1.819723 -17.19891 349.9124 1.819723 -15.64413 361.649 1.819723 -14.81265 369.4476 1.819723 -13.47223 374.9837 1.819723 -11.85223 77.42542 -2.786613 26.04422 191.8739 -2.786613 27.94351 283.2854 -2.786613 20.33017 385.4873 -3.47573 -9.60965 18.29694 -3.47573 17.90897 18.23901 -3.432995 19.37796 18.22363 -3.311006 19.767 18.22485 -3.334048 19.73605 18.22632 -3.355324 19.69913 18.22821 -3.375955 19.65176 18.23151 -3.401175 19.56839 18.23175 -3.402588 19.56253 18.21704 -2.786613 19.93454 18.21814 -3.010274 19.9072 18.21906 -3.113568 19.88345 18.21997 -3.177567 19.86112 18.22083 -3.222371 19.83939 18.22168 -3.256739 19.81741 18.2226 -3.285061 19.79416 380.2417 -2.786613 -2.258606 380.0124 -3.402588 -2.551971 380.0161 -3.401175 -2.547333 380.0674 -3.375955 -2.481598 380.0966 -3.355324 -2.444275 380.1193 -3.334048 -2.415131 380.1384 -3.311006 -2.390717 380.1552 -3.285061 -2.369293 380.1695 -3.256739 -2.350983 380.1831 -3.222371 -2.333679 380.1964 -3.177567 -2.316559 380.2102 -3.113568 -2.29892 380.2248 -3.010274 -2.280182 379.8987 -3.432995 -2.69751 378.9935 -3.47573 -3.855835 374.4479 -3.47573 -0.7192993 369.072 -3.47573 2.12384 362.3745 -3.47573 4.736908 353.406 -3.47573 7.184296 340.3509 -3.47573 9.652131 318.3334 -3.47573 13.33463 298.6111 -3.47573 16.57431 283.0834 -3.47573 18.31308 240.3343 -3.47573 23.08243 191.7397 -3.47573 25.92081 181.0046 -3.47573 26.56711 170.2611 -3.47573 26.87631 118.3059 -3.47573 26.85593 50.50061 -3.47573 20.97415 27.07336 -3.47573 18.44956 375.2112 -3.432995 0.5371094 375.3071 -3.402588 0.6949768 375.3102 -3.401175 0.7000122 375.3535 -3.375955 0.7713013 375.3781 -3.355324 0.8117981 375.3973 -3.334048 0.8434143 375.4133 -3.311006 0.8698731 375.4275 -3.285061 0.8931275 375.4396 -3.256739 0.9129944 375.451 -3.222371 0.9317627 375.4623 -3.177567 0.9503479 375.4739 -3.113568 0.9694824 375.4862 -3.010274 0.9897766 375.5004 -2.786613 1.013184 369.6848 -3.432995 3.460144 369.7617 -3.402588 3.628052 369.7642 -3.401175 3.633392 369.799 -3.375955 3.709228 369.8187 -3.355324 3.752289 369.8342 -3.334048 3.785919 369.8471 -3.311006 3.814056 369.8584 -3.285061 3.838776 369.8681 -3.256739 3.859894 369.8773 -3.222371 3.879883 369.8863 -3.177567 3.899658 369.8956 -3.113568 3.920013 369.9055 -3.010274 3.941589 369.9169 -2.786613 3.966492 362.8358 -3.432995 6.132812 362.8937 -3.402588 6.308197 362.8956 -3.401175 6.313782 362.9217 -3.375955 6.392975 362.9366 -3.355324 6.437988 362.9482 -3.334048 6.473083 362.958 -3.311006 6.502502 362.9664 -3.285061 6.52832 362.9737 -3.256739 6.550384 362.9807 -3.222371 6.571259 362.9874 -3.177567 6.591888 362.9945 -3.113568 6.613159 363.002 -3.010274 6.635712 363.0105 -2.786613 6.661713 220.0532 -3.47573 24.33609 240.473 -3.432995 24.54599 220.1191 -3.432995 25.80472 240.4905 -3.402588 24.72983 220.1274 -3.402588 25.98923 240.491 -3.401175 24.73575 220.1277 -3.401175 25.99515 240.4989 -3.375955 24.81876 220.1314 -3.375955 26.07846 240.5034 -3.355324 24.86594 220.1335 -3.355324 26.12582 240.5068 -3.334048 24.90274 220.1352 -3.334048 26.16275 240.5098 -3.311006 24.93356 220.1366 -3.311006 26.1937 240.5123 -3.285061 24.96066 220.1378 -3.285061 26.22086 240.5145 -3.256739 24.9838 220.1389 -3.256739 26.24405 240.5166 -3.222371 25.00565 220.1398 -3.222371 26.26602 240.5187 -3.177567 25.02731 220.1408 -3.177567 26.28775 240.5207 -3.113568 25.04959 220.1418 -3.113568 26.31009 240.523 -3.010274 25.07327 220.1429 -3.010274 26.33383 240.5256 -2.786613 25.1005 220.1441 -2.786613 26.36118 191.8721 -3.010274 27.91623 191.8705 -3.113568 27.89249 191.869 -3.177567 27.87015 191.8675 -3.222371 27.84848 191.8661 -3.256739 27.82651 191.8646 -3.285061 27.80331 191.8628 -3.311006 27.77622 191.8607 -3.334048 27.74527 191.8583 -3.355324 27.70841 191.8552 -3.375955 27.6611 191.8496 -3.401175 27.57791 191.8492 -3.402588 27.57199 191.837 -3.432995 27.38767 181.0765 -3.432995 28.03549 170.2736 -3.432995 28.34641 181.0856 -3.402588 28.21994 170.2751 -3.402588 28.5311 181.0859 -3.401175 28.22586 170.2751 -3.401175 28.53702 181.09 -3.375955 28.30917 170.2758 -3.375955 28.62045 181.0923 -3.355324 28.35648 170.2762 -3.355324 28.66782 181.0941 -3.334048 28.3934 170.2765 -3.334048 28.7048 181.0956 -3.311006 28.42435 170.2769 -3.311006 28.73575 181.0969 -3.285061 28.45151 170.277 -3.285061 28.76297 181.0981 -3.256739 28.47476 170.2772 -3.256739 28.78616 181.0992 -3.222371 28.49667 170.2775 -3.222371 28.8082 181.1002 -3.177567 28.5184 170.2776 -3.177567 28.82993 181.1013 -3.113568 28.54074 170.2778 -3.113568 28.85233 181.1025 -3.010274 28.56448 170.278 -3.010274 28.87607 181.1038 -2.786613 28.59183 170.2783 -2.786613 28.90341 118.2969 -3.432995 28.32602 118.2957 -3.402588 28.51077 118.2957 -3.401175 28.51663 118.2952 -3.375955 28.60007 118.2949 -3.355324 28.64743 118.2947 -3.334048 28.68442 118.2945 -3.311006 28.71542 118.2943 -3.285061 28.74258 118.2942 -3.256739 28.76584 118.294 -3.222371 28.78781 118.2939 -3.177567 28.80954 118.2938 -3.113568 28.83194 118.2936 -3.010274 28.85568 118.2935 -2.786613 28.88309 98.4848 -3.47573 26.12485 98.3819 -3.432995 27.59134 98.36896 -3.402588 27.7756 98.36859 -3.401175 27.78146 98.36273 -3.375955 27.86472 98.35944 -3.355324 27.91196 98.35681 -3.334048 27.94882 98.35468 -3.311006 27.97977 98.35279 -3.285061 28.00687 98.35114 -3.256739 28.03006 98.34961 -3.222371 28.05197 98.34809 -3.177567 28.07364 98.3465 -3.113568 28.09598 98.34485 -3.010274 28.11972 98.3429 -2.786613 28.147 77.42859 -3.010274 26.01706 77.4314 -3.113568 25.99344 77.43402 -3.177567 25.97122 77.43653 -3.222371 25.94962 77.43915 -3.256739 25.92777 77.44184 -3.285061 25.90469 77.44501 -3.311006 25.87772 77.44867 -3.334048 25.84696 77.45301 -3.355324 25.81021 77.4585 -3.375955 25.76315 77.46826 -3.401175 25.68033 77.469 -3.402588 25.67447 77.4906 -3.432995 25.491 77.6626 -3.47573 24.03098 50.33227 -3.432995 22.4346 26.95453 -3.432995 19.91501 50.31116 -3.402588 22.61807 26.93958 -3.402588 20.09915 50.31048 -3.401175 22.62393 26.93915 -3.401175 20.10501 50.3009 -3.375955 22.70682 26.93237 -3.375955 20.18814 50.29547 -3.355324 22.75388 26.92853 -3.355324 20.23538 50.29126 -3.334048 22.79062 26.92554 -3.334048 20.27225 50.28772 -3.311006 22.82138 26.92304 -3.311006 20.30313 50.28461 -3.285061 22.84836 26.92084 -3.285061 20.33023 50.28192 -3.256739 22.87149 26.91901 -3.256739 20.35336 50.27942 -3.222371 22.89328 26.91718 -3.222371 20.37534 50.27692 -3.177567 22.91489 26.91547 -3.177567 20.397 50.27435 -3.113568 22.93717 26.91364 -3.113568 20.41928 50.27167 -3.010274 22.96072 26.91174 -3.010274 20.44296 50.26849 -2.786613 22.98795 26.90949 -2.786613 20.47025 353.7297 -3.432995 8.618409 353.7705 -3.402588 8.798584 353.7717 -3.401175 8.804352 353.7901 -3.375955 8.885712 353.8005 -3.355324 8.931946 353.8087 -3.334048 8.968018 353.8155 -3.311006 8.99823 353.8215 -3.285061 9.02475 353.8266 -3.256739 9.047425 353.8315 -3.222371 9.068879 353.8363 -3.177567 9.090088 353.8412 -3.113568 9.111908 353.8464 -3.010274 9.135102 353.8524 -2.786613 9.161805 340.5953 -3.432995 11.10178 340.626 -3.402588 11.28394 340.627 -3.401175 11.28973 340.6409 -3.375955 11.37201 340.6488 -3.355324 11.41873 340.6549 -3.334048 11.45517 340.66 -3.311006 11.48575 340.6646 -3.285061 11.51254 340.6685 -3.256739 11.53546 340.6721 -3.222371 11.55713 340.6757 -3.177567 11.57858 340.6795 -3.113568 11.60065 340.6834 -3.010274 11.62408 340.6879 -2.786613 11.65106 318.587 -3.432995 14.78268 318.6188 -3.402588 14.96463 318.6198 -3.401175 14.97049 318.6342 -3.375955 15.05264 318.6424 -3.355324 15.09927 318.6488 -3.334048 15.13571 318.6541 -3.311006 15.16623 318.6588 -3.285061 15.19302 318.6629 -3.256739 15.21591 318.6666 -3.222371 15.23758 318.6704 -3.177567 15.259 318.6743 -3.113568 15.28104 318.6784 -3.010274 15.30441 318.6831 -2.786613 15.33139 298.8072 -3.432995 18.03128 298.8318 -3.402588 18.21433 298.8327 -3.401175 18.22019 298.8438 -3.375955 18.30283 298.85 -3.355324 18.34982 298.855 -3.334048 18.38644 298.8591 -3.311006 18.41715 298.8627 -3.285061 18.44412 298.8659 -3.256739 18.46713 298.8688 -3.222371 18.48892 298.8717 -3.177567 18.51047 298.8747 -3.113568 18.53262 298.8778 -3.010274 18.55618 298.8815 -2.786613 18.58334 283.2299 -3.432995 19.77585 283.2483 -3.402588 19.95969 283.2489 -3.401175 19.96555 283.2572 -3.375955 20.04855 283.2619 -3.355324 20.09567 283.2656 -3.334048 20.13248 283.2687 -3.311006 20.1633 283.2714 -3.285061 20.19034 283.2738 -3.256739 20.21347 283.2759 -3.222371 20.23538 283.2781 -3.177567 20.25699 283.2803 -3.113568 20.27927 283.2827 -3.010274 20.30289 267.5641 -3.47573 19.94626 267.7279 -3.432995 21.40726 267.7484 -3.402588 21.59079 267.7491 -3.401175 21.59665 267.7584 -3.375955 21.67954 267.7636 -3.355324 21.72665 267.7678 -3.334048 21.7634 267.7712 -3.311006 21.79416 267.7742 -3.285061 21.8212 267.7769 -3.256739 21.84427 267.7793 -3.222371 21.86612 267.7817 -3.177567 21.88773 267.7842 -3.113568 21.91 267.7868 -3.010274 21.93362 267.7899 -2.786613 21.96079 -215.1852 2.805422 -26.58246 -61.54678 2.805422 -24.23407 -18.64237 2.805422 -19.94482 -18.64362 3.016612 -19.91477 -18.64465 3.110885 -19.88986 -18.6456 3.166993 -19.8678 -18.66864 3.413263 -19.31632 -18.65903 3.382165 -19.54636 -18.65503 3.35717 -19.6424 -18.65277 3.336501 -19.69602 -18.65109 3.315528 -19.73651 -18.64969 3.293225 -19.76953 -18.6485 3.268167 -19.79837 -18.64743 3.239725 -19.82379 -18.64649 3.207698 -19.84607 -61.61502 3.413263 -23.60873 -77.02729 3.413263 -25.35645 -97.86164 3.413263 -27.4751 -108.3412 3.413263 -28.04291 -118.8229 3.413263 -28.24991 -164.8368 3.413263 -28.27246 -175.8951 3.413263 -28.16357 -215.1554 3.413263 -25.95413 -236.3524 3.413263 -24.82282 -287.7089 3.413263 -19.24243 -298.3695 3.413263 -18.00986 -308.9937 3.413263 -16.37802 -335.4314 3.413263 -11.88129 -351.9808 3.413263 -8.919922 -335.4689 3.382165 -12.10843 -352.0286 3.382165 -9.145112 -335.4846 3.35717 -12.20331 -352.0487 3.35717 -9.239136 -335.4933 3.336501 -12.25623 -352.0598 3.336501 -9.291626 -335.4999 3.315528 -12.29623 -352.0682 3.315528 -9.331269 -335.5053 3.293225 -12.32886 -352.0751 3.293225 -9.363617 -335.51 3.268167 -12.3573 -352.0811 3.268167 -9.391816 -352.0835 3.256173 -9.403107 -335.5141 3.239725 -12.38242 -352.0864 3.239725 -9.416718 -335.5178 3.207698 -12.40442 -352.091 3.207698 -9.438538 -335.5213 3.166993 -12.42587 -352.0955 3.166993 -9.459809 -335.5249 3.110885 -12.44766 -352.1001 3.110885 -9.481385 -35.61169 3.413263 -20.66123 -35.58719 3.382165 -20.89014 -35.57693 3.35717 -20.98575 -35.57123 3.336501 -21.03909 -35.56689 3.315528 -21.07938 -35.56338 3.293225 -21.11227 -35.5603 3.268167 -21.14093 -35.55759 3.239725 -21.16626 -35.55524 3.207698 -21.18842 -35.55292 3.166993 -21.21005 -35.55057 3.110885 -21.232 -35.54788 3.016612 -21.25681 -35.54468 2.805422 -21.28671 -61.55002 3.016612 -24.20416 -61.55273 3.110885 -24.17938 -61.55514 3.166993 -24.15744 -61.55749 3.207698 -24.1358 -61.5599 3.239725 -24.11365 -61.56268 3.268167 -24.08835 -61.56579 3.293225 -24.05966 -61.5694 3.315528 -24.0268 -61.57379 3.336501 -23.98651 -61.57962 3.35717 -23.93317 -61.59006 3.382165 -23.83759 -77.00025 3.382165 -25.58508 -97.84513 3.382165 -27.70471 -76.98896 3.35717 -25.68054 -97.83823 3.35717 -27.8006 -76.98267 3.336501 -25.73383 -97.83435 3.336501 -27.85413 -76.97791 3.315528 -25.77408 -97.83145 3.315528 -27.89453 -76.97403 3.293225 -25.80692 -97.82907 3.293225 -27.92752 -76.97064 3.268167 -25.83557 -97.827 3.268167 -27.9563 -76.96765 3.239725 -25.86084 -97.8252 3.239725 -27.98169 -76.96503 3.207698 -25.883 -97.82358 3.207698 -28.00391 -76.9625 3.166993 -25.90457 -97.82202 3.166993 -28.0256 -76.9599 3.110885 -25.92651 -97.82044 3.110885 -28.04764 -76.95697 3.016612 -25.95129 -97.81864 3.016612 -28.07251 -76.95343 2.805422 -25.98114 -97.8165 2.805422 -28.10251 -108.3328 3.382165 -28.27298 -108.3293 3.35717 -28.36905 -108.3273 3.336501 -28.42267 -108.3258 3.315528 -28.46317 -108.3246 3.293225 -28.49622 -108.3236 3.268167 -28.52503 -108.3226 3.239725 -28.55048 -108.3218 3.207698 -28.57275 -108.321 3.166993 -28.59448 -108.3202 3.110885 -28.61655 -108.3193 3.016612 -28.64148 -108.3182 2.805422 -28.67151 -118.8218 3.382165 -28.48013 -118.8213 3.35717 -28.57626 -118.821 3.336501 -28.62994 -118.8208 3.315528 -28.67044 -118.8207 3.293225 -28.70352 -118.8205 3.268167 -28.73236 -118.8204 3.239725 -28.75781 -118.8203 3.207698 -28.78012 -118.8202 3.166993 -28.80185 -118.8201 3.110885 -28.82394 -118.8199 3.016612 -28.84888 -118.8198 2.805422 -28.87897 -186.9984 2.805422 -28.25247 -215.1838 3.016612 -26.55243 -186.9965 3.016612 -28.22247 -215.1826 3.110885 -26.5275 -186.995 3.110885 -28.19757 -215.1816 3.166993 -26.50543 -186.9936 3.166993 -28.17554 -215.1805 3.207698 -26.48373 -186.9923 3.207698 -28.15384 -215.1795 3.239725 -26.46146 -186.9909 3.239725 -28.13156 -215.1783 3.268167 -26.43604 -186.9893 3.268167 -28.10617 -215.1769 3.293225 -26.40723 -186.9875 3.293225 -28.07739 -215.1753 3.315528 -26.37418 -186.9854 3.315528 -28.04437 -215.1734 3.336501 -26.33371 -186.9829 3.336501 -28.00394 -215.1709 3.35717 -26.28012 -186.9796 3.35717 -27.95038 -215.1663 3.382165 -26.18408 -186.9736 3.382165 -27.85443 -186.9593 3.413263 -27.62463 -287.7326 3.382165 -19.47144 -298.3999 3.382165 -18.23807 -287.7425 3.35717 -19.56708 -298.4125 3.35717 -18.33337 -287.748 3.336501 -19.62045 -298.4196 3.336501 -18.38654 -287.7522 3.315528 -19.66077 -298.4249 3.315528 -18.42673 -287.7556 3.293225 -19.69363 -298.4293 3.293225 -18.4595 -287.7586 3.268167 -19.72232 -298.4331 3.268167 -18.4881 -287.7612 3.239725 -19.74765 -298.4365 3.239725 -18.51334 -287.7635 3.207698 -19.76984 -298.4394 3.207698 -18.53543 -287.7657 3.166993 -19.79147 -298.4423 3.166993 -18.55698 -287.768 3.110885 -19.81342 -298.4451 3.110885 -18.57886 -287.7706 3.016612 -19.83823 -298.4484 3.016612 -18.60361 -287.7737 2.805422 -19.86813 -298.4524 2.805422 -18.63339 -309.0322 3.382165 -16.60501 -309.0483 3.35717 -16.6998 -309.0572 3.336501 -16.75269 -309.064 3.315528 -16.79263 -309.0695 3.293225 -16.82526 -309.0744 3.268167 -16.8537 -309.0786 3.239725 -16.87878 -309.0823 3.207698 -16.90076 -309.086 3.166993 -16.92221 -309.0897 3.110885 -16.94397 -309.0939 3.016612 -16.96857 -309.0989 2.805422 -16.99823 -164.8357 3.382165 -28.50266 -164.8352 3.35717 -28.59879 -164.8349 3.336501 -28.65247 -164.8347 3.315528 -28.69299 -164.8346 3.293225 -28.72604 -164.8344 3.268167 -28.75488 -164.8343 3.239725 -28.78034 -164.8342 3.207698 -28.80264 -164.8341 3.166993 -28.82437 -164.8339 3.110885 -28.84647 -164.8338 3.016612 -28.8714 -164.8337 2.805422 -28.90149 -175.9019 3.382165 -28.39371 -175.9048 3.35717 -28.48981 -175.9064 3.336501 -28.54343 -175.9076 3.315528 -28.58392 -175.9085 3.293225 -28.61701 -175.9094 3.268167 -28.64581 -175.9102 3.239725 -28.67127 -175.9108 3.207698 -28.69354 -175.9115 3.166993 -28.71527 -175.9121 3.110885 -28.73737 -175.9129 3.016612 -28.7623 -175.9138 2.805422 -28.79236 -236.3702 3.382165 -25.05234 -236.3777 3.35717 -25.14819 -236.3818 3.336501 -25.20169 -236.3849 3.315528 -25.2421 -236.3875 3.293225 -25.27506 -236.3897 3.268167 -25.30383 -236.3917 3.239725 -25.32919 -236.3934 3.207698 -25.35144 -236.3951 3.166993 -25.37311 -236.3968 3.110885 -25.39511 -236.3988 3.016612 -25.41998 -236.4011 2.805422 -25.44998 -256.6674 3.413263 -22.62216 -256.6951 3.382165 -22.85068 -256.7068 3.35717 -22.94614 -256.7132 3.336501 -22.99939 -256.7181 3.315528 -23.03961 -256.7221 3.293225 -23.07245 -256.7256 3.268167 -23.10107 -256.7286 3.239725 -23.12634 -256.7313 3.207698 -23.14847 -256.734 3.166993 -23.17008 -256.7366 3.110885 -23.19199 -256.7397 3.016612 -23.21674 -256.7433 2.805422 -23.24658 -335.5289 3.016612 -12.47226 -335.5338 2.805422 -12.50195 -352.1039 3.047311 -9.499054 -352.1053 3.016612 -9.505799 -352.1116 2.805422 -9.535218 -361.4566 3.42137 -6.259582 -370.9961 3.035892 -3.358215 -371.0019 2.999495 -3.373077 -375.4915 2.790448 -0.9313355 -375.4851 2.826916 -0.9165344 -375.4776 2.858957 -0.9005127 -370.9895 3.067894 -3.342041 -370.6619 3.273086 -2.647949 -381.8341 2.086602 3.622742 -383.2243 2.110073 6.007904 -383.3996 2.106618 5.815399 -383.5108 2.09418 5.691132 -383.5868 2.074797 5.60376 -383.6817 2.01558 5.486999 -383.6628 2.033365 5.511566 -383.6411 2.048973 5.538666 -379.7878 2.462712 2.022797 -379.7796 2.494486 2.038605 -379.7699 2.522776 2.055756 -379.7587 2.547881 2.074402 -379.7459 2.570241 2.094818 -379.7312 2.590203 2.117371 -381.8345 2.080523 3.621094 -379.8101 2.212181 1.954254 -379.7976 1.754254 1.8992 -370.9263 3.198369 -3.201202 -375.3843 3.00344 -0.72995 -370.8909 3.225994 -3.126007 -375.3618 3.016252 -0.6912232 -370.8424 3.247772 -3.023865 -375.3039 3.037389 -0.5931397 -375.0877 3.060069 -0.2331237 -381.7188 2.368255 3.810425 -381.6665 2.394713 3.877014 -379.5783 2.671191 2.331879 -379.3245 2.691201 2.670044 -379.6459 2.65073 2.239349 -379.6723 2.638168 2.202667 -379.6948 2.623979 2.170654 -379.7143 2.608045 2.142456 -370.9819 3.096209 -3.32431 -375.4689 2.887281 -0.8830872 -370.9734 3.121391 -3.304779 -375.4591 2.912445 -0.8639832 -370.9638 3.143882 -3.283112 -375.4479 2.934888 -0.8428955 -370.9529 3.164032 -3.258972 -375.4351 2.95496 -0.819458 -370.9405 3.182119 -3.231873 -375.4205 2.972939 -0.7932129 -375.4037 2.989042 -0.7636414 -377.6889 2.538361 0.4515686 -379.7949 2.425177 2.007477 -377.6788 2.628548 0.4786377 -375.5014 2.700293 -0.9580383 -371.0113 2.909588 -3.399414 -375.5074 2.577012 -0.9819336 -371.0178 2.786746 -3.422241 -375.5031 2.120332 -1.026733 -371.0197 2.332023 -3.461121 -379.8051 2.335709 1.980164 -361.6957 3.049428 -7.036163 -361.6881 3.13845 -7.009857 -356.914 3.179892 -8.338807 -361.6838 3.173896 -6.995117 -361.6788 3.205982 -6.978546 -361.6734 3.234508 -6.960205 -361.7016 2.927518 -7.058472 -366.4059 2.889272 -5.422791 -366.3995 3.011384 -5.400452 -366.391 3.10085 -5.374207 -366.3859 3.13711 -5.359314 -366.3801 3.169022 -5.342987 -366.3737 3.197289 -5.325043 -361.6675 3.259072 -6.940643 -366.3665 3.222468 -5.305206 -361.6607 3.28163 -6.918426 -366.3584 3.244996 -5.283203 -361.6531 3.301932 -6.893585 -366.3493 3.265224 -5.258606 -361.6446 3.320266 -6.865631 -366.3389 3.283437 -5.230957 -361.6348 3.336861 -6.833954 -366.3271 3.299858 -5.199646 -361.6108 3.365535 -6.756103 -366.2978 3.328004 -5.122711 -361.578 3.38899 -6.650146 -366.2578 3.35061 -5.018097 -366.1092 3.379395 -4.632568 -77.42618 -2.786613 -26.04385 -191.8747 -2.786613 -27.94315 -283.2862 -2.786613 -20.32977 -385.488 -3.47573 9.610016 -18.29773 -3.47573 -17.9086 -18.23978 -3.432995 -19.37759 -18.22446 -3.311006 -19.76663 -18.22568 -3.334048 -19.73569 -18.22711 -3.355324 -19.69873 -18.229 -3.375955 -19.6514 -18.23227 -3.401175 -19.56805 -18.23251 -3.402588 -19.56217 -18.21784 -2.786613 -19.93417 -18.2189 -3.010274 -19.90683 -18.21985 -3.113568 -19.88309 -18.22073 -3.177567 -19.86072 -18.22159 -3.222371 -19.83899 -18.22247 -3.256739 -19.81705 -18.22339 -3.285061 -19.79382 -380.2425 -2.786613 2.259003 -380.0132 -3.402588 2.552338 -380.0169 -3.401175 2.547699 -380.0682 -3.375955 2.481995 -380.0974 -3.355324 2.444641 -380.1201 -3.334048 2.415497 -380.1392 -3.311006 2.391113 -380.156 -3.285061 2.36969 -380.1703 -3.256739 2.351379 -380.1838 -3.222371 2.334045 -380.1972 -3.177567 2.316925 -380.211 -3.113568 2.299286 -380.2256 -3.010274 2.280548 -379.8995 -3.432995 2.697876 -378.9942 -3.47573 3.856201 -374.4487 -3.47573 0.7196655 -369.0728 -3.47573 -2.123474 -362.3753 -3.47573 -4.736542 -353.4068 -3.47573 -7.183899 -340.3517 -3.47573 -9.651764 -318.3341 -3.47573 -13.33426 -298.6119 -3.47573 -16.57391 -283.0842 -3.47573 -18.31268 -240.3351 -3.47573 -23.08203 -191.7405 -3.47573 -25.92044 -181.0053 -3.47573 -26.56671 -170.2619 -3.47573 -26.87595 -118.3067 -3.47573 -26.85556 -50.5014 -3.47573 -20.97376 -27.07416 -3.47573 -18.44916 -375.212 -3.432995 -0.5367432 -375.3079 -3.402588 -0.6946106 -375.311 -3.401175 -0.699646 -375.3543 -3.375955 -0.7709351 -375.3789 -3.355324 -0.8114319 -375.3981 -3.334048 -0.8430481 -375.4141 -3.311006 -0.8695068 -375.4283 -3.285061 -0.8927612 -375.4403 -3.256739 -0.9125977 -375.4518 -3.222371 -0.9313965 -375.4631 -3.177567 -0.9499817 -375.4747 -3.113568 -0.9691162 -375.487 -3.010274 -0.9894104 -375.5012 -2.786613 -1.012817 -369.6856 -3.432995 -3.459778 -369.7625 -3.402588 -3.627686 -369.765 -3.401175 -3.633026 -369.7998 -3.375955 -3.708862 -369.8195 -3.355324 -3.751923 -369.8349 -3.334048 -3.785522 -369.8479 -3.311006 -3.81369 -369.8592 -3.285061 -3.838409 -369.8688 -3.256739 -3.859528 -369.8781 -3.222371 -3.879517 -369.8871 -3.177567 -3.899261 -369.8964 -3.113568 -3.919617 -369.9063 -3.010274 -3.941223 -369.9177 -2.786613 -3.966095 -362.8365 -3.432995 -6.132416 -362.8945 -3.402588 -6.3078 -362.8963 -3.401175 -6.313416 -362.9225 -3.375955 -6.392609 -362.9374 -3.355324 -6.437592 -362.949 -3.334048 -6.472717 -362.9587 -3.311006 -6.502136 -362.9672 -3.285061 -6.527954 -362.9745 -3.256739 -6.550018 -362.9814 -3.222371 -6.570892 -362.9882 -3.177567 -6.591522 -362.9953 -3.113568 -6.612793 -363.0028 -3.010274 -6.635345 -363.0113 -2.786613 -6.661346 -220.054 -3.47573 -24.33569 -240.4738 -3.432995 -24.54559 -220.1199 -3.432995 -25.80435 -240.4912 -3.402588 -24.72949 -220.1282 -3.402588 -25.98886 -240.4918 -3.401175 -24.73535 -220.1284 -3.401175 -25.99475 -240.4997 -3.375955 -24.81839 -220.1322 -3.375955 -26.0781 -240.5041 -3.355324 -24.86557 -220.1343 -3.355324 -26.12543 -240.5076 -3.334048 -24.90237 -220.136 -3.334048 -26.16238 -240.5106 -3.311006 -24.93323 -220.1374 -3.311006 -26.19333 -240.5131 -3.285061 -24.9603 -220.1386 -3.285061 -26.22049 -240.5153 -3.256739 -24.98343 -220.1396 -3.256739 -26.24368 -240.5174 -3.222371 -25.00531 -220.1406 -3.222371 -26.26566 -240.5194 -3.177567 -25.02695 -220.1416 -3.177567 -26.28738 -240.5215 -3.113568 -25.04923 -220.1426 -3.113568 -26.30975 -240.5238 -3.010274 -25.07291 -220.1437 -3.010274 -26.33347 -240.5264 -2.786613 -25.10013 -220.1449 -2.786613 -26.36081 -191.8729 -3.010274 -27.91583 -191.8713 -3.113568 -27.89212 -191.8698 -3.177567 -27.86978 -191.8683 -3.222371 -27.84808 -191.8669 -3.256739 -27.82614 -191.8654 -3.285061 -27.80298 -191.8636 -3.311006 -27.77585 -191.8615 -3.334048 -27.74493 -191.8591 -3.355324 -27.70804 -191.8559 -3.375955 -27.66074 -191.8504 -3.401175 -27.57752 -191.85 -3.402588 -27.57163 -191.8378 -3.432995 -27.38733 -181.0773 -3.432995 -28.0351 -170.2743 -3.432995 -28.34604 -181.0864 -3.402588 -28.21961 -170.2759 -3.402588 -28.53076 -181.0867 -3.401175 -28.2255 -170.2759 -3.401175 -28.53665 -181.0908 -3.375955 -28.30881 -170.2766 -3.375955 -28.62006 -181.093 -3.355324 -28.35611 -170.277 -3.355324 -28.66745 -181.0949 -3.334048 -28.39307 -170.2773 -3.334048 -28.70441 -181.0964 -3.311006 -28.42401 -170.2776 -3.311006 -28.73538 -181.0977 -3.285061 -28.45114 -170.2778 -3.285061 -28.76257 -181.0988 -3.256739 -28.47437 -170.278 -3.256739 -28.78583 -181.0999 -3.222371 -28.49634 -170.2782 -3.222371 -28.8078 -181.101 -3.177567 -28.51804 -170.2784 -3.177567 -28.82953 -181.1021 -3.113568 -28.54041 -170.2786 -3.113568 -28.85193 -181.1033 -3.010274 -28.56415 -170.2788 -3.010274 -28.8757 -181.1046 -2.786613 -28.59146 -170.279 -2.786613 -28.90308 -118.2977 -3.432995 -28.32565 -118.2965 -3.402588 -28.51038 -118.2965 -3.401175 -28.51627 -118.296 -3.375955 -28.59967 -118.2957 -3.355324 -28.64706 -118.2954 -3.334048 -28.68405 -118.2953 -3.311006 -28.71503 -118.2951 -3.285061 -28.74222 -118.295 -3.256739 -28.76544 -118.2948 -3.222371 -28.78745 -118.2947 -3.177567 -28.80917 -118.2946 -3.113568 -28.83154 -118.2944 -3.010274 -28.85532 -118.2942 -2.786613 -28.88269 -98.4856 -3.47573 -26.12445 -98.38269 -3.432995 -27.59097 -98.36975 -3.402588 -27.77524 -98.36936 -3.401175 -27.7811 -98.36353 -3.375955 -27.86432 -98.3602 -3.355324 -27.91159 -98.35761 -3.334048 -27.94849 -98.35544 -3.311006 -27.97937 -98.35355 -3.285061 -28.0065 -98.3519 -3.256739 -28.02969 -98.35037 -3.222371 -28.05161 -98.34885 -3.177567 -28.0733 -98.34729 -3.113568 -28.09564 -98.34561 -3.010274 -28.11932 -98.34372 -2.786613 -28.14664 -77.42938 -3.010274 -26.01666 -77.43216 -3.113568 -25.99307 -77.43479 -3.177567 -25.97083 -77.43735 -3.222371 -25.94925 -77.43991 -3.256739 -25.92743 -77.44263 -3.285061 -25.90433 -77.4458 -3.311006 -25.87735 -77.44944 -3.334048 -25.84656 -77.45377 -3.355324 -25.80985 -77.45932 -3.375955 -25.76279 -77.46906 -3.401175 -25.67993 -77.46976 -3.402588 -25.67407 -77.49137 -3.432995 -25.49063 -77.66339 -3.47573 -24.03061 -50.33307 -3.432995 -22.4342 -26.95532 -3.432995 -19.91461 -50.31192 -3.402588 -22.61771 -26.9404 -3.402588 -20.09876 -50.31125 -3.401175 -22.62357 -26.93991 -3.401175 -20.10461 -50.3017 -3.375955 -22.70642 -26.93317 -3.375955 -20.18778 -50.29629 -3.355324 -22.75348 -26.92932 -3.355324 -20.23502 -50.29205 -3.334048 -22.79022 -26.92636 -3.334048 -20.27188 -50.28851 -3.311006 -22.82102 -26.92383 -3.311006 -20.30277 -50.2854 -3.285061 -22.84802 -26.92163 -3.285061 -20.32987 -50.28271 -3.256739 -22.87109 -26.91977 -3.256739 -20.35303 -50.28021 -3.222371 -22.89295 -26.918 -3.222371 -20.37494 -50.27771 -3.177567 -22.91452 -26.91623 -3.177567 -20.39661 -50.27515 -3.113568 -22.93677 -26.91443 -3.113568 -20.41892 -50.27243 -3.010274 -22.96039 -26.91251 -3.010274 -20.4426 -50.26932 -2.786613 -22.98758 -26.91028 -2.786613 -20.46991 -353.7305 -3.432995 -8.618042 -353.7712 -3.402588 -8.798218 -353.7725 -3.401175 -8.803986 -353.7909 -3.375955 -8.885346 -353.8013 -3.355324 -8.93158 -353.8095 -3.334048 -8.967652 -353.8163 -3.311006 -8.997864 -353.8223 -3.285061 -9.024384 -353.8274 -3.256739 -9.047059 -353.8323 -3.222371 -9.068512 -353.837 -3.177567 -9.089722 -353.842 -3.113568 -9.111542 -353.8472 -3.010274 -9.134736 -353.8532 -2.786613 -9.161438 -340.5961 -3.432995 -11.10141 -340.6268 -3.402588 -11.28357 -340.6278 -3.401175 -11.28937 -340.6417 -3.375955 -11.37161 -340.6495 -3.355324 -11.41833 -340.6557 -3.334048 -11.4548 -340.6608 -3.311006 -11.48535 -340.6654 -3.285061 -11.51218 -340.6692 -3.256739 -11.53509 -340.6729 -3.222371 -11.55676 -340.6765 -3.177567 -11.57819 -340.6802 -3.113568 -11.60028 -340.6842 -3.010274 -11.62372 -340.6887 -2.786613 -11.6507 -318.5878 -3.432995 -14.78235 -318.6196 -3.402588 -14.96429 -318.6206 -3.401175 -14.97009 -318.635 -3.375955 -15.05225 -318.6432 -3.355324 -15.09894 -318.6496 -3.334048 -15.13535 -318.6549 -3.311006 -15.16586 -318.6596 -3.285061 -15.19266 -318.6636 -3.256739 -15.21555 -318.6674 -3.222371 -15.23718 -318.6712 -3.177567 -15.25861 -318.675 -3.113568 -15.28067 -318.6791 -3.010274 -15.30408 -318.6838 -2.786613 -15.33102 -298.808 -3.432995 -18.03088 -298.8326 -3.402588 -18.21396 -298.8334 -3.401175 -18.21979 -298.8446 -3.375955 -18.30246 -298.8508 -3.355324 -18.34943 -298.8558 -3.334048 -18.38608 -298.8599 -3.311006 -18.41678 -298.8635 -3.285061 -18.44373 -298.8666 -3.256739 -18.46677 -298.8696 -3.222371 -18.48856 -298.8725 -3.177567 -18.5101 -298.8755 -3.113568 -18.53229 -298.8786 -3.010274 -18.55582 -298.8823 -2.786613 -18.58295 -283.2307 -3.432995 -19.77551 -283.2491 -3.402588 -19.95929 -283.2496 -3.401175 -19.96518 -283.258 -3.375955 -20.04816 -283.2627 -3.355324 -20.09531 -283.2664 -3.334048 -20.13211 -283.2695 -3.311006 -20.16293 -283.2722 -3.285061 -20.19 -283.2745 -3.256739 -20.2131 -283.2767 -3.222371 -20.23499 -283.2789 -3.177567 -20.25662 -283.2811 -3.113568 -20.2789 -283.2835 -3.010274 -20.30255 -267.5649 -3.47573 -19.94589 -267.7286 -3.432995 -21.40686 -267.7492 -3.402588 -21.59042 -267.7499 -3.401175 -21.59628 -267.7592 -3.375955 -21.6792 -267.7644 -3.355324 -21.72629 -267.7686 -3.334048 -21.76303 -267.772 -3.311006 -21.79382 -267.775 -3.285061 -21.82083 -267.7777 -3.256739 -21.84393 -267.7801 -3.222371 -21.86578 -267.7825 -3.177567 -21.88739 -267.785 -3.113568 -21.90964 -267.7876 -3.010274 -21.93323 -267.7907 -2.786613 -21.96045 215.1844 2.805422 26.58286 61.54596 2.805422 24.23447 18.6416 2.805422 19.94522 18.64282 3.016612 19.91513 18.64386 3.110885 19.89023 18.64478 3.166993 19.86813 18.66785 3.413263 19.31668 18.65826 3.382165 19.54672 18.65424 3.35717 19.64279 18.65198 3.336501 19.69638 18.65027 3.315528 19.73685 18.64893 3.293225 19.76993 18.64771 3.268167 19.79874 18.64667 3.239725 19.82413 18.64569 3.207698 19.84641 61.61426 3.413263 23.6091 77.02649 3.413263 25.35684 97.86084 3.413263 27.47543 108.3404 3.413263 28.04324 118.8221 3.413263 28.25028 164.8361 3.413263 28.2728 175.8943 3.413263 28.16397 215.1546 3.413263 25.9545 236.3516 3.413263 24.82321 287.7081 3.413263 19.24283 298.3687 3.413263 18.01022 308.9929 3.413263 16.37839 335.4307 3.413263 11.88165 351.9801 3.413263 8.920289 335.4682 3.382165 12.10879 352.0278 3.382165 9.145478 335.4838 3.35717 12.20364 352.0479 3.35717 9.239502 335.4925 3.336501 12.25662 352.059 3.336501 9.291993 335.4991 3.315528 12.2966 352.0675 3.315528 9.331635 335.5045 3.293225 12.32919 352.0743 3.293225 9.363984 335.5092 3.268167 12.3577 352.0803 3.268167 9.392182 352.0827 3.256173 9.403473 335.5133 3.239725 12.38278 352.0856 3.239725 9.417084 335.517 3.207698 12.40482 352.0902 3.207698 9.438904 335.5205 3.166993 12.42624 352.0947 3.166993 9.460175 335.5241 3.110885 12.44803 352.0993 3.110885 9.481781 35.6109 3.413263 20.66159 35.58636 3.382165 20.89053 35.57617 3.35717 20.98612 35.57043 3.336501 21.03946 35.5661 3.315528 21.07974 35.56262 3.293225 21.11264 35.55951 3.268167 21.14133 35.55682 3.239725 21.1666 35.55444 3.207698 21.18881 35.55212 3.166993 21.21042 35.54974 3.110885 21.23239 35.54712 3.016612 21.25717 35.54388 2.805422 21.28708 61.54925 3.016612 24.20456 61.55194 3.110885 24.17972 61.55432 3.166993 24.15781 61.5567 3.207698 24.1362 61.55914 3.239725 24.11404 61.56189 3.268167 24.08872 61.565 3.293225 24.06003 61.5686 3.315528 24.02719 61.573 3.336501 23.98691 61.57886 3.35717 23.93356 61.58923 3.382165 23.83798 76.99945 3.382165 25.58548 97.8443 3.382165 27.70511 76.98816 3.35717 25.68094 97.8374 3.35717 27.801 76.98188 3.336501 25.73422 97.83356 3.336501 27.85446 76.97711 3.315528 25.77445 97.83069 3.315528 27.89493 76.97327 3.293225 25.80728 97.82831 3.293225 27.92789 76.96985 3.268167 25.83597 97.82624 3.268167 27.9567 76.96686 3.239725 25.86124 97.8244 3.239725 27.98203 76.96424 3.207698 25.88333 97.82282 3.207698 28.0043 76.96167 3.166993 25.90494 97.82123 3.166993 28.02597 76.95911 3.110885 25.92691 97.81964 3.110885 28.048 76.95618 3.016612 25.95163 97.81787 3.016612 28.07291 76.95264 2.805422 25.98154 97.81568 2.805422 28.10288 108.332 3.382165 28.27335 108.3285 3.35717 28.36942 108.3265 3.336501 28.423 108.325 3.315528 28.46353 108.3238 3.293225 28.49655 108.3228 3.268167 28.52542 108.3218 3.239725 28.55081 108.321 3.207698 28.57309 108.3203 3.166993 28.59482 108.3194 3.110885 28.61691 108.3185 3.016612 28.64182 108.3174 2.805422 28.67191 118.821 3.382165 28.4805 118.8205 3.35717 28.57663 118.8203 3.336501 28.63028 118.8201 3.315528 28.67081 118.8199 3.293225 28.70389 118.8198 3.268167 28.73276 118.8196 3.239725 28.75821 118.8195 3.207698 28.78049 118.8194 3.166993 28.80222 118.8193 3.110885 28.82431 118.8192 3.016612 28.84927 118.819 2.805422 28.8793 186.9976 2.805422 28.25284 215.183 3.016612 26.55277 186.9957 3.016612 28.22281 215.1818 3.110885 26.52786 186.9942 3.110885 28.19791 215.1808 3.166993 26.50583 186.9929 3.166993 28.17587 215.1797 3.207698 26.4841 186.9915 3.207698 28.15421 215.1787 3.239725 26.46182 186.9901 3.239725 28.13193 215.1775 3.268167 26.43643 186.9885 3.268167 28.10654 215.1761 3.293225 26.40762 186.9867 3.293225 28.07773 215.1746 3.315528 26.37454 186.9847 3.315528 28.04477 215.1727 3.336501 26.33408 186.9822 3.336501 28.0043 215.1701 3.35717 26.28049 186.9788 3.35717 27.95078 215.1655 3.382165 26.18448 186.9728 3.382165 27.85477 186.9586 3.413263 27.62503 287.7318 3.382165 19.47183 298.3991 3.382165 18.23843 287.7417 3.35717 19.56741 298.4118 3.35717 18.33371 287.7473 3.336501 19.62082 298.4188 3.336501 18.38693 287.7514 3.315528 19.6611 298.4241 3.315528 18.42709 287.7548 3.293225 19.694 298.4285 3.293225 18.45987 287.7578 3.268167 19.72269 298.4323 3.268167 18.4885 287.7604 3.239725 19.74802 298.4357 3.239725 18.5137 287.7627 3.207698 19.77017 298.4386 3.207698 18.5358 287.765 3.166993 19.79184 298.4415 3.166993 18.55734 287.7672 3.110885 19.81381 298.4443 3.110885 18.57925 287.7698 3.016612 19.83859 298.4476 3.016612 18.60397 287.7728 2.805422 19.8685 298.4516 2.805422 18.63376 309.0314 3.382165 16.60538 309.0474 3.35717 16.70017 309.0564 3.336501 16.75308 309.0632 3.315528 16.793 309.0687 3.293225 16.82565 309.0736 3.268167 16.85404 309.0778 3.239725 16.87918 309.0816 3.207698 16.90115 309.0852 3.166993 16.92258 309.0889 3.110885 16.94437 309.0931 3.016612 16.96896 309.0981 2.805422 16.99857 164.8349 3.382165 28.50302 164.8344 3.35717 28.59915 164.8341 3.336501 28.6528 164.8339 3.315528 28.69333 164.8338 3.293225 28.72641 164.8336 3.268167 28.75528 164.8335 3.239725 28.78073 164.8334 3.207698 28.80301 164.8333 3.166993 28.82474 164.8332 3.110885 28.84683 164.8331 3.016612 28.8718 164.8329 2.805422 28.90183 175.9011 3.382165 28.39407 175.904 3.35717 28.49014 175.9056 3.336501 28.54379 175.9068 3.315528 28.58432 175.9078 3.293225 28.61734 175.9086 3.268167 28.64621 175.9094 3.239725 28.67166 175.91 3.207698 28.69394 175.9107 3.166993 28.71567 175.9113 3.110885 28.7377 175.912 3.016612 28.76267 175.913 2.805422 28.79269 236.3694 3.382165 25.0527 236.3768 3.35717 25.14859 236.381 3.336501 25.20206 236.3842 3.315528 25.24246 236.3867 3.293225 25.27542 236.3889 3.268167 25.30417 236.3909 3.239725 25.32956 236.3926 3.207698 25.35178 236.3943 3.166993 25.37351 236.3961 3.110885 25.39548 236.3979 3.016612 25.42038 236.4003 2.805422 25.45035 256.6666 3.413263 22.62253 256.6943 3.382165 22.85104 256.7059 3.35717 22.9465 256.7124 3.336501 22.99979 256.7174 3.315528 23.04001 256.7213 3.293225 23.07285 256.7248 3.268167 23.10147 256.7279 3.239725 23.12674 256.7305 3.207698 23.14883 256.7332 3.166993 23.17044 256.7359 3.110885 23.19235 256.7389 3.016612 23.21713 256.7425 2.805422 23.24698 335.5281 3.016612 12.47263 335.533 2.805422 12.50229 352.1031 3.047311 9.499421 352.1045 3.016612 9.506165 352.1108 2.805422 9.535584 361.4559 3.42137 6.259949 370.9953 3.035892 3.358582 371.0011 2.999495 3.373444 375.4907 2.790448 0.9317017 375.4843 2.826916 0.9169006 375.4768 2.858957 0.9008789 370.9887 3.067894 3.342407 370.6611 3.273086 2.648315 381.8333 2.086602 -3.622375 383.2235 2.110073 -6.007538 383.3988 2.106618 -5.815033 383.51 2.09418 -5.690765 383.586 2.074797 -5.603363 383.6809 2.01558 -5.486633 383.662 2.033365 -5.5112 383.6403 2.048973 -5.5383 379.787 2.462712 -2.02243 379.7788 2.494486 -2.038239 379.7691 2.522776 -2.055389 379.7579 2.547881 -2.074036 379.7451 2.570241 -2.094452 379.7304 2.590203 -2.117004 381.8337 2.080523 -3.620728 379.8093 2.212181 -1.953888 379.7968 1.754254 -1.898834 370.9255 3.198369 3.201599 375.3836 3.00344 0.7303162 370.8901 3.225994 3.126373 375.361 3.016252 0.6915894 370.8417 3.247772 3.024231 375.3031 3.037389 0.5935059 375.087 3.060069 0.2335205 381.718 2.368255 -3.810028 381.6657 2.394713 -3.876617 379.5775 2.671191 -2.331512 379.3237 2.691201 -2.669678 379.6452 2.65073 -2.238953 379.6715 2.638168 -2.202301 379.694 2.623979 -2.170288 379.7135 2.608045 -2.14209 370.9812 3.096209 3.324676 375.4682 2.887281 0.8834534 370.9727 3.121391 3.305145 375.4583 2.912445 0.8643494 370.963 3.143882 3.283478 375.4472 2.934888 0.8432617 370.9521 3.164032 3.259338 375.4343 2.95496 0.8198242 370.9396 3.182119 3.232239 375.4197 2.972939 0.7935791 375.4029 2.989042 0.7640076 377.6881 2.538361 -0.4512024 379.7941 2.425177 -2.00708 377.678 2.628548 -0.4782715 375.5007 2.700293 0.9584046 371.0105 2.909588 3.39978 375.5067 2.577012 0.9822998 371.017 2.786746 3.422607 375.5023 2.120332 1.0271 371.0189 2.332023 3.461487 379.8043 2.335709 -1.979797 361.6949 3.049428 7.03653 361.6873 3.13845 7.010223 356.9132 3.179892 8.339173 361.683 3.173896 6.995483 361.6781 3.205982 6.978912 361.6726 3.234508 6.960571 361.7008 2.927518 7.058838 366.4052 2.889272 5.423157 366.3988 3.011384 5.400818 366.3902 3.10085 5.374603 366.3851 3.13711 5.35968 366.3793 3.169022 5.343353 366.3729 3.197289 5.325409 361.6667 3.259072 6.941009 366.3657 3.222468 5.305603 361.6599 3.28163 6.918793 366.3576 3.244996 5.283569 361.6524 3.301932 6.893951 366.3485 3.265224 5.258972 361.6438 3.320266 6.865997 366.3381 3.283437 5.231323 361.634 3.336861 6.83432 366.3263 3.299858 5.200012 361.6101 3.365535 6.75647 366.2971 3.328004 5.123077 361.5772 3.38899 6.650543 366.257 3.35061 5.018463 366.1085 3.379395 4.632965</float_array>
          <technique_common>
            <accessor source="#Helice-mesh-positions-array" count="3046" stride="3">
              <param name="X" type="float" />
              <param name="Y" type="float" />
              <param name="Z" type="float" />
            </accessor>
          </technique_common>
        </source>
        <source id="Helice-mesh-normals">
          <float_array id="Helice-mesh-normals-array" count="17625">-0.9971692 -6.35118e-4 -0.07518887 -0.9960779 -1.72994e-5 -0.08848184 -0.9879155 1.23998e-4 -0.1549939 -0.9887626 -8.02823e-4 -0.1494919 -0.9745041 4.20936e-4 -0.2243694 -0.9734234 8.64178e-4 -0.2290114 -0.9571151 -0.0012452 -0.2897056 -0.9545285 8.87024e-6 -0.29812 -0.932538 1.80634e-5 -0.3610722 -0.9277762 0.001743793 -0.3731331 -0.899555 -0.002350628 -0.4368015 -0.9084594 -0.006540417 -0.417922 -0.849988 0.001674473 -0.5267996 -0.8611888 -0.001240372 -0.5082839 -0.8431562 8.37352e-4 -0.5376681 -0.8412619 -2.0057e-4 -0.5406277 -0.8377982 1.52042e-4 -0.5459799 -0.8475761 -1.76402e-4 -0.5306739 -0.8538195 -0.001112818 -0.520568 -0.8151969 -0.002220928 -0.5791797 -0.8155927 -0.001124858 -0.5786253 -0.8352643 -0.003748714 -0.549836 -0.8372274 -0.005929291 -0.546823 -0.8337674 -0.003281474 -0.5521061 -0.8305626 -0.001634418 -0.556923 -0.8279924 -5.25101e-4 -0.5607389 -0.8257687 -2.32129e-4 -0.564009 -0.8239186 0 -0.5667082 -0.8220521 6.02623e-5 -0.5694122 -0.8216283 -2.94993e-4 -0.5700237 -0.8190523 -3.77075e-4 -0.5737187 -0.8171283 -0.001045405 -0.5764551 -0.8159667 -0.001611351 -0.5780967 -0.8153416 -0.001971483 -0.578977 -0.8149567 -0.002435326 -0.5795168 -0.8387233 -6.38735e-5 -0.544558 -0.8304588 2.75232e-4 -0.5570802 -0.8280046 -2.39037e-4 -0.5607212 -0.8238213 1.24205e-4 -0.5668497 -0.8145515 0.002182722 -0.5800873 -0.814441 0.001948714 -0.5802431 -0.8148179 0.001880645 -0.5797142 -0.8153559 0.001643002 -0.5789578 -0.8165786 7.34591e-4 -0.5772339 -0.8189728 7.66775e-5 -0.5738325 -0.821388 -1.54152e-4 -0.5703699 -0.8263957 8.07428e-4 -0.5630893 -0.8306007 0.002780318 -0.5568616 -0.8342195 0.005277156 -0.5514074 -0.8153166 -1.74642e-4 -0.5790156 -0.8150886 -9.69535e-6 -0.5793365 -0.8145695 2.45407e-4 -0.580066 -0.8145768 3.34505e-4 -0.5800556 -0.8148201 0.001214921 -0.5797126 -0.8962439 -0.001610994 -0.4435588 -0.8819686 -1.09805e-5 -0.4713083 -0.8676778 3.54968e-5 -0.4971271 -0.8724512 -0.001160502 -0.4887 -0.8562498 7.39368e-4 -0.5165616 -0.8542611 9.76764e-4 -0.5198433 -0.9994143 -0.002257645 0.03414601 -0.9997355 1.57401e-5 0.02300363 -0.9981918 0 -0.06011009 -0.8187556 -1.85369e-4 0.5741421 -0.8633736 0.001495957 0.5045629 -0.8678359 -7.2761e-4 0.4968506 -0.9338822 7.3834e-4 0.3575799 -0.9350646 -6.00386e-7 0.3544775 -0.962235 1.15303e-5 0.2722201 -0.9800884 -0.001594126 0.1985556 -0.9815339 0 0.1912885 -0.9943917 -1.34816e-5 0.1057604 -0.7861998 -0.002256155 0.6179683 -0.7797614 -0.005012452 0.6260567 -0.7424048 -9.95355e-6 0.6699517 -0.67215 -0.01011872 0.7403459 -0.6646813 -0.01308751 0.7470125 -0.6478238 -0.02157038 0.7614849 -0.6776547 0 0.7353803 -0.6700067 -0.005882859 0.7423318 -0.661656 -0.0115152 0.7497192 -0.6552475 -0.01696139 0.7552238 -0.6514801 -0.01895123 0.7584289 -0.648812 -0.0211721 0.7606543 -0.6494802 -0.02056497 0.7601004 -0.6521801 -0.01908296 0.7578238 -0.6581292 -0.01592868 0.7527366 -0.6824316 -0.006748259 0.7309184 -0.7000214 -0.002151846 0.7141187 -0.7219147 -1.25187e-5 0.691982 -0.1305677 0 0.9914394 -0.3718973 0 0.9282739 -0.3718976 0 0.9282737 -0.216067 0 0.9763786 -0.1820815 -0.1495078 0.9718507 -0.262495 0 0.9649335 -0.07148325 -0.05989801 0.9956417 -0.0811721 0 0.9967002 -0.0500496 0 0.9987468 -0.05509465 0.06956011 0.9960553 -0.07163965 0 0.9974306 -0.09408432 0 0.9955643 -0.1043667 0.09009569 0.9904496 -0.1178625 0 0.99303 -0.1086782 0 0.994077 -0.093508 -0.09744864 0.9908381 -0.07345306 0 0.9972987 -0.06557029 0 0.997848 -0.07155334 0.0493083 0.9962173 -0.0811581 0 0.9967013 -0.0905112 0 0.9958955 -0.1022822 0.05886077 0.9930125 -0.120671 0 0.9926926 -0.1648576 0 0.9863174 -0.168143 0.01131749 0.9856977 -0.1699873 0 0.9854463 -0.08244091 0 0.996596 -0.05872291 -0.06749355 0.9959902 -0.02160966 0 0.9997665 0.02310532 0 0.9997331 0.0378049 -0.05170774 0.9979465 0.04880475 0 0.9988084 0.06175833 0 0.9980912 0.06175863 0 0.9980912 0.1216337 0 0.9925751 0.1320521 -0.06608426 0.9890376 0.08680516 0 0.9962253 0.3132218 0 0.9496801 0.2902014 0 0.9569656 0.2450262 -0.03799468 0.9687718 0.2435191 -0.02836626 0.9694813 0.1840844 0 0.9829105 0.1954918 0 0.9807053 0.2451725 0 0.9694795 0.2695919 0.04966843 0.9616929 0.2885758 0 0.9574571 0.3132219 0 0.94968 0.1237167 0.09890645 0.9873762 0.1525378 0 0.9882977 -0.01410108 0 0.9999006 -0.1487326 0.0422492 0.9879745 -0.1383864 0 0.9903784 -0.01410108 0 0.9999006 -0.1300916 -0.03485602 0.9908891 -0.1699609 0 0.9854509 -0.1727967 0 0.9849575 -0.1372597 0 0.9905351 -0.01137572 0 0.9999354 -0.01137572 0 0.9999353 0.12655 0 0.9919602 0.12655 0 0.9919602 -0.1935402 -0.01780188 -0.9809308 -0.3643607 -0.05179351 -0.9298166 -0.3362123 0.0219801 -0.9415297 -0.2926874 -0.009028494 -0.9561656 -0.2848136 -3.30176e-5 -0.9585829 -0.2450172 -3.02187e-5 -0.9695188 -0.255994 -0.03268516 -0.9661257 -0.2234565 0.008397698 -0.9746778 -0.6457898 0 -0.7635153 -0.6230618 0.1113699 -0.7742034 -0.58111 -0.01794338 -0.8136272 -0.5374613 0.009255588 -0.8432377 -0.4813926 -0.06205731 -0.8743056 -0.466823 -3.26768e-5 -0.8843508 -0.3983978 2.26878e-5 -0.9172127 0.02112329 -1.53115e-5 -0.999777 0.01983958 -0.004248321 -0.9997943 0.06584501 0.00516355 -0.9978166 0.06480216 0 -0.9978982 0.0974344 0 -0.9952419 0.1080152 0.03672569 -0.9934707 0.1141089 0 -0.9934682 0.1126856 0 -0.9936307 0.09477066 0 -0.9954991 0.002994418 -6.5267e-4 -0.9999953 0.01974874 0.003587186 -0.9997986 0.03770238 -0.08305078 -0.9958319 0.0541917 0 -0.9985306 0.00356239 0 -0.9999937 4.90032e-4 0 -0.9999999 4.89951e-4 0 -0.9999999 -0.02055799 0 -0.9997887 -0.02055823 0 -0.9997887 -0.06039685 0 -0.9981744 -0.06039696 0 -0.9981745 -0.04891061 0 -0.9988032 -0.05268365 0.02216124 -0.9983654 -0.05927103 -0.02965027 -0.9978015 -0.082946 0 -0.9965541 -0.09146672 0 -0.9958082 -0.1112751 0.01479142 -0.9936797 -0.1143987 -0.009865581 -0.9933859 -0.1081832 -0.04281246 -0.9932088 -0.1046566 -0.008061528 -0.9944757 -0.1007437 0 -0.9949125 -0.1027143 0 -0.994711 -0.1152293 -0.001566708 -0.9933378 -0.1886144 0 -0.9820513 -0.1670389 0 -0.9859504 -0.1670388 0 -0.9859504 -0.1702393 0 -0.9854028 -0.1574825 -0.02461034 -0.9872151 -0.1518377 0.004059135 -0.9883971 -0.1148307 -0.003717422 -0.9933782 0 1 0 0 1 0 0 1 2.18845e-7 0 1 0 0 1 0 0 1 0 0 1 0 0 1 0 0 1 0 0 1 0 0 1 0 0 1 0 0 1 0 0 1 0 0 1 0 0 1 0 0 1 0 0 1 0 0 1 0 0 1 0 0 1 0 0 1 0 0 -1 0 0 -1 0 0 -1 -1.69645e-7 0 -1 0 0 -1 0 0 -1 0 0 -1 0 0 -1 0 0 -1 0 0 -1 0 0 -1 0 0 -1 0 0 -1 0 0 -1 3.19711e-7 0 -1 -2.09021e-7 0 -1 1.22406e-7 0 -1 0 0 -1 -1.23637e-7 0 -1 0 0 -1 0 0 -1 0 0 -1 0 0 -1 0 0 -1 -1.33549e-7 0 -1 -2.77409e-7 0 -1 0 0 -1 2.39406e-7 0 -1 0 0 -1 0 0 -1 2.49e-7 0 -1 7.33787e-7 0 -1 -7.77518e-7 0 -1 -1.2253e-6 0 -1 7.52686e-7 0.8191554 0 0.5735718 0.5009754 0 -0.8654616 -0.8191529 0 -0.5735754 -0.5014694 1.10057e-6 0.8651753 -0.5185791 -7.44261e-4 -0.8550294 -0.5202371 -8.85316e-4 -0.8540216 -0.5358359 -0.002866804 -0.8443173 -0.541495 -0.003890156 -0.840695 -0.5311173 -0.002160549 -0.8472957 -0.5286928 -0.001827597 -0.8488114 -0.5261393 -0.001509189 -0.8503972 -0.5239078 -0.001257121 -0.8517741 -0.5233774 -0.00120002 -0.8521001 -0.5222018 -0.001081228 -0.8528213 -0.5160782 -5.4764e-4 -0.8565414 -0.5149475 -4.68334e-4 -0.8572216 -0.5133151 -3.6563e-4 -0.8582001 -0.5103116 -1.9926e-4 -0.8599897 -0.5075674 -7.94731e-5 -0.8616122 -0.5053333 1.89079e-6 -0.8629243 -0.5129652 3.43489e-4 -0.8584094 -0.5152396 4.91299e-4 -0.8570461 -0.5165551 5.83148e-4 -0.8562539 -0.5182148 7.15643e-4 -0.8552503 -0.5184276 7.34595e-4 -0.8551213 -0.5196442 8.39672e-4 -0.8543825 -0.5210005 9.66534e-4 -0.8535559 -0.5221868 0.00107634 -0.8528305 -0.5245308 0.001323938 -0.8513904 -0.5267017 0.001578509 -0.8500488 -0.5291679 0.001888692 -0.8485151 -0.5327088 0.002391457 -0.8462953 -0.5381923 0.003253102 -0.8428158 -0.54839 0.005263149 -0.8362062 -0.5735354 0.01175224 -0.8190966 -0.7151063 -0.006623804 -0.6989845 -0.6514941 -5.2347e-7 -0.7586538 -0.5735757 -1.09578e-6 -0.8191525 -0.6031648 -0.0213561 -0.7973307 -0.5532791 -0.006313562 -0.8329722 -0.7071066 0 -0.707107 -0.819153 0 -0.5735753 -0.8191528 0 -0.5735753 -0.9063079 0 -0.422618 -0.9659264 0 -0.258817 -0.9659264 0 -0.258817 -0.9961948 0 -0.08715468 -0.9961948 0 -0.08715468 -0.9961948 0 0.08715468 -0.9961948 0 0.08715468 -0.9659264 0 0.258817 -0.9659264 0 0.258817 -0.9063079 0 0.4226179 -0.9063079 0 0.422618 -0.8191553 0 0.5735719 -0.8191555 0 0.5735717 -0.7071027 0 0.7071108 -0.707103 0 0.7071106 -0.5735752 0 0.819153 -0.5735759 0 0.8191525 -0.3517357 1.0854e-4 0.9360994 -0.3614664 4.37426e-4 0.9323851 -0.3558807 2.2243e-4 0.9345314 -0.3524651 1.23745e-4 0.9358249 -0.4423846 0.01346653 0.8967244 -0.4266355 0.009168088 0.9043772 -0.3990961 0.003794491 0.9169013 -0.422618 7.52596e-6 0.9063079 -0.4882748 0.03026103 0.8721652 -0.4648835 0.02018892 0.8851418 -0.3815953 0.001924276 0.9243275 -0.3749974 0.001310825 0.9270249 -0.3684833 8.33064e-4 0.9296341 -0.3490411 5.55271e-5 0.9371075 -0.3510293 8.81662e-5 0.9363645 -0.3257187 -3.30573e-4 0.9454666 -0.4261384 0 0.9046581 -0.422617 -0.002158761 0.9063059 -0.3457463 0 0.9383281 -0.5735758 2.19485e-5 0.8191525 -0.6179193 0.02457779 0.7858574 -0.5517692 3.74448e-4 0.8339968 -0.8191553 1.24075e-5 0.5735719 -0.8438344 0.02248239 0.5361326 -0.7956265 -6.15901e-6 0.6057876 -0.7071031 1.27267e-5 0.7071105 -0.7439882 0.02555054 0.6677041 -0.6856659 -1.58529e-5 0.7279165 -0.9659264 9.38642e-6 0.258817 -0.9753938 0.02228194 0.2193409 -0.9532799 -4.1041e-6 0.3020884 -0.9063081 9.44047e-6 0.4226179 -0.923783 0.02319121 0.3822137 -0.8881665 -4.9096e-6 0.4595218 -0.9961948 2.5176e-6 -0.08715468 -0.9928682 0.01782679 -0.1178778 -0.9995068 -2.2198e-6 -0.03140419 -0.9961948 4.80377e-6 0.08715468 -0.9984903 0.02053338 0.05094498 -0.9906014 -6.042e-7 0.1367806 -0.906308 0 -0.4226179 -0.9028325 0.004723191 -0.4299665 -0.9368828 -1.83508e-6 -0.3496436 -0.9659264 -1.09579e-6 -0.258817 -0.9623132 0.007845282 -0.2718307 -0.9823578 1.30859e-6 -0.1870113 -0.5996538 9.42114e-7 -0.8002596 -0.6457985 5.68456e-7 -0.763508 -0.7071051 0.002185046 -0.7071051 -0.7098859 0 -0.7043167 -0.8191527 0 -0.5735756 0.5185791 -7.45497e-4 0.8550294 0.5199385 -8.6469e-4 0.8542032 0.536113 -0.002914786 0.8441413 0.5412517 -0.003840208 0.840852 0.5309687 -0.002139449 0.8473888 0.5286718 -0.00182861 0.8488245 0.5264121 -0.001544237 0.8502282 0.5227186 -0.001122832 0.8525047 0.5233403 -0.001198649 0.852123 0.5225957 -0.001117527 0.85258 0.5160782 -5.4764e-4 0.8565414 0.5152387 -4.89114e-4 0.8570466 0.5134674 -3.77223e-4 0.858109 0.5100078 -1.86069e-4 0.8601698 0.5078099 -8.99017e-5 0.8614692 0.5047557 2.24617e-5 0.8632622 0.5133066 3.64094e-4 0.8582052 0.5147495 4.54596e-4 0.8573406 0.5165257 5.83267e-4 0.8562716 0.5182148 7.15643e-4 0.8552503 0.5183541 7.32096e-4 0.8551658 0.5194104 8.14974e-4 0.8545246 0.5201293 8.80226e-4 0.8540871 0.522185 0.001081466 0.8528316 0.5244948 0.001328587 0.8514126 0.5274791 0.001671195 0.8495665 0.5287815 0.001841425 0.848756 0.5331282 0.002455651 0.846031 0.5382744 0.003267347 0.8427633 0.5483213 0.00524652 0.8362514 0.5735325 0.01175117 0.8190985 0.7150979 -0.006616413 0.6989931 0.651554 -7.85212e-7 0.7586023 0.5735722 -2.19154e-6 0.819155 0.6031485 -0.0213477 0.7973433 0.5533224 -0.006321907 0.8329433 0.7071066 0 0.707107 0.8191555 0 0.5735716 0.8191552 0 0.5735719 0.9063079 0 0.422618 0.9063079 0 0.4226179 0.9659245 0 0.258824 0.9659245 0 0.2588241 0.9961948 0 0.08715468 0.9961948 0 0.08715468 0.9961948 0 -0.08715468 0.9961948 0 -0.08715468 0.9659245 0 -0.258824 0.9659245 0 -0.2588241 0.9063079 0 -0.422618 0.819153 0 -0.5735753 0.8191528 0 -0.5735753 0.7071104 0 -0.7071031 0.7071107 0 -0.7071029 0.5735717 0 -0.8191555 0.5735723 0 -0.819155 0.3508088 8.85215e-5 -0.9364472 0.3614795 4.34833e-4 -0.93238 0.3561295 2.30087e-4 -0.9344366 0.3530584 1.4116e-4 -0.9356014 0.442396 0.01346647 -0.8967187 0.4266015 0.009158611 -0.9043934 0.3991553 0.00380361 -0.9168755 0.422618 6.07866e-6 -0.9063079 0.4883052 0.0302748 -0.8721476 0.4648841 0.02018904 -0.8851414 0.3812094 0.001884579 -0.9244868 0.3751402 0.001320898 -0.9269672 0.3683236 8.21711e-4 -0.9296974 0.3490411 5.50223e-5 -0.9371075 0.3508849 8.89261e-5 -0.9364186 0.3493256 6.42324e-5 -0.9370015 0.426145 0 -0.9046549 0.422617 -0.002162575 -0.9063059 0.3456167 0 -0.9383759 0.5735717 2.19483e-5 -0.8191554 0.6179083 0.02457368 -0.7858662 0.5517766 3.7719e-4 -0.833992 0.8191528 1.56734e-5 -0.5735754 0.8438313 0.02248466 -0.5361374 0.79561 -8.82804e-6 -0.6058093 0.7071107 1.02706e-5 -0.707103 0.7440091 0.02555775 -0.6676805 0.6856725 -1.60113e-5 -0.7279102 0.9659246 5.21317e-6 -0.2588241 0.9753938 0.02228194 -0.219341 0.9532844 -5.13015e-7 -0.3020744 0.906308 1.29185e-5 -0.422618 0.9237776 0.02318656 -0.3822271 0.8881723 -1.33899e-6 -0.4595108 0.9961948 -1.29738e-6 0.08715468 0.9928682 0.01782178 0.1178779 0.9995062 -2.2198e-6 0.03142523 0.9961948 5.33752e-6 -0.08715468 0.9984905 0.0205329 -0.05094498 0.990599 -4.83359e-6 -0.1367977 0.9063079 0 0.4226182 0.902831 0.004724919 0.4299697 0.9368929 -1.46795e-6 0.3496167 0.9659245 -1.09578e-6 0.2588241 0.9623108 0.007846534 0.271839 0.9823667 -3.48962e-6 0.1869645 0.5996622 -5.20618e-6 0.8002533 0.6455177 -5.68508e-6 0.7637454 0.7071051 0.002187848 0.7071051 0.7098898 0 0.7043128 0.8191552 0 0.573572 0.3456311 0 -0.9383706 0.2588168 0 -0.9659264 0.08716231 0 -0.9961941 0.08716231 0 -0.9961941 -0.08716231 0 -0.9961941 -0.08716231 0 -0.9961941 -0.2588168 0 -0.9659264 -0.4226183 0 -0.9063078 -0.4226177 0 -0.9063081 -0.5054121 0 -0.8628781 -0.5091531 1.3387e-4 -0.860676 -0.3457751 0 0.9383174 -0.2588244 0 0.9659245 -0.2588237 0 0.9659246 -0.0871551 0 0.9961948 -0.08715432 0 0.9961948 0.08715438 0 0.9961949 0.0871551 0 0.9961948 0.2588236 0 0.9659246 0.2588244 0 0.9659244 0.4226177 0 0.9063081 0.4226183 0 0.9063078 0.5054836 0 0.8628363 0.5090209 1.25913e-4 0.8607543 0 -1 0 0 -1 -1.0313e-6 0 -1 0 0 -1 -1.03127e-6 0 -1 1.54692e-7 0 -1 -2.06252e-6 0 -1 0 0 -1 0 0 -1 0 0 -1 -2.06254e-6 0 -1 0 0 -1 2.06255e-6 0 -1 0 0 -1 0 0 -1 3.60943e-7 0 -1 0 0 -1 0 0 -1 0 0 -1 0 0 -1 0 0 -1 0 0 -1 2.06258e-6 0 -1 0 0 -1 0 0 -1 -1.80473e-7 0 -1 2.06254e-6 0 -1 0 0 -1 -3.60946e-7 0 -1 1.80473e-7 0 -1 -3.60946e-7 0 -1 0 0 -1 -1.03129e-6 0 -1 0 0 -1 0 0 -1 0 -0.0871703 0 -0.9961935 -0.0871694 0 -0.9961936 -0.258817 0 -0.9659264 -0.258817 0 -0.9659264 -0.422603 0 -0.9063149 -0.5735947 0 -0.8191394 -0.7071071 0 -0.7071066 -0.8191394 0 -0.5735946 -0.8191393 0 -0.5735948 -0.9063149 0 -0.422603 -0.9063149 0 -0.4226031 -0.9659264 0 -0.258817 -0.9961935 0 -0.08716976 -0.9961935 0 -0.08716976 -0.9961935 0 0.08716976 -0.9961935 0 0.08716976 -0.9659264 0 0.258817 -0.9063082 0 0.4226176 -0.9063082 0 0.4226176 -0.8191517 0 0.573577 -0.8191519 0 0.5735768 -0.7071066 0 0.707107 -0.7071071 0 0.7071066 -0.5735947 0 0.8191394 -0.422603 0 0.9063149 -0.258817 0 0.9659264 -0.258817 0 0.9659264 -0.0871694 0 0.9961936 -0.0871703 0 0.9961935 0.0871703 0 0.9961935 0.0871694 0 0.9961936 0.258817 0 0.9659264 0.258817 0 0.9659264 0.4226176 0 0.9063082 0.4226176 0 0.9063081 0.5735769 0 0.8191518 0.7071071 0 0.7071066 0.8191519 0 0.5735768 0.8191517 0 0.573577 0.9063082 0 0.4226176 0.9063082 0 0.4226176 0.9659264 0 0.258817 0.9659264 0 0.258817 0.9961935 0 0.08716976 0.9961935 0 0.08716976 0.9961935 0 -0.08716976 0.9961935 0 -0.08716976 0.9659264 0 -0.258817 0.9659264 0 -0.258817 0.9063149 0 -0.422603 0.9063149 0 -0.4226031 0.8191393 0 -0.5735948 0.8191394 0 -0.5735946 0.7071066 0 -0.707107 0.7071071 0 -0.7071066 0.5735769 0 -0.8191518 0.4226176 0 -0.9063082 0.4226176 0 -0.9063081 0.258817 0 -0.9659264 0.258817 0 -0.9659264 0.0871694 0 -0.9961936 0.0871703 0 -0.9961935 0 1 -2.57819e-7 0 1 5.15627e-7 0 1 0 0 1 0 0 1 0 0 1 0 0 1 -2.06255e-6 0 1 3.09382e-7 0 1 0 0 1 0 0 1 -2.06256e-7 0 1 0 0 1 0 0 1 2.57819e-7 0 1 -5.15646e-7 0 1 1.03126e-6 0 1 -2.06255e-7 0 1 0 0 1 0 0 1 0 0 1 0 0 1 0 0 1 0 0 1 0 0 1 0 0 1 0 0 1 0 0 1 2.06252e-6 0 1 -2.06255e-7 0 1 0 0.8499382 0.00169456 0.5268797 0.8611553 -0.001240313 0.5083405 0.8431551 8.66229e-4 0.5376697 0.8410449 -1.78238e-4 0.5409653 0.8377974 1.20033e-4 0.5459813 0.8476186 -2.11694e-4 0.530606 0.8538195 -0.001112818 0.520568 0.8152203 -0.002035856 0.5791475 0.8156183 -0.001144289 0.5785893 0.8352597 -0.004998266 0.5498329 0.8371055 -0.005472362 0.5470142 0.8337675 -0.003424167 0.552105 0.830821 -0.001722872 0.5565371 0.8274906 -5.83091e-4 0.5614794 0.8256572 -1.93498e-4 0.5641721 0.8239254 0 0.5666984 0.8221456 6.02491e-5 0.5692773 0.8195782 -5.90368e-4 0.572967 0.819194 -3.77139e-4 0.5735165 0.8171373 -0.001132547 0.576442 0.8159789 -0.001611411 0.5780795 0.8153561 -0.001971542 0.5789564 0.814977 -0.002400577 0.5794884 0.8399724 -6.39687e-5 0.5426291 0.8304137 2.65024e-4 0.5571474 0.8280137 -2.07468e-4 0.5607079 0.8240517 2.4848e-4 0.5665147 0.8146402 0.001883685 0.5799636 0.814539 0.002126157 0.580105 0.8148187 0.001880645 0.579713 0.8152144 0.001536726 0.5791574 0.8167308 8.26558e-4 0.5770183 0.8188857 1.53388e-4 0.5739567 0.8213499 -7.70452e-5 0.5704249 0.8262888 6.91992e-4 0.5632463 0.8307067 0.00272721 0.5567038 0.83422 0.005211174 0.5514073 0.8153418 -1.74647e-4 0.5789801 0.8150778 -9.59572e-6 0.5793517 0.8146038 2.62947e-4 0.5800178 0.8145945 2.60635e-4 0.580031 0.8148598 0.001342773 0.5796566 0.8550341 9.77647e-4 0.518571 0.8562509 7.02397e-4 0.5165598 0.8724887 -0.001168787 0.4886329 0.8676661 3.54983e-5 0.4971476 0.8819416 -1.09816e-5 0.4713587 0.997175 -6.35121e-4 0.07511144 0.996064 -1.72991e-5 0.08863741 0.987904 1.23992e-4 0.1550671 0.9887625 -8.02821e-4 0.1494932 0.9744997 4.20972e-4 0.2243884 0.9734231 8.4284e-4 0.2290127 0.9571149 -0.0012452 0.2897061 0.9545528 -1.77409e-5 0.2980422 0.9325531 -9.03184e-6 0.3610329 0.9277651 0.001743793 0.3731609 0.8995592 -0.002350568 0.4367926 0.9083766 -0.00652939 0.4181021 0.8962534 -0.001606464 0.4435395 0.9994143 -0.002257645 -0.03414595 0.9997346 0 -0.02303898 0.9982014 0 0.05994933 0.8190158 -2.26634e-4 -0.573771 0.8633807 0.001532375 -0.5045508 0.8678376 -7.30826e-4 -0.4968475 0.9338618 7.56386e-4 -0.3576333 0.9350719 -9.40219e-6 -0.3544582 0.9622625 -1.15263e-5 -0.2721232 0.9800883 -0.001610577 -0.1985555 0.9815419 0 -0.1912475 0.994413 0 -0.1055607 0.7861589 -0.002256035 -0.6180204 0.7797511 -0.005012571 -0.6260697 0.7425174 -1.2552e-5 -0.6698269 0.67215 -0.01011872 -0.7403459 0.6648294 -0.01296865 -0.7468826 0.6484488 -0.02114892 -0.7609646 0.6776547 0 -0.7353803 0.6710754 -0.005942165 -0.7413654 0.6607749 -0.0125944 -0.7504786 0.6563544 -0.0160712 -0.7542816 0.6507156 -0.01923316 -0.759078 0.6485639 -0.02122288 -0.7608644 0.6489393 -0.02057749 -0.7605619 0.6523306 -0.01901787 -0.757696 0.658035 -0.01599586 -0.7528175 0.6822152 -0.006748199 -0.7311203 0.7001973 -0.002136468 -0.7139462 0.7216932 -1.25175e-5 -0.6922131 0.1305552 0 -0.9914411 0.3718964 0 -0.9282743 0.371896 0 -0.9282745 0.2160706 0 -0.9763777 0.18208 -0.1495311 -0.9718475 0.2625042 0 -0.9649309 0.07148301 -0.05988496 -0.9956426 0.08117002 0 -0.9967004 0.05004876 0 -0.9987468 0.05509454 0.06957429 -0.9960542 0.07164269 0 -0.9974305 0.09408265 0 -0.9955644 0.1043666 0.09011042 -0.9904482 0.1178645 0 -0.9930298 0.1086786 0 -0.994077 0.0935077 -0.09745264 -0.9908377 0.07345265 0 -0.9972987 0.06556886 0 -0.997848 0.07155227 0.04931348 -0.9962171 0.0811581 0 -0.9967013 0.09051614 0 -0.995895 0.102284 0.05884391 -0.9930133 0.1206679 0 -0.992693 0.1648561 0 -0.9863176 0.1681433 0.01132237 -0.9856976 0.169988 0 -0.9854462 0.08244091 0 -0.996596 0.05872279 -0.06749397 -0.99599 0.02160948 0 -0.9997666 -0.02310127 0 -0.9997332 -0.03780627 -0.05172652 -0.9979454 -0.04881095 0 -0.9988081 -0.06175684 0 -0.9980913 -0.06175678 0 -0.9980912 -0.1216358 0 -0.9925748 -0.1320523 -0.06606847 -0.9890385 -0.08681577 0 -0.9962244 -0.313222 0 -0.94968 -0.2902143 0 -0.9569618 -0.2450245 -0.03800839 -0.9687717 -0.2435165 -0.0283789 -0.9694815 -0.1840547 0 -0.9829161 -0.195498 0 -0.9807041 -0.2451764 0 -0.9694785 -0.2695928 0.04966282 -0.961693 -0.2885739 0 -0.9574577 -0.3132219 0 -0.94968 -0.123718 0.09891772 -0.987375 -0.1525415 0 -0.9882972 0.01410484 0 -0.9999006 0.148732 0.04224824 -0.9879747 0.138386 0 -0.9903784 0.0141052 0 -0.9999006 0.1300848 -0.03487658 -0.9908893 0.1699779 0 -0.9854479 0.1727954 0 -0.9849578 0.1372575 0 -0.9905354 0.01137572 0 -0.9999354 0.01137572 0 -0.9999353 -0.126538 0 -0.9919618 -0.1265373 0 -0.9919618 0.1935403 -0.01781803 0.9809306 0.3643594 -0.05179333 0.929817 0.3362123 0.02197039 0.9415299 0.2926898 -0.009028553 0.9561649 0.2848173 -2.64144e-5 0.9585819 0.2450159 -2.01457e-5 0.9695191 0.2559915 -0.03270238 0.9661257 0.2234631 0.008390843 0.9746763 0.6457856 8.24248e-5 0.7635188 0.6230638 0.1113408 0.7742059 0.5811101 -0.0179336 0.8136274 0.5374611 0.009285569 0.8432374 0.4813948 -0.06203866 0.8743056 0.4668233 -3.26768e-5 0.8843507 0.3983978 2.26878e-5 0.9172128 -0.02112746 -9.38119e-7 0.9997768 -0.01984477 -0.004232347 0.9997942 -0.06584501 0.005179166 0.9978165 -0.06479912 0 0.9978984 -0.09743523 0 0.9952419 -0.1080154 0.03672349 0.9934707 -0.1141084 0 0.9934684 -0.1126865 0 0.9936307 -0.1126866 0 0.9936307 -0.09476864 0 0.9954994 -0.002978801 -6.5677e-4 0.9999954 -0.01974844 0.003587186 0.9997986 -0.0377025 -0.08305066 0.9958319 -0.05419123 0 0.9985306 -0.003550171 0 0.9999938 -4.90675e-4 0 1 0.02055829 0 0.9997887 0.02055805 0 0.9997887 0.06039696 0 0.9981744 0.06039696 0 0.9981745 0.04891061 0 0.9988032 0.05268251 0.02215504 0.9983655 0.05927103 -0.02966427 0.9978011 0.08295863 0 0.9965531 0.09146672 0 0.9958082 0.1112751 0.01479142 0.9936797 0.1143987 -0.009865581 0.9933859 0.1081821 -0.04282009 0.9932085 0.1046566 -0.008076131 0.9944756 0.1007369 0 0.9949132 0.1886103 0 0.982052 0.1670379 0 0.9859505 0.1670379 0 0.9859505 0.1702465 0 0.9854015 0.1574867 -0.02461445 0.9872143 0.1518403 0.004061877 0.9883967 0.1152287 -0.0036394 0.9933324 0.1148257 -0.001484215 0.9933845 0.1029519 0 0.9946864 0 1 3.49096e-7 0 1 0 0 1 -1.25982e-7 0 1 0 0 1 0 0 1 0 0 1 0 0 1 0 0 1 0 0 1 0 0 1 0 0 1 0 0 1 0 0 1 0 0 1 0 0 1 0 0 1 0 0 -1 -3.3929e-7 0 -1 0 0 -1 0 0 -1 0 0 -1 0 0 -1 0 0 -1 0 0 -1 0 0 -1 0 0 -1 0 0 -1 0 0 -1 0 0 -1 -3.1972e-7 0 -1 2.09018e-7 0 -1 0 0 -1 0 0 -1 1.23635e-7 0 -1 1.20203e-7 0 -1 0 0 -1 2.77419e-7 0 -1 0 0 -1 -2.39409e-7 0 -1 0 0 -1 0 0 -1 0 0 -1 3.88454e-7 0 -1 -1.8512e-7 0 -1 1.22607e-6 0 -1 -5.46482e-7 -0.003090023 0.9997822 0.02064275 -0.03681522 0.9961248 0.07987606 -0.1079546 0.9851923 0.1331992 -0.1526012 0.9391854 0.3076421 -0.1786808 0.9137943 0.3647645 -0.2472525 0.8330282 0.4949042 -0.3227472 0.6922352 0.6454803 -0.3418718 0.4959157 0.7982428 -0.3660965 0.361114 0.8576537 0.1045588 0.7326399 0.6725372 0.05974853 0.8928639 0.4463453 0.02305597 0.9522969 0.3043009 -0.03294122 0.9689113 0.245206 -0.01605051 0.99439 0.1045513 -0.009787023 0.9986561 0.05089455 -0.005910158 0.999181 0.04003059 -0.02486735 0.9993346 0.02668648 -0.01324665 0.9997346 0.01884746 -0.002510786 0.9999439 0.01029717 -1.59049e-4 0.9999997 9.52951e-4 -0.01336926 0.9959191 0.08925485 -0.0164721 0.9969539 0.07623523 -0.02541518 0.9975588 0.06504184 -0.02304524 0.989231 0.1445376 -0.02119064 0.9864 0.1629912 -0.01389873 0.9865939 0.1626026 -0.009494781 0.9827411 0.1847431 -0.004954755 0.9741419 0.2258827 0.02705705 0.9234099 0.3828604 0.03583508 0.8958173 0.4429753 0.160174 0.07172375 0.9844797 -0.3799331 0.2444778 0.8921219 -0.3857212 0.17625 0.9056242 -0.3894764 0.07113128 0.9182856 -0.1305416 0.9560145 0.2626697 -0.1215662 0.9623188 0.2432369 -0.005572915 0.9994518 0.03263735 -0.004418253 0.9994225 0.03369188 -0.01031649 0.9992001 0.03863859 -0.01174396 0.9997028 0.02136421 -0.00359416 0.9997833 0.02050197 -0.00357449 0.9997837 0.02049189 -0.002835631 0.9997834 0.02061933 -0.003288149 0.9997718 0.02111124 -0.001564741 0.9997918 0.02034991 -0.002093017 0.9997834 0.02070921 -1.37509e-4 0.999783 0.02083665 -1.42883e-4 0.9997829 0.02084267 0.001313984 0.9997836 0.02076053 0.002394974 0.9997857 0.02056384 0.002537965 0.9997832 0.02067136 0.003922164 0.9997836 0.02043205 0.00458604 0.9997894 0.02000451 0.3131345 -0.02358478 0.9494159 0.004972636 0.9997835 0.02020806 0.006081402 0.9997835 0.01989942 0.006115436 0.9997848 0.01982605 0.006564676 0.9997832 0.01976275 0.006573975 0.9997837 0.01973545 0.006476461 0.9997837 0.01976829 0.006473004 0.9997831 0.01979982 0.005128502 0.9997841 0.02013832 0.005099833 0.9997829 0.0202009 0.003614902 0.9997836 0.0204879 0.002860844 0.9997784 0.02085709 0.002562105 0.9997835 0.0206514 0.001680374 0.9997837 0.02073532 0.001479506 0.9997804 0.02090632 0.00132066 0.9997836 0.0207597 0.001020312 0.9997836 0.02077734 0.001065075 0.9997866 0.02063184 -6.4467e-5 0.9997762 0.02115935 1.93802e-4 0.9997831 0.02082824 -0.001671671 0.9997834 0.02074903 -0.002290487 0.9997765 0.02102047 -0.001419246 0.9997844 0.0207194 -0.002301394 0.9997829 0.02071183 -0.002278506 0.9997837 0.02067762 -0.002375423 0.9997836 0.02066582 -0.002471745 0.9997794 0.02085816 -0.001907765 0.9997884 0.02048403 -0.00205177 0.9997836 0.02070194 -0.001465022 0.9997836 0.02075201 -0.00157684 0.9997775 0.02103829 -8.79994e-4 0.9997948 0.02023929 -0.001046061 0.9997828 0.020819 0.002806365 0.9998016 0.01971811 -0.001921713 0.9996206 0.02747619 0.001902103 0.999611 0.02782887 -9.94581e-5 0.9995998 0.02829074 0.04682129 0.8144125 0.5783945 0.1410651 -0.4077305 0.90214 0.1607401 0.1523543 0.9751671 -0.009756565 -0.5142243 0.8576002 -0.02076297 -0.09238612 0.9955068 -0.1267731 0.2269776 0.9656136 -0.1281462 0.0195918 0.9915618 -0.1699278 0.01961535 0.9852613 -0.1698908 0.1476001 0.9743466 -0.1727962 0.002317607 0.9849549 0.0254907 0.9275586 0.3728076 0.01593178 0.9482355 0.3171681 -0.006934583 0.9481076 0.3178745 -0.006970584 0.9481397 0.3177777 -0.04082477 0.9480878 0.3153774 -0.04084634 0.9481791 0.3151003 -0.05454361 0.9482488 0.3128087 -0.05454438 0.9482503 0.3128041 -0.04122269 0.9481713 0.3150746 0.126538 0.01413542 0.9918611 0.1043236 -0.5984619 0.7943298 0.07368397 0.3971197 0.9148042 0.06774562 0.5328442 0.8434973 -0.01852035 -0.3730068 0.9276438 -0.02169775 -0.001172363 0.999764 -0.1241527 0.2975757 0.9465911 -0.1275612 0.09831023 0.9869465 -0.1709397 0.09839075 0.9803566 -0.1709398 0.09850198 0.9803454 -0.1297605 0.0984351 0.9866473 -0.1178733 -0.4211009 0.899322 -0.007025301 0.5705226 0.8212519 -0.007227063 0.4304605 0.9025806 0.1153667 -0.1465861 0.9824475 0.1243154 0.01312381 0.992156 0.195475 0.01314133 0.9806206 0.06458252 -0.95773 0.2803255 0.2451436 0.0155791 0.9693616 -0.1383865 0.002296209 0.9903757 -0.1107245 -0.5822191 0.8054569 -0.01033139 0.6806068 0.7325761 -0.007314622 0.4945629 0.8691111 0.1168664 -0.2985654 0.9472069 0.1167098 0.0989049 0.9882291 0.2234976 0.09892582 0.9696714 0.223489 0.09918975 0.9696464 0.2937456 0.09925508 0.9507165 0.2905541 -0.179128 0.9399424 0.3043299 0.2699002 0.9135301 0.2885404 0.01568478 0.9573393 0.2663605 -0.4002825 0.8768272 0.2988184 0.3259899 0.8969049 0.2986264 0.3277938 0.8963111 0.255107 0.5698103 0.7811766 0.2043562 0.74452 0.6355538 0.3088392 0.09907537 0.94594 0.2423974 0.09897404 0.9651154 0.2424037 0.09878665 0.9651331 0.136393 0.0987389 0.985722 0.06591695 0.8767869 0.4763399 0.1840271 0.02407336 0.9826264 0.2435237 0.02396446 0.9695989 0.2435961 0.01319634 0.969787 0.2901766 0.01328712 0.9568809 0.04946881 0.7647916 0.6423757 0.08680224 0.01073759 0.9961677 0.1323338 0.01087009 0.9911457 0.1363899 0.09889358 0.9857068 0.07056146 0.09897011 0.9925855 0.06473189 -0.3245394 0.9436546 0.0460689 0.4482351 0.8927278 0.001787126 0.9744425 0.2246301 0.0231015 0.0172069 0.9995851 0.04879766 0.01720213 0.9986606 -0.02846777 0.9914385 0.1274334 -0.0275169 0.9912751 0.1289055 -0.02262532 0.9912906 0.1297344 -0.02262687 0.9912908 0.1297325 -0.0203095 0.9912887 0.130132 -0.02029263 0.9912864 0.1301518 -0.01329934 0.9912825 0.1310809 -0.01327562 0.9912798 0.131104 -9.92826e-4 0.9912623 0.1319023 -9.46768e-4 0.991256 0.1319493 0.01533401 0.9912597 0.131031 0.0152921 0.9912646 0.1309991 0.02956455 0.9912648 0.1285308 0.02950304 0.9912729 0.1284828 0.03887993 0.9912841 0.1258739 0.03884655 0.9912886 0.1258493 0.04162186 0.9912906 0.1249431 0.04162019 0.9912908 0.1249419 0.04089367 0.9912902 0.1251868 0.04091882 0.9912852 0.1252176 0.03215336 0.9912748 0.1278307 0.03222239 0.9912639 0.127898 0.01803147 0.9912661 0.1306393 0.01797288 0.991276 0.1305719 0.009327888 0.991286 0.1313965 0.009313046 0.9912896 0.131371 0.006787538 0.9912905 0.1315193 0.006788611 0.99129 0.1315219 0.001092016 0.991281 0.1317604 0.001152217 0.9912684 0.1318553 -0.01416182 0.9912544 0.1312035 -0.01420998 0.9912645 0.1311221 -0.0238558 0.991288 0.1295349 -0.02719759 0.9975986 0.06369841 -0.01157349 0.9977294 0.06634825 -0.01157176 0.9977295 0.06634742 -0.01036632 0.9977289 0.06655526 -0.01037806 0.9977283 0.06656211 -0.006775617 0.9977272 0.06704074 -0.006789445 0.9977266 0.06704956 -4.62464e-4 0.9977218 0.0674616 -4.84203e-4 0.9977203 0.0674833 0.007805049 0.9977215 0.0670157 0.007820785 0.9977226 0.06699645 0.01507169 0.9977228 0.06574255 0.01508867 0.9977247 0.06570953 0.01985889 0.9977278 0.06438177 0.01986688 0.9977288 0.06436175 0.02128511 0.9977294 0.06389856 0.02128535 0.9977295 0.0638976 0.02092891 0.9977293 0.06401783 0.02092689 0.997728 0.06403928 0.01650041 0.9977254 0.06535935 0.01647937 0.9977225 0.06541037 0.009165763 0.9977228 0.06682282 0.009191811 0.9977255 0.06677806 0.004755675 0.9977282 0.06720066 0.004762828 0.9977291 0.06718546 0.003472328 0.9977294 0.06726104 0.003471851 0.9977293 0.06726264 6.26971e-4 0.9977271 0.06738191 5.89285e-4 0.9977236 0.06743359 -0.007311403 0.9977197 0.0670982 -0.007267296 0.9977226 0.06705909 -0.02361923 -0.9863362 0.1630439 -0.1648461 0.0111711 0.9862561 -0.1801215 0.01115101 0.9835813 -0.1259215 -0.6717609 0.7299871 -0.03941082 0.902334 0.429232 -0.08243638 0.01065844 0.9965394 -0.02160811 0.01067674 0.9997096 -0.01113831 0.9977287 0.06643426 -0.003577709 0.9997659 0.02133923 -0.00252062 0.9997848 0.02059483 -0.001848697 0.9997822 0.0207886 -0.0017789 0.9997853 0.02064949 -0.001628637 0.9997836 0.0207377 -0.00143069 0.9997837 0.02075278 -0.03979396 -0.8857067 0.4625368 -0.09049338 0.01949751 0.9957062 -0.1206498 0.01945602 0.9925045 -0.03127688 0.8896125 0.455644 -0.06555795 0.01943773 0.9976595 -0.08114254 0.01939576 0.9965138 0.06275629 0.865786 0.4964637 0.08730977 0.8610857 0.5009077 0.04102736 0.8609799 0.5069817 0.04100567 0.8610343 0.506891 -0.01106452 0.8609589 0.5085542 -0.01107078 0.8610002 0.5084842 -0.06525623 0.8608831 0.5046007 -0.06523269 0.8610955 0.5042414 -0.08729088 0.8612604 0.5006106 -0.08728992 0.8612635 0.5006054 -0.06603395 0.861081 0.5041619 -0.0660687 0.8608048 0.5046286 -0.00404191 0.860912 0.5087379 -0.004027605 0.8608198 0.5088943 0.05931603 0.8608723 0.5053519 0.0592972 0.8609213 0.5052706 0.1142387 0.8609127 0.495761 0.1141739 0.8610408 0.4955534 0.1501026 0.8611772 0.485637 0.1500613 0.8612454 0.4855287 0.1606051 0.8612707 0.4820982 0.1606038 0.861273 0.4820949 0.1577414 0.8612653 0.4830527 0.157781 0.8611965 0.4831624 0.1238871 0.8610581 0.4931844 0.1239498 0.8609309 0.4933909 0.06970447 0.8609544 0.503884 0.06966227 0.8610874 0.5036624 0.03603321 0.8612241 0.5069465 0.03602623 0.8612614 0.5068838 0.02618664 0.8612734 0.5074669 0.02618753 0.861266 0.5074792 0.00402522 0.8611456 0.5083425 0.004039347 0.8609971 0.508594 -0.05445021 0.8608108 0.5060039 -0.05444085 0.8609132 0.5058308 -0.091991 0.8612267 0.4998261 -0.09198164 0.8612737 0.4997471 -0.07290035 0.8610864 0.5032055 -0.07289195 0.8611346 0.5031242 -0.04355847 0.8612722 0.5062735 -0.04355645 0.8612934 0.5062376 -0.0347948 0.8612955 0.5069116 -0.03479844 0.8612523 0.506985 -0.05556887 0.8612591 0.5051189 -0.05556917 0.8612556 0.5051246 -0.05981284 0.8612689 0.504617 -0.06876182 0.2509449 0.9655562 -0.04983544 0.09246212 0.9944683 -0.05010336 0.02164709 0.9985095 -0.07162314 0.02168804 0.997196 -0.01649498 -0.9816772 0.1898365 -0.09406602 0.01976883 0.9953697 -0.1176849 0.01973462 0.992855 -0.1172627 0.1008086 0.9879712 -0.10225 0.3542973 0.9295259 -0.1086575 0.01943123 0.9938893 -0.07343935 0.0193786 0.9971114 -0.04971456 0.9561071 0.2887694 -0.1305565 0.01308071 0.9913547 -0.07160562 0.01293826 0.9973492 -0.011146 0.9977282 0.06643992 -0.008183658 0.9977285 0.06686484 -0.008179068 0.9977288 0.06686085 -0.00578159 0.9977287 0.06711167 -0.005778372 0.9977293 0.06710416 -0.004602849 0.9977294 0.0671944 -0.004607141 0.9977285 0.06720679 -0.00737828 0.9977287 0.06695717 -0.007372558 0.9977292 0.06694865 -0.007925689 0.9977295 0.06688135 -0.007926404 0.9977294 0.06688231 -0.006643056 0.9977291 0.06702607 -0.00664401 0.997729 0.06702709 -0.005034208 0.9977293 0.06716448 -0.005033075 0.9977294 0.06716209 -0.003380417 0.9977288 0.06727445 -0.00337845 0.9977293 0.06726831 -0.004701256 0.9977274 0.06721639 -0.004738152 0.9977242 0.06725955 -0.01135057 0.9977236 0.06647324 -0.01139944 0.9977213 0.06650131 -0.01946061 0.9977208 0.06461006 -0.01886808 0.9977358 0.06455522 4.2732e-4 0.9971746 0.0751183 -0.0158959 0.997398 0.0703184 -0.3897716 0.0242027 0.9205936 -0.250113 -0.7400677 0.6242943 -0.1859299 0.7231508 0.665194 -0.2624908 -0.004890024 0.9649222 -0.1841498 -0.00433135 0.9828887 -0.3888493 0.1173744 0.9137941 -0.3066297 -0.6000728 0.7388443 -0.1830759 0.7588173 0.6250438 -0.2789942 0.09916687 0.9551587 -0.1689342 0.09903609 0.9806392 -0.1689324 0.09901821 0.9806413 -0.07068556 0.09904503 0.9925692 -0.07068568 0.09914863 0.9925588 -0.04986977 0.09920555 0.9938166 -0.0498712 0.0985319 0.9938836 -0.08614307 0.09854936 0.9913967 -0.08614009 0.09899437 0.9913526 -0.1171294 0.09893178 0.9881768 -0.1171285 0.09909611 0.9881604 -0.1088059 0.0991522 0.9891058 -0.1088076 0.09879893 0.9891409 -0.06814825 0.09881609 0.9927695 -0.06814646 0.09935915 0.9927154 -0.08529222 0.09934848 0.9913906 -0.08529448 0.09885138 0.99144 -0.1426728 0.09879916 0.9848266 -0.1426687 0.09920173 0.9847866 -0.1801047 0.09923833 0.9786287 -0.1665638 -0.3396167 0.9256982 -0.04525369 0.9060764 0.4206874 -0.1060003 0.09855335 0.9894703 0.007838606 0.09866285 0.9950901 0.00783956 0.0984655 0.9951097 0.05124938 0.09852647 0.9938139 0.04544186 0.4150316 0.9086714 0.05718928 -0.3774867 0.9242475 0.1566734 0.2379264 0.9585638 0.1586151 0.2157072 0.9634894 0.07878869 0.2155471 0.9733098 0.07880306 0.2151919 0.9733873 -0.0211898 0.2151467 0.9763519 -0.02119505 0.2155982 0.9762522 -0.1251709 0.2154746 0.968454 -0.1251717 0.2154341 0.9684628 -0.1677355 0.2155836 0.9619712 -0.167732 0.2157486 0.9619348 -0.1269035 0.2155837 0.9682042 -0.1269073 0.2153695 0.9682513 -0.007818758 0.2154384 0.9764862 -0.007815897 0.2152359 0.9765308 0.1138924 0.2152998 0.9698838 0.1138871 0.2154081 0.9698604 0.2193253 0.2153723 0.9515835 0.2193194 0.2154688 0.951563 0.2883751 0.215561 0.932938 0.2883684 0.2156478 0.9329201 0.3086216 0.2157045 0.9264039 0.308622 0.2157008 0.9264047 0.3031066 0.2156296 0.9282404 0.3031172 0.2155002 0.928267 0.237883 0.215278 0.9471362 0.237872 0.2154653 0.9470964 0.1338409 0.2155116 0.9672856 0.1338443 0.2154343 0.9673024 0.06924271 0.2155441 0.974036 0.06923961 0.2156836 0.9740054 0.05032247 0.2156922 0.9751638 0.05032509 0.2155085 0.9752044 0.0076918 0.2154 0.9764957 0.007693052 0.2152624 0.976526 -0.1044511 0.2150848 0.9709936 -0.1044506 0.2151594 0.9709771 -0.1767449 0.215515 0.9603721 -0.1767435 0.2155902 0.9603555 -0.1400062 0.2154681 0.9664222 -0.1400179 0.2150205 0.9665201 -0.08370941 0.2151244 0.9729924 -0.08370709 0.2152869 0.9729567 -0.0668779 0.215263 0.9742634 -0.06687515 0.2154835 0.9742149 -0.1067744 0.2155399 0.97064 -0.106775 0.215507 0.9706472 -0.1149412 0.2155045 0.9697147 -0.1149329 0.215937 0.9696194 -0.0845232 0.215876 0.9727556 -0.08452361 0.2158253 0.9727668 -0.04893612 0.2157872 0.9752134 -0.04893904 0.2154465 0.9752885 -0.06936824 0.2153473 0.9740707 -0.06936883 0.215268 0.9740881 -0.1657877 0.2152814 0.9623764 -0.1657903 0.2151818 0.9623983 -0.2745013 0.2151939 0.9371983 -0.2744962 0.2152614 0.9371843 -0.3828765 0.2152799 0.8983653 -0.37355 0.3077515 0.8750711 0.1524721 0.329596 0.9317289 0.1525661 0.3287227 0.9320219 0.07621628 0.3284894 0.9414276 0.07619208 0.3289226 0.9412782 -0.02049875 0.328821 0.9441698 -0.02049309 0.3283756 0.9443249 -0.1210796 0.3282417 0.9368016 -0.1210501 0.3291087 0.9365012 -0.1621957 0.3293182 0.9301839 -0.1622122 0.3289276 0.9303192 -0.122737 0.3286859 0.9364301 -0.1227417 0.3285472 0.9364781 -0.007558524 0.3286911 0.9444073 -0.00755465 0.3284075 0.944506 0.1101553 0.3284534 0.9380748 0.1101498 0.3285411 0.9380447 0.2121294 0.3285224 0.9203663 0.2121291 0.3285239 0.9203659 0.2789054 0.3287219 0.9023047 0.2789097 0.3286757 0.9023203 0.2984983 0.3287231 0.8960133 0.2984666 0.3289836 0.8959282 0.2931335 0.328962 0.8976953 0.2931188 0.3290969 0.8976507 0.2300446 0.3288587 0.9159321 0.2300826 0.3284482 0.9160698 0.1294585 0.3284473 0.9356084 0.1294547 0.3285233 0.9355822 0.06696897 0.3286929 0.9420595 0.06697589 0.3284587 0.9421408 0.04867613 0.3284974 0.9432498 0.04866939 0.3287804 0.9431515 0.007440388 0.328636 0.9444274 0.007442176 0.3284412 0.9444952 -0.1010311 0.3281838 0.9391955 -0.101018 0.3286706 0.9390267 -0.1709188 0.3290833 0.9287039 -0.1709499 0.3284808 0.9289115 -0.135425 0.328302 0.9348143 -0.1354052 0.3287594 0.9346565 -0.08094626 0.3289555 0.9408699 -0.08094847 0.3288734 0.9408984 -0.06467497 0.3288559 0.9421629 -0.06466948 0.3291201 0.9420711 -0.1032555 0.329042 0.9386532 -0.1032558 0.3290265 0.9386585 -0.1111555 0.3290352 0.9377529 -0.1111639 0.3287709 0.9378446 -0.08175808 0.3285604 0.9409378 -0.08175617 0.3286225 0.9409161 -0.04733264 0.328614 0.9432775 -0.04733061 0.3287669 0.9432243 -0.0670886 0.3286408 0.9420693 -0.06709003 0.3285663 0.9420951 -0.1603426 0.3285605 0.930773 -0.1603438 0.3285561 0.9307743 -0.2654808 0.328564 0.9064026 -0.2654949 0.3283885 0.9064621 -0.3710087 0.3284675 0.8685976 -0.3569982 0.4218498 0.8334237 0.1454573 0.4302687 0.8909046 0.1444573 0.4372445 0.8876652 0.07257211 0.4369354 0.8965605 0.07258814 0.4367272 0.8966607 -0.0195198 0.4366114 0.8994384 -0.01952373 0.4369617 0.8992683 -0.1153178 0.4367638 0.8921543 -0.1153152 0.4368247 0.8921247 -0.1544932 0.4370899 0.8860498 -0.1544815 0.4372754 0.8859605 -0.1168912 0.4369888 0.8918393 -0.1169385 0.4360608 0.8922871 -0.007196962 0.4362445 0.8997994 -0.007198214 0.4363362 0.899755 0.1049301 0.4364382 0.8935946 0.1049023 0.4367934 0.8934243 0.20204 0.4367695 0.8765914 0.2020273 0.4368697 0.8765444 0.2656165 0.4370673 0.8593137 0.2656485 0.436865 0.8594067 0.2843002 0.4368947 0.8534029 0.2842616 0.4371342 0.8532931 0.279188 0.4370898 0.8549892 0.2791759 0.4371684 0.854953 0.2191138 0.4369376 0.8723959 0.2191408 0.4367261 0.8724951 0.1232986 0.4367522 0.8910921 0.1232861 0.4369104 0.8910163 0.06377637 0.4371404 0.8971292 0.0637595 0.4375308 0.8969401 0.04633945 0.4375469 0.8980008 0.04634916 0.4372429 0.8981484 0.007087409 0.4370501 0.8994092 0.00709033 0.4368185 0.8995218 -0.09623217 0.4365063 0.89454 -0.09622257 0.4367417 0.8944261 -0.1627729 0.4372789 0.8844729 -0.1627736 0.4372718 0.8844762 -0.1289592 0.4370155 0.8901612 -0.1289702 0.4368368 0.8902473 -0.07709705 0.437035 0.8961342 -0.07707864 0.4375404 0.8958892 -0.06158208 0.4375305 0.8970924 -0.06159794 0.4369794 0.8973599 -0.0983498 0.4370116 0.8940628 -0.09833645 0.437316 0.8939154 -0.1058527 0.4373592 0.8930354 -0.105855 0.4373175 0.8930555 -0.07784837 0.4372946 0.8959426 -0.07785075 0.4372391 0.8959695 -0.04507124 0.4372725 0.898199 -0.04507267 0.437199 0.8982347 -0.06389117 0.4370175 0.897181 -0.06389582 0.4368482 0.8972631 -0.1527158 0.4368116 0.8864951 -0.1527348 0.4365334 0.8866289 -0.2528741 0.4366334 0.863369 -0.2529017 0.4363982 0.8634799 -0.35497 0.4363762 0.8267843 -0.3308886 0.5471618 0.7688478 0.1345267 0.5412083 0.8300579 0.1350148 0.5388981 0.8314806 0.06798821 0.5385535 0.8398439 0.06797575 0.5386828 0.8397619 -0.01828926 0.53855 0.8423951 -0.01828753 0.5384513 0.8424583 -0.1080375 0.5382632 0.8358233 -0.1080183 0.5385571 0.8356364 -0.1447033 0.53885 0.8298805 -0.1446859 0.5390603 0.829747 -0.1094731 0.5387528 0.835321 -0.109506 0.5382677 0.8356293 -0.006741821 0.5384618 0.8426231 -0.006732881 0.5380909 0.84286 0.0982865 0.5381847 0.8370765 0.09828317 0.5382089 0.8370614 0.1892916 0.5382007 0.8212848 0.189192 0.5388038 0.8209123 0.2487437 0.5390332 0.8047173 0.248696 0.5392619 0.8045789 0.2661534 0.5393128 0.7989394 0.2661893 0.5391474 0.7990391 0.261427 0.5391638 0.8005988 0.2614996 0.5388107 0.8008127 0.2052543 0.5385603 0.8172047 0.205303 0.5382713 0.8173828 0.1155078 0.5383012 0.8347992 0.115436 0.5390111 0.8343511 0.05971437 0.53924 0.8400325 0.05973267 0.5389041 0.8402467 0.04341197 0.5389303 0.841231 0.04339909 0.5392384 0.8410342 0.006639361 0.5390279 0.8422618 0.006643474 0.5387728 0.842425 -0.09013205 0.5384665 0.8378126 -0.09014099 0.5382925 0.8379235 -0.1524726 0.5388356 0.8284977 -0.152446 0.5390939 0.8283345 -0.120786 0.5387625 0.8337541 -0.1207844 0.5387816 0.8337419 -0.07220131 0.539009 0.8391999 -0.07219904 0.5390574 0.839169 -0.05768066 0.5390549 0.8402932 -0.05767941 0.5390889 0.8402716 -0.09209811 0.5390751 0.8372073 -0.09211224 0.5388339 0.8373609 -0.09915632 0.5388598 0.8365394 -0.09914517 0.5390327 0.8364293 -0.07291764 0.5389204 0.8391949 -0.07290983 0.5390748 0.8390963 -0.0422104 0.539084 0.8411937 -0.04220771 0.5391824 0.8411307 -0.05982983 0.5390186 0.8401663 -0.0598424 0.5386292 0.8404152 -0.1430469 0.5385038 0.8303923 -0.1430466 0.5384964 0.830397 -0.2368331 0.5385606 0.8086177 -0.2368508 0.5384552 0.8086827 -0.3331416 0.538374 0.7740608 -0.3224443 0.5819261 0.7465867 -0.3399944 0.5688729 0.7488574 -0.3702217 0.5667544 0.73602 0.1220391 0.6307098 0.7663627 0.1215336 0.6326599 0.7648341 0.06250751 0.6322929 0.7722037 0.06251209 0.6322494 0.772239 -0.01681619 0.6321281 0.7746814 -0.01682657 0.6325477 0.7743386 -0.09931367 0.6323422 0.768297 -0.09929358 0.6325892 0.7680962 -0.1330033 0.6328706 0.7627483 -0.1330025 0.6328766 0.7627435 -0.1006353 0.6325704 0.7679371 -0.1006796 0.6320526 0.7683575 -0.006188929 0.6322441 0.7747446 -0.006184101 0.6320895 0.7748708 0.09035557 0.6321787 0.7695362 0.09033161 0.632354 0.7693951 0.1739785 0.6323428 0.7549 0.1739748 0.6323615 0.7548854 0.2287165 0.632596 0.73994 0.2286518 0.6328404 0.7397509 0.2447096 0.6328791 0.734562 0.2447022 0.6329046 0.7345424 0.2403289 0.6329115 0.735979 0.240356 0.6328073 0.7360597 0.1886729 0.6325688 0.751172 0.1887129 0.6323828 0.7513186 0.1061612 0.6324233 0.767314 0.1061698 0.6323591 0.7673656 0.05491954 0.6325888 0.7725383 0.05489742 0.6328946 0.7722893 0.03989827 0.6329182 0.77319 0.03990477 0.6327975 0.7732885 0.006107628 0.632601 0.7744539 0.006113767 0.6323478 0.7746606 -0.0828883 0.6320314 0.7704972 -0.08287441 0.6322346 0.7703319 -0.1401564 0.6327626 0.7615562 -0.1401554 0.6327666 0.761553 -0.1110572 0.6324536 0.7665957 -0.1110493 0.632529 0.7665346 -0.06637638 0.6327661 0.7714929 -0.06637877 0.6327269 0.771525 -0.05303061 0.6327372 0.7725486 -0.05302494 0.6328557 0.7724521 -0.08466058 0.6328633 0.7696211 -0.08465951 0.6328763 0.7696105 -0.09113502 0.6328997 0.7688513 -0.0911535 0.6326744 0.7690345 -0.06704348 0.6325892 0.7715803 -0.06703984 0.632644 0.7715358 -0.03881227 0.6326476 0.7734666 -0.0388087 0.6327553 0.7733788 -0.0550087 0.6325855 0.7725346 -0.05501788 0.6323641 0.7727152 -0.1315252 0.6322534 0.7635161 -0.1315291 0.6322192 0.7635439 -0.2177428 0.6323632 0.7434413 -0.2177302 0.6324148 0.743401 -0.3072003 0.6322125 0.7112913 -0.3071529 0.6323752 0.7111671 -0.342319 0.6329461 0.6944041 -0.3448563 0.635129 0.6911479 0.1129617 0.6924814 0.7125372 0.1059578 0.7170445 0.6889269 0.05627197 0.7166631 0.6951457 0.05625784 0.7167457 0.6950616 -0.01515233 0.7166301 0.697289 -0.01515215 0.7166284 0.6972905 -0.08944082 0.7164523 0.691879 -0.08939909 0.7168794 0.6914417 -0.1197199 0.7171396 0.6865698 -0.1197285 0.7170714 0.6866395 -0.09059351 0.7167861 0.6913831 -0.09062927 0.71644 0.691737 -0.005566 0.7166086 0.6974533 -0.005556404 0.716401 0.6976667 0.08134377 0.7164859 0.6928428 0.08132719 0.7165808 0.6927466 0.1566495 0.7165576 0.6797103 0.1566053 0.7167202 0.679549 0.2058699 0.7169385 0.6660457 0.2058328 0.7170485 0.6659387 0.2202886 0.7170853 0.6612576 0.2202937 0.717072 0.6612704 0.2163624 0.7170586 0.6625816 0.2164104 0.7169149 0.6627213 0.1698864 0.7167083 0.6763637 0.1699432 0.7165001 0.6765699 0.09559959 0.7165348 0.6909694 0.0955584 0.7167795 0.6907213 0.04942643 0.7169964 0.6953225 0.04942488 0.7170119 0.6953065 0.03592193 0.7170336 0.6961124 0.03592497 0.716992 0.6961551 0.005503118 0.7168036 0.6972535 0.005510807 0.7165719 0.6974915 -0.07464098 0.7162882 0.6938011 -0.07461524 0.7166147 0.6934667 -0.1261494 0.7171118 0.6854467 -0.126142 0.7171567 0.685401 -0.09996378 0.7168599 0.6900139 -0.09996032 0.7168846 0.6899887 -0.0597437 0.7170995 0.6944056 -0.05974751 0.7170485 0.6944578 -0.04773479 0.7170487 0.6953867 -0.04773873 0.7169821 0.695455 -0.07622265 0.7169809 0.692913 -0.07620871 0.7171302 0.6927601 -0.08203107 0.7171522 0.6920719 -0.08203142 0.7171507 0.6920735 -0.06033718 0.7170585 0.6943965 -0.06033819 0.7170453 0.6944101 -0.03493314 0.7170472 0.6961488 -0.03493177 0.7170794 0.6961157 -0.04951298 0.7169154 0.6953998 -0.04951792 0.7167985 0.6955199 -0.118385 0.7167191 0.68724 -0.1184278 0.7164148 0.6875498 -0.196081 0.71648 0.669484 -0.1960833 0.7164559 0.6695089 -0.2766698 0.7163109 0.6405878 -0.2765983 0.716513 0.6403926 -0.3070015 0.7171599 0.6256452 -0.3038636 0.7335107 0.6079713 0.08990794 0.8067237 0.5840494 0.1038101 0.796345 0.5958676 0.04881167 0.796204 0.6030563 0.04879641 0.7962584 0.6029855 -0.01314544 0.7961621 0.6049405 -0.01315784 0.7962906 0.6047711 -0.07759207 0.7961354 0.6001234 -0.07756519 0.796396 0.599781 -0.1038376 0.7966114 0.5955064 -0.1038382 0.7966088 0.59551 -0.07856875 0.7963705 0.5996841 -0.07861363 0.7959713 0.600208 -0.004819333 0.7961144 0.605127 -0.004809081 0.7960075 0.6052677 0.07056373 0.7960785 0.6010656 0.07053226 0.7961975 0.6009117 0.1358769 0.7961824 0.5896025 0.1358141 0.7963487 0.5893924 0.1785411 0.7965267 0.5776405 0.1785314 0.7965476 0.5776145 0.19107 0.7965769 0.5735481 0.1910738 0.7965692 0.5735576 0.1876663 0.7965577 0.5746976 0.1876856 0.7965145 0.574751 0.1473544 0.7963284 0.5866411 0.1474146 0.7961673 0.5868447 0.08291459 0.7961974 0.5993287 0.08288538 0.7963241 0.5991646 0.04287129 0.796503 0.6031128 0.04286217 0.7965709 0.6030239 0.0311551 0.7965831 0.6037258 0.03115123 0.7966245 0.6036714 0.004777252 0.7964674 0.6046628 0.004789769 0.7962733 0.6049181 -0.06475043 0.7960302 0.6017836 -0.06474143 0.7961379 0.6016418 -0.1094304 0.7965433 0.5945956 -0.1094242 0.7965804 0.594547 -0.08672064 0.7963398 0.5986005 -0.08672106 0.7963367 0.5986045 -0.05182653 0.7965176 0.6023901 -0.05182129 0.7965786 0.6023098 -0.04139989 0.7965817 0.6031119 -0.04140561 0.7964984 0.6032215 -0.066114 0.7965123 0.6009967 -0.06610828 0.7965692 0.600922 -0.07115525 0.7965915 0.6003156 -0.07115417 0.796604 0.6002993 -0.05233812 0.7965226 0.6023394 -0.05233746 0.7965286 0.6023313 -0.03030091 0.7965357 0.6038317 -0.0302987 0.7965832 0.6037691 -0.04294371 0.7964507 0.6031767 -0.04295253 0.7962339 0.6034623 -0.1027079 0.7961751 0.5962856 -0.1027266 0.7960538 0.5964443 -0.1700803 0.7961358 0.5807243 -0.1700751 0.7961521 0.5807034 -0.2399977 0.7960219 0.5556531 -0.2399501 0.7961304 0.5555182 -0.2699745 0.7965749 0.5409087 -0.2700074 0.796887 0.5404324 -0.05981415 0.8612591 0.5046337 -0.05013757 0.861244 0.5057123 -0.03372693 0.9209787 0.3881506 -0.03796017 0.8612788 0.5067129 -0.02546995 0.8612487 0.5075452 -0.02546936 0.8612631 0.5075209 -0.03608965 0.861166 0.5070412 -0.0360943 0.8610441 0.5072477 -0.08632993 0.8609897 0.5012425 -0.08634626 0.86089 0.5014106 -0.1429756 0.8609548 0.4881752 -0.1429936 0.8608934 0.488278 -0.2018275 0.8607756 0.4672591 -0.201737 0.8609438 0.4669882 -0.2261358 0.8612828 0.4550323 -0.2247807 0.8674488 0.4438539 0.03356927 0.90389 0.4264457 0.02999466 0.9082838 0.4172781 -0.009111881 0.9081686 0.4185054 -0.009127855 0.9082174 0.4183995 -0.05371648 0.9081327 0.4152224 -0.05370378 0.9082945 0.4148698 -0.07181638 0.9084113 0.4118633 -0.07181644 0.9084086 0.4118693 -0.05431145 0.9082781 0.4148268 -0.05433434 0.9080652 0.4152896 -0.003313124 0.9081417 0.41865 -0.003291547 0.9080699 0.4188059 0.04880702 0.9081077 0.4158828 0.04876941 0.9081724 0.4157456 0.09398424 0.9081656 0.4079244 0.09392404 0.908249 0.4077524 0.1234941 0.9083464 0.3995697 0.1234602 0.908387 0.399488 0.1321423 0.9084045 0.3966606 0.1321445 0.9084021 0.3966655 0.129793 0.9083955 0.3974564 0.1298281 0.9083499 0.3975491 0.1019496 0.9082503 0.4058172 0.1020087 0.9081633 0.4059972 0.05734843 0.9081804 0.4146319 0.05730986 0.9082638 0.4144545 0.02964729 0.9083608 0.4171351 0.02963811 0.9083945 0.4170626 0.02154666 0.9084016 0.4175432 0.02154719 0.9083985 0.41755 0.003322124 0.9083144 0.4182753 0.003340721 0.908207 0.4185081 -0.04481619 0.9080754 0.4164021 -0.0448113 0.9081637 0.4162101 -0.07568866 0.9083855 0.4112262 -0.07568424 0.9084069 0.4111798 -0.05998754 0.9082739 0.4140532 -0.05998641 0.9082794 0.4140413 -0.03584498 0.908378 0.4166111 -0.0358439 0.9083887 0.4165877 -0.02863162 0.9083911 0.4171403 -0.02863419 0.9083614 0.4172047 -0.04572808 0.9083654 0.4156696 -0.04572439 0.9083975 0.4155999 -0.04921126 0.9084073 0.4151799 -0.04921209 0.9084014 0.4151931 -0.04125112 0.9083927 0.4160784 -0.04125189 0.9083821 0.4161013 -0.03123641 0.9083881 0.4169597 -0.03123557 0.9084106 0.4169107 -0.02095645 0.908392 0.417594 -0.02095586 0.9084052 0.4175654 -0.02968609 0.9083338 0.4171913 -0.02968615 0.9082226 0.417433 -0.07103425 0.9081866 0.412494 -0.07104319 0.9081267 0.4126243 -0.1176444 0.9081749 0.4017192 -0.1176574 0.9081363 0.4018024 -0.1660892 0.9080737 0.3844695 -0.1660358 0.9081667 0.3842726 -0.1871228 0.9084032 0.3738832 -0.1667562 0.9277298 0.3339311 -0.04298555 0.9604042 0.2752745 -0.03210633 0.948189 0.3160806 -0.002499163 0.9480946 0.317979 -0.002461791 0.9480537 0.3181008 0.03705435 0.948076 0.3158782 0.03701132 0.9481087 0.3157851 0.07137066 0.9481058 0.3098416 0.07130688 0.9481518 0.3097152 0.09378862 0.9482115 0.3034778 0.09375137 0.948237 0.3034099 0.1003597 0.9482473 0.3012559 0.1003554 0.9482503 0.3012479 0.09857451 0.9482467 0.3018467 0.0986064 0.9482206 0.3019183 0.07743918 0.9481613 0.3082103 0.07750713 0.9481039 0.3083693 0.0435481 0.9481151 0.3149306 0.04350382 0.9481638 0.3147906 0.02251374 0.9482219 0.3168098 0.02250117 0.948243 0.3167477 0.01636421 0.9482476 0.31711 0.01636517 0.9482454 0.3171169 0.002535879 0.9481944 0.3176806 0.00257039 0.9481261 0.3178841 -0.03405499 0.9480466 0.3163035 -0.03406661 0.948099 0.3161455 -0.05748969 0.9482324 0.3123306 -0.05749034 0.94825 0.3122769 -0.04556208 0.9481698 0.314481 -0.04556196 0.9481721 0.314474 -0.02722454 0.9482312 0.316412 -0.02722454 0.9482474 0.3163631 -0.02174186 0.9482488 0.3167831 -0.02174204 0.9482288 0.316843 -0.03473061 0.9482316 0.315675 -0.03473103 0.9482439 0.3156378 -0.0373739 0.9482501 0.3153174 -0.03737413 0.9482474 0.3153254 -0.03132778 0.9482427 0.3159977 -0.0313276 0.9482402 0.3160049 -0.02372401 0.9482452 0.3166516 -0.02372407 0.9482451 0.3166521 -0.01591777 0.9482327 0.3171774 -0.01591813 0.9482427 0.3171475 -0.02253478 0.9482001 0.3168738 -0.02252006 0.948144 0.3170423 -0.05394119 0.9481228 0.3132947 -0.05393373 0.9480777 0.3134326 -0.08934986 0.9481094 0.3051317 -0.08934921 0.9480897 0.3051931 -0.1261828 0.9480466 0.292037 -0.1261641 0.9481006 0.2918698 -0.1356092 0.9482234 0.287198 -0.1349061 0.949535 0.2831674 -0.004567503 0.9642488 0.2649594 -0.01439243 0.975885 0.2178102 -0.02810722 0.9758053 0.2168272 -0.02816218 0.975851 0.2166143 -0.03749769 0.9758843 0.2150439 -0.03750139 0.9758863 0.2150343 -0.03368151 0.9758805 0.2156917 -0.03366786 0.9758736 0.2157248 -0.02206891 0.9758634 0.2172642 -0.02204751 0.9758551 0.2173036 -0.001691758 0.9758087 0.21862 -0.001646161 0.97579 0.2187032 0.02545386 0.9758005 0.2171764 0.02540802 0.9758154 0.2171149 0.04904615 0.9758144 0.2130277 0.04897999 0.9758371 0.2129387 0.06446653 0.9758667 0.2086349 0.06442797 0.9758797 0.2085858 0.06899064 0.9758849 0.207097 0.06898856 0.9758856 0.2070941 0.06777065 0.9758838 0.207504 0.06780213 0.9758696 0.2075608 0.05325788 0.9758411 0.2118912 0.05332577 0.9758126 0.2120053 0.02992385 0.9758181 0.2165262 0.02987062 0.9758444 0.2164151 0.01547163 0.9758725 0.2177929 0.01545834 0.9758818 0.217752 0.01125013 0.9758842 0.2179993 0.01125079 0.9758835 0.2180018 0.001765906 0.9758589 0.2183948 0.001811206 0.9758266 0.218539 -0.02343261 0.9757882 0.217459 -0.02345985 0.9758129 0.2173448 -0.03952831 0.9758775 0.2147104 -0.03953522 0.9758856 0.2146728 -0.03132373 0.9758464 0.2162004 -0.03132468 0.975849 0.2161889 -0.01871794 0.9758779 0.2175133 -0.01871967 0.9758834 0.2174888 -0.01494413 0.975884 0.2177782 -0.01494199 0.975875 0.2178179 -0.02387911 0.9758763 0.2170146 -0.02388209 0.9758822 0.2169877 -0.02569258 0.9758849 0.2167686 -0.02569252 0.9758846 0.2167701 -0.02153563 0.9758822 0.2172328 -0.02153509 0.9758813 0.2172372 -0.01630914 0.9758833 0.2176832 -0.01631015 0.9758852 0.2176746 -0.01094371 0.975879 0.2180384 -0.0109449 0.9758829 0.2180202 -0.0154733 0.9758626 0.2178369 -0.01544237 0.9758325 0.2179735 -0.03706479 0.9758223 0.2153995 -0.03704005 0.975802 0.215496 -0.06141537 0.9758182 0.2097788 -0.06140112 0.9758075 0.2098325 -0.08678627 0.9757861 0.2007725 -0.08680498 0.9758156 0.2006215 -0.09689217 0.9758853 0.1956017 -0.08575487 0.9668688 0.2404388 -0.00351864 0.9997884 0.02026891 -0.003773808 0.9997836 0.02046114 -0.01221787 0.9977287 0.06624346 -0.01220685 0.9977294 0.06623435 -0.02386838 0.9912908 0.1295101 -0.02179187 0.9912879 0.1298984 -0.01842594 0.9917101 0.127168 -0.01599305 0.9912881 0.1307372 -0.01129502 0.991288 0.1312279 -0.01129859 0.9912901 0.1312111 -0.009012937 0.9912903 0.1313862 -0.009008526 0.9912869 0.131412 -0.01440995 0.9912874 0.1309263 -0.01441586 0.9912899 0.1309074 -0.01550018 0.9912908 0.1307765 -0.01549911 0.9912903 0.1307798 -0.01299214 0.9912894 0.1310595 -0.01299136 0.9912892 0.1310611 -0.009840428 0.9912899 0.1313297 -0.009841501 0.9912903 0.1313269 -0.006603777 0.9912882 0.1315459 -0.006606101 0.9912898 0.1315328 -0.009310841 0.9912824 0.1314254 -0.009264647 0.9912709 0.1315149 -0.02233767 0.9912678 0.1299587 -0.02228951 0.9912594 0.1300309 -0.03703731 0.9912659 0.1265715 -0.03700643 0.9912616 0.1266137 -0.05240601 0.9912537 0.1211194 -0.04459947 0.9898068 0.1352534 -0.04441702 0.9897969 0.1353859 -0.05981677 0.9960903 0.06500887 0.003090023 0.9997822 -0.02064275 0.03681522 0.9961248 -0.07987487 0.1079558 0.9851923 -0.1331982 0.1525959 0.9391904 -0.3076295 0.1787143 0.9137673 -0.3648157 0.2472401 0.8330264 -0.4949136 0.3227941 0.6922461 -0.6454451 0.3418283 0.4961092 -0.798141 0.366234 0.3602346 -0.857965 -0.1046028 0.7323178 -0.672881 -0.0597037 0.892836 -0.4464072 -0.02305573 0.952298 -0.3042977 0.03293371 0.9689143 -0.2451952 0.01605063 0.99439 -0.1045517 0.009787023 0.9986561 -0.05089455 0.005910098 0.999181 -0.0400303 0.02486723 0.9993346 -0.02668648 0.01324731 0.9997347 -0.01884847 0.002510786 0.9999439 -0.01029711 1.59029e-4 0.9999996 -9.52871e-4 0.0133692 0.9959191 -0.08925455 0.01647204 0.9969539 -0.07623529 0.0254147 0.9975589 -0.06504219 0.02304643 0.9892311 -0.1445359 0.02119153 0.9863995 -0.1629937 0.01389384 0.9865934 -0.1626051 0.009490609 0.9827418 -0.184739 0.004954755 0.974142 -0.2258825 -0.02705186 0.9234376 -0.3827942 -0.0358448 0.8957831 -0.4430439 -0.1601758 0.07172375 -0.9844793 0.3799332 0.2444778 -0.8921219 0.3858183 0.1748543 -0.9058533 0.3894878 0.07034522 -0.9183415 0.1305416 0.9560143 -0.26267 0.1215661 0.9623185 -0.2432381 0.005572915 0.9994518 -0.03263723 0.004417955 0.9994226 -0.03369134 0.0103172 0.9992001 -0.03863912 0.01174378 0.9997028 -0.02136421 0.003594219 0.9997834 -0.02050191 0.00357449 0.9997836 -0.02049189 0.002835631 0.9997834 -0.02061927 0.003288209 0.9997718 -0.02111124 0.001564741 0.9997917 -0.02034991 0.002093017 0.9997834 -0.02070921 1.37509e-4 0.9997829 -0.02083665 1.42878e-4 0.9997829 -0.02084267 -0.001314043 0.9997836 -0.02076047 -0.002394974 0.9997857 -0.02056384 -0.002537965 0.9997831 -0.02067136 -0.003922224 0.9997836 -0.02043211 -0.0045861 0.9997894 -0.02000445 -0.3131366 -0.02329862 -0.9494223 -0.004972517 0.9997835 -0.020208 -0.006081461 0.9997835 -0.0198993 -0.006115436 0.9997848 -0.01982611 -0.006564676 0.9997832 -0.01976269 -0.006573975 0.9997837 -0.01973545 -0.006476461 0.9997837 -0.01976829 -0.006473004 0.999783 -0.01979988 -0.005128502 0.9997841 -0.02013838 -0.005099892 0.999783 -0.0202009 -0.003614962 0.9997836 -0.0204876 -0.002860784 0.9997784 -0.02085703 -0.002562105 0.9997835 -0.02065134 -0.001680374 0.9997836 -0.02073532 -0.001479506 0.9997804 -0.02090632 -0.00132066 0.9997836 -0.02075976 -0.001020312 0.9997836 -0.0207774 -0.001065075 0.9997866 -0.02063167 6.43714e-5 0.9997761 -0.02115911 -1.93866e-4 0.9997831 -0.02082824 0.001671791 0.9997834 -0.02074885 0.002290546 0.9997765 -0.02102029 0.001419246 0.9997844 -0.02071934 0.002301454 0.9997829 -0.02071189 0.002278506 0.9997836 -0.02067756 0.002375364 0.9997836 -0.0206657 0.002471745 0.9997794 -0.02085816 0.001907825 0.9997884 -0.02048397 0.00205183 0.9997836 -0.020702 0.001465022 0.9997836 -0.02075195 0.00157684 0.9997775 -0.02103817 8.80022e-4 0.9997948 -0.02023935 0.001046121 0.9997828 -0.020819 -0.002806484 0.9998016 -0.01971811 0.001921653 0.9996206 -0.02747619 -0.001901984 0.9996109 -0.02782791 9.98301e-5 0.9995997 -0.02829158 -0.04661434 0.8162452 -0.5758221 -0.1415363 -0.4020193 -0.9046259 -0.1607254 0.1523505 -0.9751701 0.009754061 -0.5145893 -0.8573814 0.02075952 -0.09306216 -0.9954439 0.1267862 0.2263383 -0.965762 0.1281456 0.01946455 -0.9915644 0.1699441 0.01944756 -0.9852618 0.1699264 0.14622 -0.9745485 0.1727957 0.001041889 -0.9849572 -0.02557373 0.9273506 -0.3733187 -0.01592826 0.9482356 -0.3171681 0.006936609 0.9481075 -0.3178746 0.006970465 0.948138 -0.3177827 0.04082357 0.9480863 -0.3153825 0.04084551 0.948179 -0.3151006 0.0545454 0.9482488 -0.3128085 0.05454665 0.9482518 -0.3127992 0.04122203 0.9481727 -0.3150705 -0.1265224 0.01542323 -0.9918439 -0.1043115 -0.5985372 -0.7942747 -0.07370513 0.3967483 -0.9149637 -0.06763356 0.5351474 -0.8420469 0.01855438 -0.3697572 -0.9289432 0.02170354 0.00146991 -0.9997634 0.1240794 0.2997345 -0.9459194 0.1275519 0.09902 -0.9868767 0.1709283 0.09908443 -0.9802887 0.1709272 0.0993303 -0.980264 0.1297476 0.09923124 -0.9865692 0.1180166 -0.4187131 -0.9004174 0.007020294 0.5724934 -0.8198794 0.007227957 0.4289196 -0.9033139 -0.1153255 -0.1486305 -0.9821451 -0.1243171 0.01312386 -0.9921559 -0.1954819 0.01314115 -0.9806193 -0.06460011 -0.9577066 -0.2804015 -0.2451413 0.01714724 -0.9693357 0.1383863 0.001075446 -0.9903778 0.1107291 -0.5822041 -0.8054673 0.01033407 0.6805901 -0.7325916 0.00731945 0.4945881 -0.8690967 -0.1168652 -0.2986065 -0.9471942 -0.11671 0.0989049 -0.9882291 -0.2234961 0.09894847 -0.9696694 -0.2234933 0.09902739 -0.969662 -0.2937586 0.09902024 -0.9507371 -0.2908197 -0.1741673 -0.9407921 -0.3038321 0.2754324 -0.9120433 -0.2885308 0.0172255 -0.9573157 -0.2663666 -0.4002835 -0.8768249 -0.2988483 0.3256707 -0.8970108 -0.2988075 0.3260917 -0.8968714 -0.255107 0.5698103 -0.7811766 -0.2042465 0.7448352 -0.6352196 -0.308843 0.0989241 -0.9459546 -0.2424032 0.09886074 -0.9651255 -0.2424026 0.09889984 -0.9651218 -0.1363902 0.09876888 -0.9857193 -0.06593996 0.876688 -0.4765187 -0.1839969 0.02407348 -0.982632 -0.2435262 0.02396446 -0.9695983 -0.2435856 0.01559513 -0.9697541 -0.2901808 0.01571536 -0.9568428 -0.04946148 0.764917 -0.6422271 -0.08681046 0.01081782 -0.9961661 -0.1323338 0.01087009 -0.9911457 -0.1363884 0.09885126 -0.9857113 -0.07056331 0.09894669 -0.9925878 -0.06508189 -0.3129488 -0.9475376 -0.04572975 0.4610807 -0.8861792 -0.001786828 0.9744384 -0.2246482 -0.02309739 0.01719027 -0.9995855 -0.04880338 0.01715296 -0.9986612 0.02846837 0.9914386 -0.1274332 0.02751708 0.991275 -0.1289061 0.02262413 0.9912906 -0.1297353 0.02262699 0.9912909 -0.1297318 0.02030992 0.9912887 -0.1301311 0.02029263 0.9912865 -0.1301516 0.0132994 0.9912825 -0.1310807 0.01327556 0.9912797 -0.1311039 9.93432e-4 0.9912622 -0.1319024 9.46749e-4 0.9912559 -0.1319497 -0.01533544 0.9912596 -0.1310315 -0.0152921 0.9912647 -0.1309983 -0.02956372 0.9912649 -0.1285304 -0.02950322 0.9912728 -0.1284829 -0.03888005 0.991284 -0.1258744 -0.03884631 0.9912886 -0.1258494 -0.04162198 0.9912905 -0.1249431 -0.04162061 0.9912906 -0.1249421 -0.04089361 0.99129 -0.1251869 -0.04091882 0.9912851 -0.1252181 -0.03215324 0.9912747 -0.1278309 -0.03222197 0.9912638 -0.1278982 -0.01803141 0.991266 -0.130639 -0.01797342 0.9912759 -0.1305726 -0.009327888 0.991286 -0.1313972 -0.009312748 0.9912896 -0.1313711 -0.006787717 0.9912904 -0.1315193 -0.006788611 0.9912902 -0.1315215 -0.001092374 0.9912812 -0.1317596 -0.001152157 0.9912685 -0.1318544 0.0141626 0.9912545 -0.1312026 0.01420986 0.9912644 -0.1311219 0.02385544 0.991288 -0.129535 0.02719759 0.9975986 -0.06369841 0.01157349 0.9977294 -0.06634825 0.01157188 0.9977295 -0.06634747 0.01036638 0.997729 -0.06655526 0.01037806 0.9977283 -0.06656211 0.006775677 0.9977272 -0.06704092 0.006789386 0.9977266 -0.0670495 4.62461e-4 0.9977218 -0.06746155 4.842e-4 0.9977203 -0.06748336 -0.007805049 0.9977214 -0.06701564 -0.007820785 0.9977226 -0.06699651 -0.01507174 0.9977228 -0.06574255 -0.01508873 0.9977248 -0.06570959 -0.01985883 0.9977278 -0.06438177 -0.01986676 0.9977288 -0.06436181 -0.02128505 0.9977295 -0.06389874 -0.02128547 0.9977295 -0.06389743 -0.02092885 0.9977294 -0.06401759 -0.02092677 0.9977279 -0.06403923 -0.01650071 0.9977254 -0.06535923 -0.01647919 0.9977223 -0.06541079 -0.009165644 0.9977228 -0.0668236 -0.009192049 0.9977256 -0.066778 -0.004755675 0.9977282 -0.06720072 -0.004762709 0.9977291 -0.06718558 -0.003472328 0.9977294 -0.06726139 -0.003471851 0.9977293 -0.06726288 -6.27183e-4 0.997727 -0.06738221 -5.89287e-4 0.9977236 -0.06743395 0.007311761 0.9977196 -0.06709867 0.007267296 0.9977226 -0.06705909 0.02361643 -0.9863389 -0.1630278 0.1648449 0.01103311 -0.9862579 0.1801174 0.01093232 -0.9835844 0.1259316 -0.6716983 -0.7300429 0.03940767 0.9023534 -0.4291916 0.08243626 0.01081991 -0.9965376 0.02160793 0.01070845 -0.9997092 0.01113802 0.9977287 -0.06643378 0.003577589 0.9997659 -0.02133905 0.00252062 0.9997848 -0.02059477 0.001848697 0.9997822 -0.02078855 0.0017789 0.9997853 -0.02064955 0.001628518 0.9997837 -0.02073776 0.00143069 0.9997836 -0.02075284 0.03977543 -0.8858281 -0.4623058 0.0904991 0.01940244 -0.9957075 0.1206457 0.01931089 -0.9925078 0.03127264 0.8896402 -0.4555904 0.06555604 0.01955258 -0.9976574 0.0811423 0.01957607 -0.9965103 -0.06277757 0.8657821 -0.496468 -0.08721625 0.8611066 -0.5008881 -0.0410248 0.8609963 -0.506954 -0.04101055 0.861032 -0.5068948 0.01106131 0.8609598 -0.5085529 0.01107013 0.8610154 -0.5084583 0.06525462 0.8608984 -0.504575 0.06523144 0.8611084 -0.5042195 0.087287 0.8612728 -0.5005899 0.08728599 0.8612785 -0.5005801 0.0660305 0.8610959 -0.5041368 0.06606686 0.8608063 -0.5046263 0.004042208 0.8609122 -0.5087376 0.004027247 0.8608193 -0.5088949 -0.05931782 0.860873 -0.5053504 -0.05928951 0.8609507 -0.5052216 -0.1142295 0.8609365 -0.4957218 -0.1141713 0.8610523 -0.4955338 -0.1500962 0.8611879 -0.4856197 -0.1500613 0.8612454 -0.4855287 -0.1606038 0.8612716 -0.4820972 -0.1605982 0.8612806 -0.4820831 -0.157737 0.8612742 -0.4830383 -0.1577759 0.8612062 -0.4831467 -0.1238832 0.8610691 -0.4931665 -0.1239427 0.8609481 -0.4933625 -0.06969892 0.8609719 -0.5038546 -0.06966161 0.8610895 -0.503659 -0.03603315 0.8612256 -0.506944 -0.036026 0.8612638 -0.5068795 -0.0261873 0.8612738 -0.5074661 -0.02618867 0.8612647 -0.5074813 -0.004024922 0.8611462 -0.5083415 -0.004039347 0.8609968 -0.5085945 0.05444967 0.8608103 -0.5060048 0.05443942 0.860929 -0.5058041 0.09198731 0.8612407 -0.4998029 0.091977 0.8612908 -0.4997186 0.07289785 0.8610995 -0.5031836 0.07289677 0.8611064 -0.5031719 0.04356288 0.8612424 -0.5063239 0.04356104 0.8612617 -0.5062912 0.03479856 0.8612639 -0.5069651 0.03480213 0.8612207 -0.5070384 0.05557376 0.8612262 -0.5051743 0.05556792 0.8612725 -0.5050959 0.05980962 0.8612852 -0.5045895 0.0687462 0.2518107 -0.9653317 0.0498299 0.09341979 -0.9943791 0.05010747 0.01947027 -0.9985541 0.0716294 0.01948708 -0.997241 0.01649415 -0.981678 -0.1898322 0.09406471 0.0195468 -0.9953743 0.1176858 0.01944667 -0.9928606 0.1172475 0.1021414 -0.9878361 0.1022157 0.3551659 -0.9291981 0.1086579 0.01957213 -0.9938866 0.07343918 0.01947629 -0.9971095 0.04968792 0.956155 -0.2886155 0.1305425 0.0139985 -0.9913439 0.0716046 0.01400148 -0.9973348 0.011146 0.9977282 -0.06643974 0.008183658 0.9977285 -0.06686449 0.008179545 0.9977288 -0.06686103 0.00578159 0.9977288 -0.06711179 0.005778193 0.9977293 -0.06710398 0.004602849 0.9977293 -0.06719416 0.0046072 0.9977285 -0.06720662 0.00737828 0.9977286 -0.06695747 0.007372677 0.9977292 -0.06694877 0.007925748 0.9977295 -0.06688171 0.007926464 0.9977294 -0.06688272 0.006643176 0.9977292 -0.06702613 0.00664401 0.997729 -0.06702721 0.005034029 0.9977293 -0.06716454 0.005033135 0.9977294 -0.06716281 0.003380477 0.9977288 -0.06727468 0.00337845 0.9977293 -0.06726819 0.004701018 0.9977274 -0.06721651 0.004737973 0.9977242 -0.0672599 0.01135051 0.9977237 -0.06647294 0.01139944 0.9977213 -0.06650131 0.01946133 0.9977208 -0.06461006 0.01886808 0.9977358 -0.06455564 -4.28551e-4 0.9971749 -0.07511538 0.01589667 0.997398 -0.0703181 0.3897835 0.02498269 -0.9205676 0.2501127 -0.7400664 -0.624296 0.1859578 0.7230393 -0.6653074 0.2625035 -0.001956045 -0.9649291 0.1841502 -0.00199908 -0.9828961 0.3887736 0.1193259 -0.9135735 0.3066245 -0.6000739 -0.7388456 0.1834489 0.7576763 -0.6263172 0.2790003 0.09894669 -0.9551798 0.1689369 0.09887212 -0.9806553 0.1689376 0.09869134 -0.9806733 0.07068574 0.09869867 -0.9926038 0.07068586 0.0991488 -0.9925589 0.04987055 0.09920525 -0.9938166 0.04987102 0.09894728 -0.9938423 0.08613824 0.09898775 -0.9913535 0.08613884 0.09889698 -0.9913625 0.1171299 0.09888428 -0.9881815 0.1171289 0.09909611 -0.9881603 0.1088057 0.09910798 -0.9891102 0.1088059 0.099195 -0.9891014 0.06814676 0.09919953 -0.9927313 0.06814736 0.09899955 -0.9927513 0.08529549 0.0989511 -0.9914301 0.08529406 0.0992487 -0.9914004 0.1426687 0.09921884 -0.9847849 0.1426723 0.09882843 -0.9848237 0.1801043 0.0989477 -0.9786582 0.1666586 -0.337899 -0.9263095 0.04527497 0.9059845 -0.4208829 0.105997 0.09888422 -0.9894375 -0.007838308 0.09902191 -0.9950545 -0.00783658 0.09917688 -0.995039 -0.051243 0.09921854 -0.9937455 -0.04545831 0.4144348 -0.9089431 -0.05717945 -0.3778253 -0.9241096 -0.1566768 0.2375962 -0.9586451 -0.1586195 0.2153888 -0.9635598 -0.07880252 0.2152223 -0.9733805 -0.07878839 0.2155677 -0.9733052 0.02119368 0.2154573 -0.9762833 0.021191 0.2152734 -0.976324 0.12518 0.2151526 -0.9685243 0.1251736 0.2154812 -0.9684521 0.1677352 0.2156397 -0.9619587 0.1677422 0.2153298 -0.9620268 0.1269147 0.2151729 -0.968294 0.1269171 0.2150439 -0.9683223 0.007814288 0.2151141 -0.9765576 0.00781548 0.2152359 -0.9765308 -0.1138872 0.2152854 -0.9698876 -0.1138936 0.2151318 -0.969921 -0.2193387 0.2151187 -0.9516378 -0.2193334 0.2152156 -0.9516171 -0.2883909 0.2153481 -0.9329823 -0.2883776 0.215541 -0.9329419 -0.3086275 0.2155776 -0.9264316 -0.3086419 0.2153847 -0.9264717 -0.3031255 0.215355 -0.9282981 -0.3031153 0.2154998 -0.9282677 -0.2378818 0.2153294 -0.9471248 -0.2378807 0.2153625 -0.9471177 -0.1338414 0.2154301 -0.9673036 -0.1338419 0.215434 -0.9673027 -0.0692445 0.215544 -0.9740359 -0.06924122 0.2157046 -0.9740006 -0.0503205 0.2157088 -0.9751603 -0.05032384 0.2154925 -0.975208 -0.007692217 0.2153959 -0.9764965 -0.007693052 0.2152583 -0.9765269 0.1044511 0.2151151 -0.9709869 0.1044497 0.2151889 -0.9709708 0.1767393 0.2155162 -0.9603729 0.176737 0.2155895 -0.9603568 0.1400111 0.215383 -0.9664404 0.1400111 0.2153619 -0.9664451 0.08370363 0.2154316 -0.972925 0.08370071 0.215622 -0.9728831 0.06687384 0.2155911 -0.9741912 0.06687599 0.2154397 -0.9742245 0.1067757 0.2154591 -0.9706578 0.1067754 0.2155078 -0.9706469 0.1149401 0.2155479 -0.9697051 0.1149387 0.2156323 -0.9696865 0.08452808 0.2155644 -0.9728243 0.08452534 0.2157363 -0.9727864 0.04893761 0.215745 -0.9752227 0.04894 0.2154466 -0.9752886 0.06936508 0.2154 -0.9740592 0.06936389 0.2155843 -0.9740186 0.1657766 0.2155798 -0.9623115 0.1657814 0.2153312 -0.9623665 0.2745009 0.2151939 -0.9371984 0.2744966 0.2152614 -0.9371842 0.3828902 0.2150731 -0.898409 0.3733814 0.3091048 -0.874666 -0.1524465 0.3298426 -0.9316459 -0.1525651 0.3287228 -0.9320222 -0.07620829 0.3284896 -0.9414281 -0.0762155 0.3283498 -0.9414764 0.02049732 0.3282743 -0.94436 0.02050203 0.3286588 -0.9442262 0.1210694 0.3285495 -0.936695 0.1210697 0.3285313 -0.9367013 0.1622253 0.3287322 -0.9303861 0.1622169 0.3289273 -0.9303186 0.1227369 0.3286935 -0.9364274 0.1227533 0.3282304 -0.9365877 0.007559299 0.3284125 -0.9445043 0.007555007 0.3281285 -0.9446029 -0.1101643 0.3282054 -0.9381605 -0.1101467 0.3285059 -0.9380574 -0.212133 0.3284875 -0.920378 -0.2121369 0.328435 -0.9203959 -0.278917 0.3286306 -0.9023343 -0.2788973 0.328796 -0.9022803 -0.2984848 0.3288317 -0.895978 -0.2984781 0.3288759 -0.895964 -0.2931384 0.3289037 -0.897715 -0.2931627 0.3286874 -0.8977864 -0.2300776 0.3285074 -0.9160498 -0.2300997 0.3282714 -0.9161289 -0.1294657 0.3282371 -0.9356811 -0.1294485 0.3285462 -0.935575 -0.06697076 0.3286921 -0.9420597 -0.06696861 0.328753 -0.9420387 -0.04866987 0.3287735 -0.943154 -0.04866904 0.3288087 -0.9431417 -0.00743997 0.3286383 -0.9444267 -0.007442593 0.3284435 -0.9444944 0.1010315 0.3281838 -0.9391954 0.101027 0.3283663 -0.9391321 0.1709297 0.3287997 -0.9288024 0.1709261 0.3288781 -0.9287753 0.1354127 0.328629 -0.9347013 0.1354195 0.3284687 -0.9347566 0.08095407 0.3286942 -0.9409605 0.08094948 0.3288733 -0.9408983 0.06467455 0.3288738 -0.9421567 0.06467527 0.3288414 -0.942168 0.1032622 0.3288719 -0.938712 0.1032659 0.3287533 -0.9387532 0.1111656 0.3287391 -0.9378554 0.1111655 0.3287331 -0.9378576 0.08175587 0.3286366 -0.9409114 0.08175629 0.3286229 -0.940916 0.047333 0.3286499 -0.943265 0.04733145 0.3287669 -0.9432243 0.0670886 0.3286408 -0.9420693 0.06709474 0.3282972 -0.9421886 0.1603691 0.3280526 -0.9309475 0.1603438 0.3285561 -0.9307743 0.2654808 0.328564 -0.9064026 0.2654787 0.328557 -0.9064058 0.3710285 0.3282941 -0.8686547 0.3569109 0.4223253 -0.8332203 -0.1454408 0.4304835 -0.8908035 -0.1445029 0.4370271 -0.8877647 -0.07258713 0.4367172 -0.8966657 -0.0725708 0.4369629 -0.8965473 0.01952725 0.4368248 -0.8993347 0.01952624 0.4367476 -0.8993722 0.1153241 0.4365715 -0.8922476 0.1153004 0.437042 -0.8920202 0.1544799 0.4373071 -0.885945 0.1544791 0.4373132 -0.8859421 0.1168867 0.4370195 -0.8918249 0.116912 0.4365253 -0.8920636 0.007194876 0.4366832 -0.8995866 0.007193028 0.436559 -0.899647 -0.1049165 0.4366063 -0.8935142 -0.1049196 0.4365671 -0.8935329 -0.2020638 0.4365574 -0.8766915 -0.2020124 0.436968 -0.8764987 -0.265596 0.43721 -0.8592475 -0.2655979 0.4371978 -0.8592531 -0.2842409 0.4372774 -0.8532267 -0.2842573 0.4371771 -0.8532726 -0.2791741 0.4371817 -0.8549468 -0.2791976 0.4370291 -0.8550171 -0.2191365 0.4367625 -0.872478 -0.2191329 0.4367964 -0.8724619 -0.1232925 0.4367697 -0.8910843 -0.1232858 0.4368577 -0.8910421 -0.06377732 0.437111 -0.8971436 -0.06377917 0.4370658 -0.8971655 -0.04635065 0.4371016 -0.8982171 -0.04634588 0.4372534 -0.8981435 -0.007087051 0.4370501 -0.8994092 -0.00709033 0.4368185 -0.8995218 0.09622961 0.4365069 -0.8945398 0.09622013 0.436743 -0.8944256 0.1627772 0.4372352 -0.8844937 0.1627704 0.4373175 -0.8844542 0.1289588 0.4370152 -0.8901615 0.1289579 0.4370366 -0.8901512 0.07708889 0.4372603 -0.896025 0.07709509 0.4370901 -0.8961076 0.06159514 0.4371042 -0.8972994 0.06159341 0.4371706 -0.8972671 0.09834116 0.4371735 -0.8939846 0.09833353 0.4373434 -0.8939023 0.1058524 0.4373583 -0.8930358 0.1058618 0.4371721 -0.893126 0.07785856 0.4370556 -0.8960583 0.07785034 0.437269 -0.895955 0.04507237 0.4372584 -0.8982059 0.04507428 0.4371706 -0.8982484 0.06388914 0.4370175 -0.8971811 0.06389343 0.4368484 -0.8972632 0.1527158 0.4368116 -0.8864951 0.1527431 0.4364328 -0.886677 0.2528741 0.4366334 -0.863369 0.2528692 0.4366645 -0.8633546 0.354941 0.4365084 -0.8267269 0.330886 0.5471638 -0.7688475 -0.1345495 0.5412285 -0.8300411 -0.1350428 0.5388973 -0.8314765 -0.06798142 0.5385534 -0.8398446 -0.06798452 0.5385113 -0.8398714 0.01829165 0.5383937 -0.8424949 0.01829546 0.5386077 -0.8423581 0.1080256 0.5384002 -0.8357366 0.1080049 0.5387166 -0.8355354 0.1446868 0.5390076 -0.8297811 0.1446824 0.5390625 -0.8297462 0.1094757 0.538749 -0.8353231 0.1095083 0.5382713 -0.8356268 0.006737053 0.5384616 -0.8426232 0.006732046 0.5382495 -0.8427587 -0.09827727 0.5383604 -0.8369646 -0.09825855 0.5385402 -0.8368511 -0.1892384 0.5385432 -0.8210725 -0.189226 0.5386177 -0.8210265 -0.2487767 0.5388424 -0.8048348 -0.2487297 0.5390719 -0.8046958 -0.2661939 0.5391272 -0.7990512 -0.2661927 0.5391318 -0.7990485 -0.2614347 0.5391296 -0.8006194 -0.261466 0.538979 -0.8007105 -0.2052302 0.5387133 -0.81711 -0.2052617 0.5385277 -0.8172243 -0.1154776 0.5385985 -0.8346117 -0.1154665 0.5387154 -0.8345378 -0.05973106 0.5389421 -0.8402225 -0.05972462 0.5390535 -0.8401515 -0.04340469 0.5390715 -0.8411409 -0.04340457 0.5390712 -0.8411411 -0.006639599 0.5388671 -0.8423647 -0.006644785 0.538614 -0.8425264 0.09014177 0.5382913 -0.8379242 0.09013336 0.5384555 -0.8378197 0.1524534 0.5390002 -0.8283942 0.1524541 0.5389949 -0.8283975 0.1207914 0.5387197 -0.8337809 0.1207864 0.5387823 -0.8337411 0.07219845 0.5390228 -0.8391913 0.07219827 0.5390297 -0.8391868 0.05768239 0.539054 -0.8402938 0.05768686 0.5389389 -0.8403672 0.0921036 0.5389775 -0.8372696 0.09210413 0.5389719 -0.8372731 0.09914505 0.5389879 -0.8364583 0.09913045 0.5392034 -0.8363212 0.07291013 0.5390732 -0.8390973 0.0729162 0.5389438 -0.8391799 0.04221582 0.5389391 -0.8412863 0.04221379 0.5390169 -0.8412366 0.05983489 0.5388634 -0.8402655 0.0598421 0.5386292 -0.8404152 0.1430394 0.5385771 -0.830346 0.1430542 0.5384231 -0.8304435 0.2368372 0.5385601 -0.8086169 0.2368683 0.5383577 -0.8087425 0.3331869 0.5381823 -0.7741746 0.3223977 0.5821014 -0.7464702 0.3395477 0.5696107 -0.7484992 0.3695544 0.5675221 -0.7357637 -0.1220803 0.6305992 -0.7664471 -0.1215206 0.6327651 -0.764749 -0.06249976 0.6324 -0.7721167 -0.06249237 0.6324625 -0.7720661 0.01682144 0.6323418 -0.7745069 0.0168237 0.6324433 -0.7744241 0.09932315 0.6322489 -0.7683725 0.09929543 0.6325892 -0.7680959 0.1330003 0.6328685 -0.7627505 0.1329993 0.6328789 -0.7627422 0.1006376 0.6325703 -0.7679369 0.1006805 0.6320658 -0.7683465 0.006188929 0.632245 -0.7747439 0.006184041 0.6320902 -0.7748702 -0.09035527 0.6321766 -0.7695381 -0.09033411 0.632332 -0.7694128 -0.1739937 0.6322948 -0.7549368 -0.1739361 0.6325683 -0.7547209 -0.2286663 0.6327937 -0.7397863 -0.2286822 0.6327352 -0.7398316 -0.2447311 0.6327959 -0.7346265 -0.2447376 0.6327706 -0.734646 -0.2403628 0.6327753 -0.736085 -0.2403488 0.6328289 -0.7360435 -0.1886676 0.6325872 -0.7511577 -0.1887339 0.632281 -0.7513989 -0.1061769 0.632315 -0.7674009 -0.1061426 0.6325836 -0.7671844 -0.05490499 0.6328169 -0.7723524 -0.05490571 0.6328022 -0.7723644 -0.03990244 0.6328171 -0.7732725 -0.03990286 0.6328143 -0.7732748 -0.006107568 0.6326023 -0.7744529 -0.006113827 0.6323463 -0.7746618 0.08288961 0.6320422 -0.7704883 0.08287596 0.6322433 -0.7703246 0.1401501 0.6327836 -0.7615398 0.140139 0.6328747 -0.7614662 0.1110473 0.6325523 -0.7665156 0.1110483 0.6325445 -0.7665219 0.06637352 0.6327749 -0.771486 0.06636977 0.632836 -0.7714361 0.05302596 0.6328382 -0.7724663 0.05303013 0.6327484 -0.7725394 0.08467173 0.6327577 -0.7697068 0.08466243 0.6328762 -0.7696104 0.09113472 0.6328855 -0.7688631 0.09114122 0.6328021 -0.768931 0.06703639 0.632677 -0.7715089 0.0670244 0.6328641 -0.7713565 0.03880405 0.6328694 -0.7732857 0.03880405 0.6328661 -0.7732884 0.05500292 0.6326895 -0.7724497 0.05501061 0.6324856 -0.7726163 0.1315081 0.6323764 -0.7634171 0.1315374 0.6321198 -0.7636247 0.2177724 0.6322326 -0.7435436 0.2177602 0.6322841 -0.7435035 0.3072649 0.6320225 -0.7114323 0.3071774 0.6323128 -0.711212 0.3420299 0.6326718 -0.6947963 0.344871 0.635271 -0.69101 -0.1129432 0.6925922 -0.7124324 -0.1059701 0.7170448 -0.6889246 -0.0562666 0.7166628 -0.6951464 -0.05626243 0.7166857 -0.6951231 0.01514983 0.7165635 -0.6973574 0.01515221 0.7166254 -0.6972937 0.08944451 0.7164363 -0.6918951 0.08940666 0.7168223 -0.6915 0.119727 0.7170833 -0.6866273 0.1197285 0.7170714 -0.6866395 0.09059578 0.7167854 -0.6913835 0.09064686 0.7162915 -0.6918885 0.005567431 0.7164769 -0.6975888 0.005560517 0.7163348 -0.6977345 -0.08135199 0.7164242 -0.6929057 -0.08133232 0.7165345 -0.692794 -0.1566571 0.7165223 -0.6797459 -0.1565998 0.7167333 -0.6795366 -0.2058702 0.7169521 -0.666031 -0.2058421 0.717036 -0.6659493 -0.2202972 0.7170609 -0.6612812 -0.2202709 0.7171359 -0.6612087 -0.2163435 0.7171126 -0.6625293 -0.2164192 0.7168873 -0.6627483 -0.1698967 0.7166674 -0.6764045 -0.1699429 0.7164992 -0.676571 -0.0955969 0.7165396 -0.6909648 -0.09555774 0.7167738 -0.6907272 -0.04942983 0.7169877 -0.6953311 -0.0494216 0.7170732 -0.6952435 -0.03591817 0.7170885 -0.6960561 -0.03592056 0.7170522 -0.6960933 -0.005502283 0.7168692 -0.697186 -0.005510628 0.7166371 -0.6974245 0.07463723 0.7163415 -0.6937466 0.07462656 0.7164748 -0.6936099 0.1261761 0.7169638 -0.6855964 0.1261549 0.7171054 -0.6854524 0.09997028 0.7168184 -0.6900562 0.09997272 0.7167978 -0.6900771 0.05974912 0.7170256 -0.6944813 0.05974298 0.7171101 -0.6943946 0.04772913 0.7171194 -0.6953142 0.04773366 0.7170435 -0.6953921 0.076218 0.7170454 -0.6928468 0.07622176 0.717002 -0.6928912 0.0820471 0.7170208 -0.6922063 0.0820412 0.7170808 -0.6921448 0.0603435 0.7169874 -0.6944695 0.06034457 0.7169736 -0.6944836 0.03493654 0.7169837 -0.696214 0.03493291 0.7170709 -0.6961243 0.04951322 0.71691 -0.6954054 0.04952555 0.7166499 -0.6956725 0.1184061 0.7165678 -0.687394 0.1184194 0.7164737 -0.6874899 0.1960583 0.71656 -0.6694049 0.1960606 0.7165378 -0.6694281 0.2766733 0.7163118 -0.6405852 0.2765983 0.716513 -0.6403926 0.3070672 0.7169951 -0.6258018 0.3038163 0.7336494 -0.6078275 -0.08988732 0.8067539 -0.5840108 -0.1038345 0.7963442 -0.5958645 -0.04881066 0.796204 -0.6030562 -0.04879599 0.7962584 -0.6029856 0.01314544 0.7961623 -0.6049405 0.01315438 0.7962623 -0.6048087 0.07759678 0.7961103 -0.600156 0.07756698 0.7963962 -0.5997804 0.1038379 0.796612 -0.5955057 0.1038378 0.7966088 -0.59551 0.0785669 0.7963705 -0.5996844 0.07860851 0.7960003 -0.6001703 0.004822432 0.7961438 -0.6050882 0.004808723 0.7960076 -0.6052677 -0.07056432 0.7960746 -0.6010706 -0.07053929 0.7961688 -0.6009488 -0.1358827 0.7961543 -0.5896391 -0.1358305 0.7962941 -0.5894623 -0.1785685 0.7964679 -0.577713 -0.1785163 0.7965835 -0.5775697 -0.1910542 0.7966111 -0.5735059 -0.1910604 0.7965987 -0.5735212 -0.1876538 0.7965884 -0.5746591 -0.1876813 0.7965258 -0.5747369 -0.1473484 0.7963465 -0.5866181 -0.1474179 0.7961593 -0.5868548 -0.08291465 0.7961902 -0.5993384 -0.08288323 0.7963235 -0.5991656 -0.04287266 0.7965036 -0.603112 -0.04285967 0.7965984 -0.6029875 -0.03115218 0.7966125 -0.6036871 -0.03115409 0.7965935 -0.603712 -0.00477755 0.7964384 -0.6047009 -0.004790067 0.7962445 -0.604956 0.06475007 0.7960053 -0.6018165 0.06473708 0.796166 -0.6016051 0.1094256 0.7965747 -0.5945544 0.1094244 0.7965821 -0.5945445 0.08672052 0.7963387 -0.5986019 0.08671647 0.7963659 -0.5985664 0.05182445 0.7965425 -0.6023573 0.05182105 0.7965815 -0.6023061 0.04139912 0.7965836 -0.6031093 0.04140275 0.7965299 -0.6031799 0.06610888 0.7965418 -0.6009584 0.06610298 0.7965969 -0.6008859 0.07115292 0.7966148 -0.6002851 0.07115405 0.796604 -0.6002993 0.05233806 0.7965222 -0.6023399 0.05233454 0.7965608 -0.6022891 0.03029948 0.796566 -0.603792 0.0302987 0.7965832 -0.6037691 0.04294025 0.7964556 -0.6031706 0.04294693 0.7962955 -0.6033814 0.1026992 0.7962208 -0.5962258 0.1027173 0.7960943 -0.5963917 0.1700677 0.7961726 -0.5806773 0.1700826 0.7961156 -0.5807512 0.2400157 0.7959873 -0.5556948 0.2399374 0.7961653 -0.5554735 0.2699758 0.7966011 -0.5408694 0.2699947 0.7968842 -0.5404427 0.05981069 0.8612763 -0.5046045 0.0501334 0.8612631 -0.5056804 0.03372824 0.9209746 -0.3881602 0.03796178 0.8612742 -0.5067206 0.02546995 0.8612487 -0.5075452 0.02546912 0.8612653 -0.5075171 0.03608983 0.861166 -0.5070412 0.03609472 0.8610286 -0.507274 0.08633506 0.8609719 -0.5012722 0.08635252 0.8608694 -0.501445 0.1429752 0.8609448 -0.4881927 0.1429871 0.8609122 -0.4882469 0.2018015 0.8608214 -0.467186 0.2017408 0.860935 -0.4670028 0.2261421 0.8612653 -0.4550627 0.2247861 0.8674477 -0.4438533 -0.03356909 0.9038901 -0.4264455 -0.0299943 0.9082843 -0.417277 0.009111583 0.9081685 -0.4185057 0.00913012 0.9082239 -0.4183851 0.05371594 0.9081385 -0.4152096 0.05370479 0.9082822 -0.4148969 0.07182121 0.9083992 -0.411889 0.07182085 0.9084034 -0.4118799 0.05431187 0.9082723 -0.4148393 0.05433422 0.9080651 -0.41529 0.003313124 0.9081419 -0.4186496 0.003293573 0.9080766 -0.4187913 -0.04880326 0.9081144 -0.4158684 -0.04877364 0.9081654 -0.4157606 -0.09398883 0.9081594 -0.4079371 -0.09392774 0.908244 -0.4077628 -0.1234969 0.9083421 -0.3995788 -0.1234574 0.9083893 -0.3994836 -0.1321402 0.908406 -0.396658 -0.1321436 0.9084021 -0.3966659 -0.129793 0.9083955 -0.3974564 -0.1298281 0.9083499 -0.3975491 -0.1019502 0.9082493 -0.4058195 -0.1020127 0.9081574 -0.4060096 -0.05734992 0.9081743 -0.4146451 -0.05731284 0.9082549 -0.4144737 -0.02964866 0.9083531 -0.4171518 -0.02963912 0.9083868 -0.4170791 -0.02154809 0.9083948 -0.4175578 -0.02154713 0.9083994 -0.417548 -0.003322124 0.9083144 -0.4182753 -0.003340721 0.9082075 -0.418507 0.04481726 0.9080744 -0.416404 0.04481279 0.9081574 -0.4162237 0.0756914 0.9083796 -0.4112387 0.0756877 0.9083982 -0.4111985 0.05998826 0.9082658 -0.4140708 0.05998575 0.9082787 -0.4140432 0.03584504 0.9083777 -0.4166115 0.03584223 0.9084033 -0.4165558 0.02862966 0.9084052 -0.4171096 0.02863276 0.9083675 -0.4171915 0.04572814 0.908372 -0.4156553 0.04572576 0.908392 -0.4156118 0.04921281 0.9084011 -0.4151934 0.04921346 0.9083948 -0.4152073 0.04125154 0.9083867 -0.4160914 0.04125159 0.9083876 -0.4160894 0.03123587 0.9083957 -0.4169432 0.03123575 0.9083989 -0.4169363 0.020958 0.9083783 -0.4176238 0.02095705 0.9083983 -0.4175805 0.02968621 0.9083266 -0.417207 0.02968591 0.9082238 -0.4174307 0.07103431 0.9081872 -0.4124928 0.07104319 0.9081267 -0.4126243 0.1176452 0.9081767 -0.4017148 0.1176594 0.9081354 -0.401804 0.1660977 0.9080618 -0.3844937 0.1660358 0.9081639 -0.3842794 0.1871225 0.9084019 -0.3738867 0.1666622 0.9278117 -0.3337504 0.0429849 0.9604033 -0.2752779 0.03210616 0.9481889 -0.3160807 0.002500832 0.9480944 -0.3179793 0.002461671 0.9480523 -0.3181052 -0.03705686 0.9480739 -0.3158843 -0.03701293 0.9481073 -0.315789 -0.07137262 0.9481042 -0.3098458 -0.07130497 0.9481532 -0.3097114 -0.09378665 0.9482128 -0.3034747 -0.09374946 0.9482378 -0.3034074 -0.1003583 0.9482483 -0.3012532 -0.1003546 0.9482508 -0.3012464 -0.09857386 0.9482474 -0.3018446 -0.09860748 0.9482198 -0.3019204 -0.07744079 0.9481601 -0.3082133 -0.07750946 0.948102 -0.3083749 -0.04354929 0.9481127 -0.3149375 -0.04350119 0.948166 -0.3147841 -0.02251327 0.9482242 -0.3168031 -0.0225017 0.9482432 -0.3167471 -0.01636409 0.9482478 -0.3171094 -0.01636523 0.9482457 -0.3171161 -0.00253576 0.9481943 -0.3176807 -0.002569496 0.9481277 -0.3178796 0.03405421 0.9480485 -0.3162981 0.03406625 0.9481003 -0.3161416 0.0574885 0.9482339 -0.3123264 0.05748957 0.9482506 -0.3122751 0.04556119 0.9481703 -0.3144795 0.04556095 0.9481754 -0.3144643 0.02722465 0.9482346 -0.316402 0.02722454 0.9482457 -0.3163687 0.02174192 0.9482469 -0.3167887 0.02174216 0.9482287 -0.3168434 0.03473061 0.9482317 -0.3156747 0.03473109 0.9482437 -0.3156384 0.03737407 0.9482496 -0.3153189 0.03737401 0.9482491 -0.3153201 0.03132796 0.948244 -0.3159934 0.03132754 0.9482407 -0.3160036 0.02372276 0.9482448 -0.3166529 0.02372342 0.948248 -0.3166434 0.01591759 0.9482361 -0.3171673 0.01591789 0.9482443 -0.3171427 0.02253454 0.9482011 -0.3168705 0.02251875 0.9481427 -0.3170465 0.05394244 0.9481203 -0.313302 0.05393487 0.9480779 -0.3134314 0.08935117 0.9481091 -0.305132 0.0893498 0.9480906 -0.3051899 0.1261799 0.9480475 -0.2920357 0.1261589 0.9481039 -0.2918612 0.1356108 0.9482246 -0.287193 0.1349228 0.9495185 -0.2832151 0.004567265 0.9642487 -0.2649595 0.01439249 0.9758852 -0.2178102 0.02810651 0.9758054 -0.216827 0.02816247 0.9758519 -0.2166106 0.03749924 0.9758851 -0.2150401 0.03749984 0.9758854 -0.2150382 0.03368091 0.9758797 -0.2156954 0.03366887 0.9758736 -0.2157248 0.02206891 0.9758633 -0.2172646 0.02204751 0.9758551 -0.2173036 0.001691877 0.9758086 -0.2186201 0.001647114 0.9757905 -0.2187014 -0.0254544 0.9758011 -0.217174 -0.02541041 0.9758152 -0.2171151 -0.04904568 0.9758143 -0.2130282 -0.04897886 0.9758372 -0.2129389 -0.0644657 0.9758667 -0.2086344 -0.06442815 0.9758795 -0.2085868 -0.06899082 0.9758846 -0.207098 -0.06898951 0.975885 -0.2070965 -0.06777185 0.9758832 -0.2075067 -0.06780153 0.9758699 -0.2075597 -0.05325835 0.9758412 -0.2118901 -0.05332469 0.9758134 -0.2120016 -0.02992212 0.9758189 -0.216523 -0.0298708 0.9758442 -0.2164157 -0.01547199 0.9758725 -0.2177929 -0.01545822 0.9758822 -0.2177503 -0.01125001 0.9758846 -0.2179973 -0.01125109 0.9758836 -0.2180019 -0.00176537 0.9758588 -0.2183955 -0.001811802 0.9758257 -0.2185426 0.02343291 0.9757874 -0.2174624 0.0234611 0.975813 -0.2173442 0.03952783 0.9758775 -0.2147106 0.03953474 0.9758855 -0.2146732 0.03132408 0.9758464 -0.2162006 0.03132486 0.9758486 -0.2161905 0.01871788 0.9758776 -0.2175149 0.01871967 0.9758833 -0.2174887 0.01494413 0.975884 -0.2177781 0.01494204 0.975875 -0.217818 0.02387899 0.9758765 -0.2170141 0.02388226 0.9758826 -0.2169858 0.02569282 0.9758853 -0.2167668 0.02569216 0.9758843 -0.2167711 0.02153599 0.9758818 -0.2172349 0.02153533 0.9758809 -0.217239 0.01630926 0.9758831 -0.2176842 0.01630997 0.9758841 -0.2176794 0.01094388 0.9758781 -0.2180421 0.0109452 0.9758827 -0.2180215 0.01547235 0.9758621 -0.2178393 0.01544237 0.9758328 -0.2179722 0.03706514 0.9758231 -0.2153962 0.03703939 0.9758017 -0.2154974 0.06141722 0.9758176 -0.2097811 0.06140273 0.9758072 -0.2098337 0.08678632 0.9757856 -0.2007752 0.08680546 0.9758148 -0.2006247 0.0968911 0.9758855 -0.1956008 0.0857563 0.9668746 -0.2404152 0.003518581 0.9997884 -0.02026885 0.003773868 0.9997836 -0.02046126 0.01221805 0.9977287 -0.06624358 0.01220637 0.9977295 -0.06623417 0.02386772 0.9912908 -0.1295105 0.02179205 0.9912878 -0.1298989 0.01842606 0.99171 -0.1271682 0.01599371 0.9912883 -0.130736 0.01129502 0.991288 -0.1312276 0.01129835 0.99129 -0.1312115 0.009012937 0.9912902 -0.1313866 0.009008705 0.9912869 -0.131412 0.01441019 0.9912874 -0.1309263 0.01441615 0.9912897 -0.1309078 0.01549988 0.9912908 -0.1307765 0.01549905 0.9912904 -0.130779 0.01299214 0.9912894 -0.1310589 0.0129913 0.9912891 -0.1310611 0.009840071 0.99129 -0.1313294 0.009841382 0.9912905 -0.1313254 0.006603896 0.9912883 -0.1315448 0.006606101 0.99129 -0.1315322 0.009310841 0.9912824 -0.1314254 0.00926429 0.9912709 -0.1315149 0.02233713 0.9912678 -0.1299587 0.02228945 0.9912595 -0.1300304 0.03703796 0.9912658 -0.1265715 0.03700619 0.9912617 -0.1266136 0.05240565 0.9912536 -0.12112 0.04459917 0.9898071 -0.1352513 0.04441684 0.9897969 -0.1353858 0.05981886 0.9960899 -0.06501138 -0.112636 -0.02995824 0.9931846 0.06039255 -0.01208984 0.9981015 0.1007182 -0.01933377 0.9947272 0.005684614 -0.9999742 0.004417538 0.6457744 -0.005952835 0.7635052 -5.01681e-5 -0.9999987 0.001643896 3.18955e-5 -0.9999993 0.001205623 -0.001119136 -0.9998286 0.01848179 0.00122261 -0.999575 0.02912765 -0.002952635 -0.994806 0.1017467 -0.01280152 -0.8022484 0.5968531 -0.009697973 -0.8844056 0.4666184 -0.01065737 -0.8666027 0.4988852 -0.008198559 -0.9228855 0.3849871 -0.008640527 -0.9168921 0.3990418 -0.005981922 -0.9605866 0.2779169 -0.006424784 -0.9572136 0.2893109 -0.004126548 -0.9817361 0.1902036 -0.005794107 -0.9721602 0.234246 -0.003154218 -0.986715 0.162431 -0.02021867 -0.04745703 0.9986687 -0.01960724 -0.1314254 0.9911321 -0.01998597 -0.1214246 0.9923995 -0.0196976 -0.2202669 0.9752408 -0.01962286 -0.2241373 0.97436 -0.01933407 -0.3185908 0.9476953 -0.01915293 -0.3297344 0.9438796 -0.01850628 -0.4333545 0.9010335 -0.01844692 -0.4365836 0.8994746 -0.01701974 -0.5599399 0.8283584 -0.01750361 -0.538877 0.8422026 -0.01547765 -0.6574678 0.7533238 -0.01605635 -0.6348028 0.7725074 -0.01438879 -0.7210202 0.6927646 -0.01432526 -0.7232969 0.6903886 -0.01355808 -0.7611734 0.6484067 -0.01183128 -0.8240735 0.5663595 0.6453992 -0.05880379 0.7615787 0.152352 -0.9725828 0.1757034 0.1625642 -0.9687303 0.1874419 0.1893913 -0.957081 0.2193787 0.2213927 -0.9409503 0.2561209 0.2609195 -0.9166756 0.3026995 0.2842103 -0.9003547 0.3295238 0.3255321 -0.866527 0.378365 0.3445236 -0.8491368 0.4003376 0.3893007 -0.8019114 0.4531921 0.4098249 -0.7775594 0.4769117 0.4498886 -0.7227466 0.524631 0.485136 -0.6668402 0.5656565 0.5025239 -0.6350119 0.5867109 0.5315432 -0.5761117 0.6209324 0.548071 -0.5374673 0.6408956 0.5675448 -0.487287 0.6636599 0.584504 -0.4354487 0.6846456 0.6028531 -0.3712733 0.7062042 0.612334 -0.3297975 0.7185268 0.6248129 -0.2681733 0.7332749 0.6314377 -0.223621 0.7424824 0.6355829 -0.1947527 0.7470648 0.6423323 -0.1215547 0.7567256 0.6400955 -0.1405006 0.7553393 0.6441602 -0.09524559 0.7589374 0.1063334 -0.9866873 0.1230515 0.124558 -0.9817487 0.1437184 0.1341579 -0.9788025 0.1547493 0.00401014 -0.9999818 0.004526555 0.006709098 -0.9999479 0.007712006 0.01183444 -0.9998243 0.01453942 0.01762944 -0.9995778 0.02310168 0.03029656 -0.998911 0.03548043 0.08456611 -0.9917272 0.09657025 0.001264333 -0.9999983 0.001382052 0.001683175 -0.9999983 6.89311e-4 0.001090586 -0.9999988 0.00123012 0.001092493 -0.9999988 0.001232624 9.35413e-4 -0.9999986 0.001354455 7.70069e-4 -0.9999986 0.001456916 5.98616e-4 -0.9999987 0.00153464 4.33444e-4 -0.9999988 0.001588582 3.05558e-4 -0.9999987 0.00161612 2.71247e-4 -0.9999988 0.001622438 2.66533e-4 -0.9999988 0.00162208 1.82996e-4 -0.9999987 0.001634657 1.7208e-4 -0.9999987 0.00163573 1.01478e-4 -0.9999988 0.001642763 9.88107e-5 -0.9999988 0.001641035 4.73183e-5 -0.9999988 0.00164318 -6.45364e-7 -0.9999988 0.001643538 -6.06395e-5 -0.9999987 0.001643359 -1.76163e-4 -0.9999986 0.00163424 -1.01067e-4 -0.9999987 0.001641333 9.35467e-4 -0.9999987 0.001356601 0.016532 -0.9995763 0.02395874 0.01653075 -0.9995763 0.02395606 0.09243947 -0.9866659 0.1339601 0.09238517 -0.9866824 0.1338762 0.1319227 -0.9726527 0.1911627 0.1324257 -0.972437 0.1919109 0.1646849 -0.9570396 0.2386505 0.1646696 -0.9570474 0.2386301 0.2271632 -0.91653 0.3291956 0.2271887 -0.9165136 0.3292237 0.2833818 -0.8666312 0.4106644 0.2834889 -0.8665273 0.4108096 0.3393303 -0.8019053 0.4917344 0.3393988 -0.8018139 0.4918364 0.392607 -0.7226049 0.5689481 0.3923258 -0.7230879 0.5685282 0.4392087 -0.6340344 0.6364717 0.4390842 -0.6343089 0.6362839 0.4788534 -0.5377461 0.6939226 0.4789109 -0.5375857 0.6940072 0.5112422 -0.4356172 0.740857 0.5110256 -0.4364228 0.7405323 0.5362307 -0.3295913 0.7770625 0.5362976 -0.3292445 0.7771634 0.5535427 -0.2239212 0.8021532 0.5536251 -0.223293 0.8022716 0.5637619 -0.1214271 0.8169628 0.5637673 -0.1213176 0.8169752 7.69958e-4 -0.9999986 0.001454353 0.01360869 -0.9995763 0.02573204 0.01360732 -0.9995765 0.02572631 0.07607173 -0.9866749 0.1438263 0.07605808 -0.98668 0.1437975 0.1089668 -0.9724596 0.2060307 0.1093071 -0.9722896 0.2066518 0.1355347 -0.9570614 0.2562494 0.1355406 -0.9570588 0.2562564 0.1869006 -0.9166271 0.3533598 0.1869846 -0.9165509 0.3535127 0.2333866 -0.8665075 0.4412434 0.2332143 -0.8667244 0.440908 0.2795949 -0.8015039 0.5286002 0.2794938 -0.8016607 0.5284159 0.3227072 -0.7236157 0.610115 0.3229338 -0.7231592 0.6105363 0.3616667 -0.6337652 0.6837681 0.3616778 -0.6337181 0.683806 0.3942361 -0.5376144 0.7453514 0.3940249 -0.5383279 0.744948 0.4206785 -0.4364266 0.7953374 0.4208933 -0.435483 0.7957407 0.4414002 -0.3297749 0.8345146 0.4413911 -0.3298479 0.8344905 0.4557186 -0.2236205 0.8615767 0.4557119 -0.2236811 0.8615646 0.4641039 -0.1213108 0.8774345 0.4641076 -0.1212772 0.8774373 5.98471e-4 -0.9999987 0.001534402 0.01057934 -0.9995763 0.02711582 0.01057767 -0.9995766 0.02710622 0.05914264 -0.9866771 0.1515603 0.05913591 -0.9866803 0.1515418 0.08490401 -0.9723537 0.2175306 0.08474355 -0.9724501 0.2171623 0.1053573 -0.957083 0.2699853 0.1053757 -0.9570682 0.2700306 0.145398 -0.9165332 0.3725942 0.1451957 -0.9167812 0.3720625 0.1814545 -0.8665246 0.4649832 0.1815522 -0.8663731 0.4652273 0.2173585 -0.8015651 0.5569998 0.2170186 -0.8022758 0.5561084 0.2511205 -0.7230939 0.6434857 0.2512804 -0.7226615 0.6439089 0.2813436 -0.6333093 0.7209475 0.2812813 -0.6335451 0.7207645 0.3062825 -0.5386969 0.7848546 0.3062673 -0.5387803 0.7848034 0.3271583 -0.4360844 0.8383304 0.3272518 -0.435509 0.838593 0.3432229 -0.3296391 0.879509 0.3431708 -0.3300521 0.8793745 0.3543398 -0.223569 0.9079979 0.354315 -0.2239615 0.9079109 0.3608589 -0.1214094 0.9246841 0.360864 -0.1212315 0.9247055 1.01454e-4 -0.9999988 0.001639842 0.001793682 -0.9995774 0.02901762 0.001793801 -0.9995777 0.02900588 0.01003372 -0.9866993 0.1622464 0.01002895 -0.9867143 0.1621559 0.01427268 -0.9728901 0.2308275 0.01432216 -0.9727262 0.2315137 0.01788055 -0.9571267 0.2891173 0.01787185 -0.9571748 0.2889584 0.02465146 -0.9168068 0.3985697 0.02463454 -0.9169237 0.3983016 0.03080457 -0.8666061 0.498041 0.03080123 -0.8666269 0.4980053 0.03686851 -0.8020836 0.5960727 0.03684878 -0.8023197 0.5957561 0.04260432 -0.7236791 0.6888204 0.0426225 -0.7234122 0.6890995 0.04773688 -0.6340631 0.7718064 0.04774624 -0.6338984 0.7719412 0.05203634 -0.5380235 0.8413223 0.05200111 -0.5389896 0.8407058 0.05553537 -0.4367839 0.8978506 0.05553776 -0.4366883 0.8978971 0.05827987 -0.3298562 0.9422305 0.05828058 -0.3298274 0.9422406 0.060162 -0.2242937 0.9726629 0.06016218 -0.2242287 0.9726778 0.06127864 -0.1212857 0.9907245 0.06127935 -0.1214387 0.9907056 0.05585384 0.03307056 0.9978912 0.05547147 -0.1213487 0.9910588 0.05547147 -0.1214635 0.9910447 0.05445903 -0.2244901 0.9729534 0.05446141 -0.224232 0.9730129 0.05275034 -0.330167 0.9424474 0.05275708 -0.3297842 0.9425811 0.0502876 -0.4361555 0.8984652 0.05027312 -0.4367272 0.8981882 0.04705756 -0.5394015 0.8407328 0.04707151 -0.5389882 0.840997 0.04319608 -0.6344514 0.7717549 0.04322016 -0.6339025 0.7722045 0.03860431 -0.7230427 0.6897239 0.03858095 -0.7234365 0.6893121 0.03332906 -0.8026863 0.5954695 0.03335332 -0.8023665 0.5958989 0.02788883 -0.8665637 0.4982869 0.0278784 -0.8666785 0.4980875 0.02230113 -0.9169211 0.3984448 0.02229869 -0.9169426 0.3983957 0.01618093 -0.9571633 0.2890965 0.01617723 -0.9571827 0.2890322 0.01295012 -0.9727932 0.2313131 0.01295971 -0.9727255 0.2315971 0.009076893 -0.9867208 0.1621721 0.009078383 -0.986716 0.1622011 0.001623868 -0.9995777 0.02901399 0.001623868 -0.9995778 0.02901411 9.18942e-5 -0.9999987 0.001641809 9.1889e-5 -0.9999987 0.001641809 4.73147e-5 -0.9999988 0.001643538 8.36085e-4 -0.9995776 0.02905064 8.36087e-4 -0.9995777 0.02905052 0.004674851 -0.9867084 0.1624336 0.004674553 -0.986712 0.1624121 0.006672084 -0.972761 0.2317146 0.00667864 -0.9726563 0.2321533 0.008328139 -0.9571883 0.2893463 0.00832647 -0.9572083 0.2892801 0.01149302 -0.9167591 0.3992754 0.01149189 -0.9167785 0.3992308 0.01435375 -0.8666843 0.4986506 0.01434952 -0.8667829 0.4984794 0.01717448 -0.8023509 0.5966055 0.01718491 -0.8020257 0.5970425 0.01986318 -0.723459 0.6900817 0.01985448 -0.7238013 0.6897228 0.02222913 -0.6349566 0.772228 0.0222575 -0.6334919 0.7734292 0.02424818 -0.5379846 0.842606 0.02422487 -0.5396825 0.8415201 0.02588587 -0.4367066 0.8992316 0.02588993 -0.4362815 0.8994377 0.02716201 -0.3298369 0.9436472 0.02716052 -0.330322 0.9434774 0.02804315 -0.2242208 0.9741349 0.02804225 -0.2239728 0.9741919 0.0285604 -0.1214734 0.9921838 0.02855759 -0.1213306 0.9922013 -6.45125e-7 -0.9999988 0.001643717 -1.14013e-5 -0.9995778 0.02905809 -1.13965e-5 -0.9995778 0.02905762 -6.37162e-5 -0.9867172 0.1624479 -6.34961e-5 -0.9867257 0.1623963 -9.07595e-5 -0.972683 0.2321375 -9.19373e-5 -0.9721261 0.2344586 -1.13481e-4 -0.9572241 0.2893477 -1.13478e-4 -0.9572267 0.2893393 -1.56614e-4 -0.9167968 0.3993542 -1.56611e-4 -0.9168005 0.3993456 -1.95579e-4 -0.8668218 0.498618 -1.95522e-4 -0.8668187 0.4986234 -2.34198e-4 -0.802074 0.5972247 -2.33183e-4 -0.8026304 0.5964767 -2.69787e-4 -0.7238771 0.6899289 -2.7083e-4 -0.7230964 0.6907472 -3.0339e-4 -0.6335738 0.7736823 -3.02193e-4 -0.6345766 0.7728601 -3.29174e-4 -0.5397146 0.841848 -3.30393e-4 -0.5386589 0.8425239 -3.52865e-4 -0.4363657 0.8997693 -3.52863e-4 -0.4363672 0.8997686 -3.70124e-4 -0.330349 0.9438588 -3.70122e-4 -0.330351 0.9438582 -3.82187e-4 -0.2240139 0.9745859 -3.82186e-4 -0.224016 0.9745854 -3.89255e-4 -0.1213515 0.9926096 -3.88018e-4 -0.1216191 0.9925768 -6.06333e-5 -0.9999987 0.001643657 -0.001071512 -0.9995775 0.02905094 -0.00107181 -0.9995773 0.02905368 -0.005989432 -0.9867141 0.1623563 -0.005991578 -0.9867057 0.1624067 -0.00864768 -0.9721056 0.2343843 -0.008628606 -0.9722301 0.2338676 -0.01067179 -0.9571906 0.2892616 -0.01067006 -0.9572026 0.2892221 -0.01472884 -0.9167253 0.3992465 -0.01473146 -0.9166991 0.3993068 -0.0183888 -0.866727 0.498444 -0.01840245 -0.8665329 0.4987807 -0.02199822 -0.8025017 0.5962443 -0.02199274 -0.8026082 0.5961011 -0.0254724 -0.7229529 0.6904277 -0.02547097 -0.7229785 0.6904008 -0.02850013 -0.6343918 0.7724862 -0.02850276 -0.6342968 0.7725641 -0.031066 -0.53851 0.8420463 -0.03107166 -0.538322 0.8421663 -0.03317689 -0.4362049 0.8992356 -0.03318005 -0.4360408 0.8993151 -0.03480184 -0.3302136 0.9432646 -0.03480327 -0.3301144 0.9432992 -0.03593391 -0.2239114 0.9739469 -0.03592729 -0.2244094 0.9738325 -0.03659403 -0.1215686 0.9919083 -0.03659802 -0.1213158 0.9919391 -0.09972792 -0.07681602 0.9920452 -0.09928423 -0.1213417 0.987633 -0.09928429 -0.1213428 0.9876328 -0.09747326 -0.2243728 0.9696164 -0.09747117 -0.2244309 0.9696031 -0.09442222 -0.3299286 0.9392719 -0.09441322 -0.3301526 0.939194 -0.08998197 -0.4366969 0.8950974 -0.09001165 -0.4360768 0.8953967 -0.08423948 -0.5391787 0.8379678 -0.08429515 -0.5383389 0.8385021 -0.07734721 -0.6341003 0.7693727 -0.07732498 -0.6343511 0.7691681 -0.06909263 -0.72309 0.6872897 -0.06910222 -0.722998 0.6873855 -0.05970239 -0.8023393 0.5938748 -0.05966454 -0.8026079 0.5935155 -0.04986965 -0.8668503 0.4960682 -0.04992002 -0.8665709 0.496551 -0.03993988 -0.9168209 0.3972964 -0.03996652 -0.9167099 0.3975495 -0.02895832 -0.9571781 0.2880479 -0.02894717 -0.95721 0.2879432 -0.02327829 -0.9725341 0.231594 -0.02342063 -0.972209 0.2329401 -0.0162478 -0.98672 0.1616162 -0.0162549 -0.9867092 0.1616811 -0.002907037 -0.9995777 0.02891588 -0.002908647 -0.9995774 0.02892488 -1.6453e-4 -0.9999987 0.001636683 -1.64587e-4 -0.9999988 0.001636981 -1.76204e-4 -0.9999987 0.001636922 -0.003113329 -0.9995778 0.0288906 -0.003114402 -0.9995775 0.02889686 -0.01740878 -0.9867147 0.1615276 -0.01740807 -0.9867165 0.161517 -0.02496391 -0.9724701 0.2316871 -0.02507054 -0.9722473 0.2326084 -0.03100544 -0.9572233 0.2876842 -0.03102606 -0.9571701 0.287859 -0.04278945 -0.9168188 0.3970042 -0.04277962 -0.9168607 0.3969085 -0.05343687 -0.8667921 0.4957984 -0.05344623 -0.8667436 0.4958822 -0.06397402 -0.802249 0.593552 -0.06395924 -0.8023346 0.5934379 -0.0740267 -0.7230476 0.6868204 -0.0739929 -0.7233244 0.6865326 -0.08277267 -0.6351071 0.7679764 -0.08290648 -0.6335996 0.7692062 -0.09033483 -0.5379553 0.8381192 -0.09020084 -0.5398749 0.8368984 -0.09639918 -0.4367199 0.8944177 -0.09641921 -0.4363285 0.8946066 -0.1011313 -0.3306645 0.9383143 -0.1011717 -0.3296478 0.9386675 -0.1044459 -0.223738 0.9690369 -0.1044362 -0.2240648 0.9689624 -0.1063652 -0.1216193 0.9868614 -0.1063686 -0.1214574 0.9868808 -1.01118e-4 -0.9999988 0.001641035 -0.00178653 -0.9995777 0.02900481 -0.001787483 -0.9995776 0.02900898 -0.009989917 -0.98672 0.1621229 -0.009993255 -0.9867136 0.1621623 -0.01438325 -0.9722781 0.2333848 -0.01440972 -0.9721738 0.2338176 -0.01780641 -0.9571802 0.2889447 -0.01779985 -0.9572098 0.2888472 -0.02455139 -0.9168791 0.3984095 -0.02455061 -0.9168815 0.3984038 -0.03067302 -0.866775 0.4977554 -0.03069531 -0.8665838 0.4980867 -0.03670889 -0.8023867 0.5956745 -0.03672409 -0.8022286 0.5958865 -0.04247027 -0.7233922 0.6891299 -0.04247939 -0.7232571 0.6892712 -0.04758507 -0.6337063 0.7721089 -0.0475257 -0.6347699 0.7712383 -0.05177116 -0.5398874 0.8401436 -0.05181896 -0.5388492 0.840807 -0.05534535 -0.4364165 0.898041 -0.05534064 -0.4365507 0.897976 -0.05807256 -0.3296726 0.9423075 -0.05807131 -0.3297325 0.9422867 -0.05994647 -0.224108 0.9727189 -0.05994617 -0.2241157 0.9727172 -0.0610556 -0.1214668 0.990716 -0.06105709 -0.1214202 0.9907217 0.6444563 -0.02749466 0.7641468 0.6433029 -0.01941138 0.7653657 0.567855 -0.01940834 0.8228998 0.5794876 -0.07678949 0.8113555 0.466861 0.05460637 0.8826432 0.4821436 -0.02733361 0.8756658 0.3635163 -0.01273137 0.9315009 0.3647812 -0.01930397 0.9308933 0.2926466 -0.01932734 0.9560254 4.33264e-4 -0.9999986 0.00158739 0.00766009 -0.9995767 0.02807015 0.00765866 -0.9995771 0.02805787 0.04283481 -0.9866809 0.156927 0.04281222 -0.9866958 0.156839 0.06148344 -0.9723675 0.2252137 0.06121575 -0.9726097 0.2242391 0.07632976 -0.95707 0.2796261 0.07629263 -0.9571158 0.2794798 0.1052002 -0.9167427 0.3853777 0.1051777 -0.9167835 0.3852865 0.1315361 -0.8663206 0.4818578 0.1313992 -0.8666287 0.4813408 0.157248 -0.8021619 0.5760291 0.1573371 -0.8019017 0.5763669 0.1819785 -0.7228379 0.6666252 0.1819153 -0.723069 0.6663918 0.2037209 -0.6336872 0.7462831 0.2036389 -0.6340955 0.7459585 0.2218993 -0.5385358 0.8128591 0.2218462 -0.5388514 0.8126645 0.2370516 -0.4356275 0.8683521 0.2369715 -0.4362578 0.8680575 0.2486218 -0.3297845 0.9107303 0.2486167 -0.3298299 0.9107152 0.2566646 -0.2239427 0.9401984 0.2566602 -0.2240235 0.9401803 0.2614102 -0.1212822 0.957578 0.2614086 -0.1213812 0.9575658 0.2623481 -0.08740192 0.9610071 0.2449723 -0.01889032 0.9693461 3.05471e-4 -0.9999986 0.001615464 0.00540018 -0.9995773 0.02856785 0.005399405 -0.9995776 0.02855736 0.03019338 -0.9867049 0.1596928 0.03018093 -0.9867172 0.1596194 0.04321658 -0.9725729 0.2285482 0.0434308 -0.9722979 0.2296752 0.05380308 -0.9571489 0.2845545 0.05377268 -0.957201 0.2843849 0.07418692 -0.916818 0.3923533 0.07418686 -0.9168198 0.3923491 0.09267449 -0.8667134 0.4901219 0.09271067 -0.8665968 0.4903212 0.1109719 -0.8020242 0.5868923 0.1108136 -0.8026543 0.5860603 0.1283324 -0.7231229 0.6786929 0.1283191 -0.7231806 0.678634 0.143644 -0.6342527 0.7596644 0.1436167 -0.6344116 0.7595369 0.1565088 -0.538887 0.8277112 0.1565293 -0.5387087 0.8278234 0.1671795 -0.4362774 0.8841454 0.1671479 -0.436653 0.883966 0.1753991 -0.3298236 0.9276053 0.1753889 -0.3299944 0.9275465 0.18107 -0.2241226 0.9575922 0.1810728 -0.224049 0.9576089 0.1844214 -0.1214452 0.9753153 0.1844217 -0.1214275 0.9753175 0.1857632 -0.01888358 0.9824131 0.1928843 -0.08416086 0.9776056 2.71234e-4 -0.9999987 0.00162065 0.004793345 -0.9995778 0.02865964 0.004793405 -0.9995778 0.02866017 0.02679175 -0.9867231 0.1601872 0.0267952 -0.986719 0.1602118 0.03851532 -0.9723681 0.2302541 0.03823035 -0.9727674 0.2286093 0.04773157 -0.9572228 0.2853881 0.04774326 -0.9572024 0.2854546 0.06586062 -0.916841 0.3937829 0.0658949 -0.9167483 0.3939931 0.08231848 -0.8665856 0.4921923 0.08223772 -0.8668718 0.4917017 0.09839123 -0.8026437 0.5882875 0.09844958 -0.8023699 0.5886514 0.1139388 -0.7231325 0.6812469 0.1138285 -0.7237783 0.6805793 0.1275174 -0.6343955 0.7624184 0.1275172 -0.6343594 0.7624484 0.1389836 -0.5386501 0.8309872 0.138943 -0.5390351 0.8307443 0.1483878 -0.4368593 0.8872063 0.1483917 -0.4367777 0.8872459 0.1557208 -0.3299842 0.9310541 0.1557153 -0.3300602 0.931028 0.1607632 -0.2241228 0.9612098 0.1607719 -0.2238465 0.9612727 0.1637374 -0.1214346 0.9790014 0.1637361 -0.1215538 0.9789868 0.164955 -0.007233142 0.9862746 0.1668915 -0.04186904 0.985086 2.66606e-4 -0.9999988 0.001624584 0.004710257 -0.9995778 0.02867454 0.00471121 -0.9995775 0.02868551 0.02632546 -0.9867195 0.1602864 0.02633851 -0.9867049 0.1603741 0.03751164 -0.9728351 0.2284399 0.0376383 -0.9726618 0.2291559 0.0469067 -0.9571981 0.2856075 0.04693484 -0.9571418 0.2857918 0.06474477 -0.9167269 0.3942334 0.06468605 -0.9168909 0.3938615 0.08079659 -0.8668563 0.4919676 0.0808835 -0.8665382 0.4925134 0.0967279 -0.8023445 0.5889713 0.09673833 -0.80227 0.589071 0.1118524 -0.7236334 0.6810608 0.1118573 -0.7235944 0.6811015 0.1252736 -0.634387 0.7627972 0.1253531 -0.6337996 0.7632724 0.1364952 -0.5390552 0.831137 0.1365407 -0.5386191 0.8314121 0.145778 -0.4368029 0.8876667 0.1458004 -0.43653 0.8877973 0.1529845 -0.3298695 0.9315481 0.1529965 -0.3296399 0.9316275 0.1579394 -0.2239293 0.9617229 0.1579325 -0.2241353 0.9616761 0.1608548 -0.1215149 0.9794692 0.1608539 -0.1215922 0.9794598 0.1617663 -0.05977582 0.9850171 0.1575047 -0.01937144 0.9873282 1.82975e-4 -0.9999986 0.001632809 0.003234386 -0.9995775 0.02888417 0.003234267 -0.9995777 0.02887916 0.01808482 -0.9867104 0.1614794 0.01807594 -0.986725 0.1613913 0.02584075 -0.9726741 0.2307326 0.02596658 -0.9724041 0.2318537 0.03223031 -0.9571552 0.2877764 0.03221297 -0.9572077 0.2876033 0.04441452 -0.9169352 0.3965566 0.04446059 -0.9167493 0.3969811 0.05554807 -0.8665655 0.4959626 0.05549502 -0.8668343 0.4954983 0.0664379 -0.8023273 0.5931754 0.06644088 -0.8022897 0.5932257 0.07680904 -0.7237389 0.685786 0.07685679 -0.7233305 0.6862114 0.08608454 -0.6338875 0.7686196 0.08603364 -0.6344604 0.7681525 0.09376853 -0.5387948 0.8372023 0.09372919 -0.5393636 0.8368404 0.1001418 -0.4365315 0.8940984 0.10016 -0.4361736 0.8942711 0.1050826 -0.3297011 0.938219 0.1050656 -0.3302022 0.9380446 0.108475 -0.2242003 0.9684872 0.1084815 -0.2238956 0.968557 0.1104809 -0.1215992 0.9864115 0.1104812 -0.1216797 0.9864016 0.1112874 -0.019369 0.9935996 0.1150382 -0.05756556 0.9916917 1.72102e-4 -0.9999988 0.001635074 0.003041148 -0.9995778 0.02889835 0.003041148 -0.9995778 0.02889788 0.01699602 -0.9867267 0.1614987 0.0170024 -0.9867149 0.1615694 0.02441632 -0.9724059 0.2320144 0.02438169 -0.9724911 0.2316608 0.03028684 -0.95721 0.2878054 0.03029167 -0.9571955 0.2878531 0.04180127 -0.9167644 0.3972349 0.04176032 -0.9169452 0.3968221 0.05217897 -0.8668487 0.4958336 0.052199 -0.8667444 0.4960138 0.06246834 -0.8023219 0.5936139 0.06249648 -0.8021239 0.5938783 0.0722692 -0.7232874 0.6867551 0.07222265 -0.7237314 0.6862921 0.08089399 -0.6344801 0.7686945 0.08093309 -0.6339976 0.7690885 0.08812737 -0.5393821 0.837437 0.08815765 -0.5388851 0.8377536 0.09417182 -0.4362326 0.8948928 0.0941627 -0.4364183 0.8948031 0.09878337 -0.3302604 0.9387065 0.0987727 -0.3305814 0.9385946 0.1019994 -0.22393 0.9692531 0.1019943 -0.2242199 0.9691866 0.1038814 -0.121685 0.9871178 0.1038808 -0.1213123 0.9871638 0.1046341 -0.0193327 0.9943228 0.1046407 -0.01939439 0.9943211 0.1143804 -0.01939588 0.9932477 0.113557 -0.1213245 0.986096 0.1135566 -0.1213429 0.9860938 0.1114855 -0.2243598 0.9681084 0.1114891 -0.2242242 0.9681393 0.1079934 -0.3299628 0.9377964 0.1079711 -0.3305965 0.9375757 0.1029064 -0.4368966 0.893606 0.1029272 -0.4365254 0.8937851 0.09642267 -0.5381694 0.8373031 0.09636926 -0.5389156 0.8368291 0.08845448 -0.6341761 0.7681124 0.08847129 -0.6340156 0.768243 0.07894027 -0.7237895 0.6854905 0.07894754 -0.7237417 0.6855402 0.06831252 -0.8021434 0.5932112 0.06831437 -0.8021457 0.5932079 0.05707544 -0.8666622 0.4956198 0.05705589 -0.8667542 0.4954613 0.04567319 -0.916852 0.3966063 0.0456494 -0.9169412 0.3964026 0.03312861 -0.9571567 0.2876691 0.03311425 -0.9571953 0.2875428 0.02645033 -0.972904 0.2296916 0.02664601 -0.9724962 0.2313895 0.01859128 -0.9867078 0.1614381 0.01858603 -0.9867157 0.16139 0.003324985 -0.9995777 0.02887207 0.003324568 -0.9995779 0.02886551 1.88158e-4 -0.9999987 0.00163418 1.88151e-4 -0.9999986 0.001633703 0.1143827 -0.01943296 0.9932467 0.09145092 -0.01943671 0.9956199 0.06166571 -0.04779756 0.9969518 0.05928593 -0.01932913 0.9980539 0.04890167 -0.01933234 0.9986165 9.88078e-5 -0.9999988 0.001640558 0.001746237 -0.9995777 0.02900612 0.001746237 -0.9995778 0.02900576 0.009760618 -0.986722 0.1621253 0.00976324 -0.9867118 0.1621873 0.01392197 -0.9727821 0.2313033 0.01393526 -0.9727454 0.2314567 0.0173977 -0.9571667 0.2890143 0.01739239 -0.9572002 0.2889039 0.02398061 -0.9169225 0.3983441 0.02399873 -0.9167757 0.3986808 0.02998644 -0.8665779 0.49814 0.02997124 -0.8667182 0.497897 0.03583645 -0.802699 0.5953068 0.03586143 -0.8023693 0.5957495 0.04150724 -0.723062 0.689535 0.04148113 -0.7234888 0.6890889 0.0464468 -0.6344633 0.7715563 0.04642206 -0.6350017 0.7711148 0.0505988 -0.5394512 0.8404952 0.05064678 -0.5380527 0.8413882 0.05406874 -0.4361599 0.8982434 0.05405503 -0.4367467 0.897959 0.05671864 -0.3301721 0.9422152 0.05672299 -0.3298901 0.9423137 0.05855321 -0.2244883 0.9727161 0.05855387 -0.2242583 0.9727691 0.0596401 -0.1213503 0.9908164 0.05964189 -0.1214821 0.9908002 0.06008106 -0.01429116 0.9980912 0.02875941 -0.0273391 0.9992125 0.02055215 0.024217 0.9994955 -3.90853e-4 -0.02682423 0.9996402 -4.90541e-4 -0.02386671 0.9997151 -0.00354886 -0.019351 0.9998065 -0.03686338 -0.01934188 0.9991331 -0.03783208 -0.007454216 0.9992563 -0.09473139 -0.02793347 0.995111 -0.01984459 -0.007763803 0.999773 -0.0178824 -0.01939868 0.9996519 -0.06478685 -0.01939642 0.9977106 -0.06146204 -0.040241 0.997298 -0.1080874 0.00438416 0.9941318 -0.1071587 -0.007862627 0.9942108 -0.1118237 -0.01432216 0.9936249 -0.1110051 -0.1216203 0.9863501 -0.1110109 -0.1213605 0.9863814 -0.1090026 -0.223735 0.9685356 -0.1089823 -0.2244095 0.9683818 -0.1055436 -0.3306812 0.9378223 -0.1055727 -0.3299658 0.938071 -0.1006078 -0.4367367 0.8939459 -0.1006077 -0.4367327 0.8939478 -0.09427541 -0.5379459 0.8376912 -0.09417885 -0.5392611 0.8368561 -0.08638453 -0.6351079 0.7675778 -0.08647429 -0.6341207 0.7683835 -0.07725572 -0.7230525 0.6864596 -0.07724553 -0.7231338 0.686375 -0.06676542 -0.8022514 0.5932412 -0.06674355 -0.8023824 0.5930665 -0.05576705 -0.8668056 0.4955179 -0.05575102 -0.8668824 0.4953857 -0.04465579 -0.9168217 0.3967922 -0.04464894 -0.9168452 0.3967385 -0.0323581 -0.9572271 0.2875227 -0.03237283 -0.9571873 0.2876535 -0.0260536 -0.9724698 0.2315677 -0.02602475 -0.9725616 0.2311857 -0.01816856 -0.9867158 0.1614374 -0.01816296 -0.9867233 0.1613922 -0.003249585 -0.9995778 0.02887505 -0.003249645 -0.9995778 0.02887529 -1.8388e-4 -0.9999987 0.001634001 -1.83876e-4 -0.9999987 0.001634001 -0.05269187 0.01331126 -0.9985221 0.1126343 0.03020566 -0.9931773 0.0210036 0.01958453 -0.9995876 0.02130669 0.141007 -0.9897794 0.0209853 0.1312516 -0.991127 0.0211212 0.2555527 -0.9665644 0.02063155 0.222849 -0.9746347 0.01864904 0.5025082 -0.8643713 0.01939052 0.4518186 -0.8918992 0.02022939 0.3661821 -0.9303233 0.01966524 0.3961825 -0.9179612 0.02064806 0.3099194 -0.9505387 9.80368e-4 0.9997448 -0.0225737 0.003028571 0.9919027 -0.1269643 0.002950012 0.9909976 -0.1338469 0.005746185 0.9711723 -0.2383098 0.005824685 0.9678047 -0.2516351 0.007975995 0.9370918 -0.3489919 0.008116722 0.9331602 -0.3593692 0.01028859 0.8914215 -0.4530584 0.01037323 0.8881084 -0.4595171 0.01236921 0.8319382 -0.5547305 0.01243865 0.8288637 -0.5593122 0.01429557 0.7667057 -0.6418396 0.01449024 0.755071 -0.655483 0.01657152 0.6609556 -0.7502421 0.01652103 0.6666475 -0.7451901 0.01797485 0.5664454 -0.8239033 0.01793587 0.5712921 -0.8205509 0.01928323 0.4711577 -0.8818382 0.001605927 0.9997939 -0.02023988 6.28533e-4 0.9997942 -0.02028059 -0.00561738 0.9999588 -0.007139027 0.002286136 0.9997941 -0.02016037 0.00205338 0.9997941 -0.02018827 0.001097857 0.9997942 -0.02026283 4.00579e-4 0.9997941 -0.02028852 9.9305e-6 0.9997942 -0.02028983 -1.99422e-4 0.9997942 -0.02029007 -9.87596e-4 0.9997941 -0.02026939 -0.00108093 0.9997942 -0.02026093 -0.002186715 0.999794 -0.02018082 -0.002330303 0.9997942 -0.02015715 -0.003081083 0.9997941 -0.02005809 -0.003402113 0.9997942 -0.02000242 -0.003573298 0.9997942 -0.01997405 -0.003575623 0.999794 -0.01998239 -0.02358239 0.9909972 -0.1317896 -0.02359199 0.9909905 -0.1318388 -0.04431891 0.9678314 -0.2476654 -0.04434788 0.9677904 -0.2478204 -0.06335324 0.9330903 -0.3540182 -0.06333184 0.9331339 -0.3539074 -0.080944 0.8881714 -0.4523271 -0.08098644 0.888053 -0.4525517 -0.09852343 0.8289657 -0.5505534 -0.09852844 0.8289536 -0.5505707 -0.1155929 0.7545827 -0.6459438 -0.1155908 0.7546103 -0.6459119 -0.1269211 0.6934489 -0.7092388 -0.1312412 0.6668115 -0.7335791 -0.1345202 0.6456626 -0.751681 -0.1445661 0.5714088 -0.8078321 -0.1445608 0.5714441 -0.8078081 -0.15538 0.4711574 -0.8682557 -0.1553917 0.4710253 -0.8683252 -0.1639314 0.3660543 -0.9160409 -0.1639574 0.3656935 -0.9161803 0.001606047 0.999794 -0.02023315 0.01059895 0.990989 -0.1335234 0.01059699 0.9909927 -0.1334959 0.01992791 0.9677718 -0.2510392 0.01991552 0.9678159 -0.2508698 0.02845877 0.9331007 -0.3584875 0.02845931 0.9330982 -0.3584941 0.03638899 0.8880053 -0.4583912 0.03639125 0.8879914 -0.458418 0.04428714 0.8287426 -0.557875 0.04424679 0.8290979 -0.5573499 0.05190241 0.754903 -0.6537796 0.05193418 0.754536 -0.6542005 0.05899941 0.6664669 -0.7431964 0.05896097 0.6670332 -0.7426913 0.06496286 0.5711227 -0.8182901 0.06497323 0.5709344 -0.8184208 0.06981295 0.4709484 -0.879394 0.06979799 0.4713264 -0.8791927 0.07364749 0.3660392 -0.9276806 0.07365173 0.3659005 -0.927735 0.07651394 0.255429 -0.9637955 0.0765087 0.2558066 -0.9636958 0.07835185 0.1409354 -0.9869136 0.07835155 0.1409485 -0.9869117 0.1125794 0.02980089 -0.9931958 0.111504 0.1410156 -0.983708 0.1115042 0.1409948 -0.983711 0.1088862 0.2556467 -0.9606189 0.1088806 0.2559008 -0.9605519 0.1048108 0.3661072 -0.9246515 0.1048141 0.3660111 -0.9246891 0.09932458 0.471498 -0.8762559 0.0993272 0.471463 -0.8762744 0.0924499 0.5711705 -0.8156087 0.09246009 0.571047 -0.815694 0.08393174 0.6668368 -0.7404622 0.08389991 0.6671695 -0.740166 0.07385063 0.7550359 -0.6515113 0.07389825 0.7546541 -0.651948 0.06298285 0.8290338 -0.5556403 0.06295663 0.8291882 -0.5554129 0.0517711 0.8880984 -0.4567286 0.05177795 0.8880619 -0.456799 0.04048287 0.9331712 -0.3571451 0.0404914 0.9331421 -0.3572204 0.02833735 0.9678328 -0.2499937 0.02833449 0.9678374 -0.2499759 0.01507806 0.9909985 -0.133022 0.01507747 0.9909995 -0.1330147 0.002285182 0.9997941 -0.02016043 0.002285182 0.9997941 -0.02016007 0.002053499 0.999794 -0.02019429 0.01354414 0.990998 -0.1331894 0.01354885 0.9909909 -0.1332421 0.02546197 0.9678082 -0.250398 0.02546632 0.9677969 -0.250441 0.03637033 0.9331364 -0.3576785 0.03637099 0.9331339 -0.3576848 0.04649537 0.8881237 -0.4572467 0.04652684 0.8879585 -0.4575642 0.05657362 0.8289979 -0.5563829 0.05657303 0.8290122 -0.5563617 0.0663346 0.7549995 -0.6523616 0.06634509 0.7548864 -0.6524912 0.07539975 0.6666736 -0.7415263 0.07539677 0.6667213 -0.7414838 0.0830096 0.5715393 -0.8163654 0.08305692 0.5708459 -0.8168455 0.08924859 0.4707802 -0.8777248 0.08922523 0.4711911 -0.8775067 0.09412705 0.3663507 -0.9257037 0.09413188 0.366214 -0.9257573 0.09779322 0.2558475 -0.9617581 0.09779757 0.2556164 -0.9618191 0.1001496 0.1408744 -0.9849489 0.1001495 0.1409211 -0.9849423 0.001097857 0.9997942 -0.02026283 0.00724405 0.9909958 -0.133698 0.007243692 0.9909973 -0.1336864 0.01361668 0.9678139 -0.2512984 0.01361674 0.9678122 -0.2513048 0.01944774 0.9331669 -0.3589169 0.01945143 0.9331404 -0.3589856 0.02487826 0.8880047 -0.4591609 0.02487176 0.8880781 -0.4590193 0.03025257 0.8290816 -0.5583086 0.03025394 0.8290536 -0.5583501 0.03548002 0.7549629 -0.654807 0.03549617 0.7546935 -0.6551167 0.04031836 0.66683 -0.7441185 0.04030817 0.6670389 -0.7439318 0.0444194 0.5709338 -0.8197936 0.04441082 0.571219 -0.8195954 0.04771965 0.4712779 -0.880693 0.04772514 0.4711151 -0.8807797 0.05034381 0.3662931 -0.9291367 0.05034691 0.3661304 -0.9292006 0.05230504 0.2556859 -0.965344 0.0523048 0.2558066 -0.9653121 0.05356436 0.1409634 -0.9885648 0.05356329 0.1408472 -0.9885814 4.00659e-4 0.9997941 -0.02028751 0.002643406 0.9909974 -0.1338549 0.002643406 0.9909985 -0.1338474 0.004969418 0.9678139 -0.2516183 0.004969298 0.9678129 -0.2516222 0.007098913 0.9331385 -0.3594473 0.007096648 0.9332051 -0.359274 0.009077966 0.8880779 -0.4596033 0.009081482 0.8879603 -0.4598306 0.01104092 0.8290553 -0.5590578 0.01103967 0.8291413 -0.5589303 0.0129553 0.754685 -0.6559594 0.01295346 0.7548296 -0.655793 0.01471269 0.6670421 -0.7448748 0.01471561 0.6667975 -0.7450937 0.01620787 0.5712272 -0.8206321 0.01620513 0.5715277 -0.8204228 0.01741927 0.4711076 -0.8819038 0.017421 0.4708698 -0.8820307 0.01837563 0.3661339 -0.9303808 0.01837527 0.3663676 -0.9302887 0.01909118 0.2558125 -0.9665379 0.01909065 0.2556625 -0.9665777 0.01955014 0.1408475 -0.9898383 0.01955336 0.1410418 -0.9898106 -0.05914068 -0.0111255 -0.9981877 -0.05855405 0.1409272 -0.9882869 -0.05855435 0.1408893 -0.9882923 -0.05717456 0.2559336 -0.9650022 -0.05717611 0.2558544 -0.9650231 -0.05503374 0.3663014 -0.9288674 -0.05503833 0.3661225 -0.9289377 -0.05218124 0.4707787 -0.8807069 -0.05216974 0.471109 -0.8805308 -0.04853701 0.571428 -0.8192158 -0.04852354 0.571744 -0.8189958 -0.04407596 0.6668019 -0.7439305 -0.04408329 0.666673 -0.7440456 -0.03879165 0.7548615 -0.6547363 -0.03879463 0.7548107 -0.6547945 -0.03306013 0.8291869 -0.557993 -0.0330587 0.8292024 -0.5579701 -0.02719324 0.8880386 -0.4589642 -0.02719038 0.8880572 -0.4589282 -0.02126348 0.9331348 -0.3588975 -0.02125805 0.9331707 -0.3588041 -0.01488167 0.9678273 -0.251175 -0.01488292 0.9678217 -0.2511969 -0.007918238 0.9909973 -0.1336481 -0.00791639 0.9910013 -0.133619 -0.00120002 0.9997942 -0.02025544 -0.001199901 0.9997941 -0.02025425 -0.002330601 0.9997942 -0.02015757 -0.01537585 0.9909986 -0.1329872 -0.01537793 0.9909964 -0.1330022 -0.02889853 0.9678288 -0.2499446 -0.02890199 0.9678236 -0.2499648 -0.04129117 0.9331493 -0.35711 -0.0413109 0.933082 -0.3572835 -0.05279171 0.888123 -0.4565638 -0.05277836 0.888172 -0.4564701 -0.06425428 0.8288933 -0.5557045 -0.06424194 0.8289538 -0.5556156 -0.07533043 0.7548901 -0.651511 -0.07533639 0.7548419 -0.651566 -0.08558058 0.6669588 -0.7401634 -0.08556848 0.6670637 -0.7400703 -0.09425729 0.5714604 -0.8151985 -0.09428161 0.5711619 -0.8154049 -0.10131 0.4711983 -0.8761898 -0.1013178 0.4710895 -0.8762474 -0.1068999 0.3658298 -0.9245221 -0.1068916 0.3660047 -0.9244538 -0.1110398 0.2557879 -0.9603347 -0.1110327 0.2559589 -0.96029 -0.1137132 0.140901 -0.9834716 -0.1137154 0.1408805 -0.9834742 -0.003080666 0.9997942 -0.02005702 -0.02032738 0.9909961 -0.1323393 -0.02032327 0.9909988 -0.1323198 -0.03820228 0.9678212 -0.2487223 -0.03820621 0.967814 -0.2487497 -0.05460745 0.9330647 -0.3555396 -0.05458176 0.9331293 -0.3553739 -0.06976079 0.8881648 -0.4541991 -0.06979161 0.8880626 -0.4543941 -0.08491176 0.8289527 -0.5528359 -0.08486974 0.8291358 -0.5525677 -0.09957617 0.7548288 -0.6483196 -0.09954726 0.7549902 -0.6481359 -0.1131178 0.6669263 -0.7364874 -0.1131506 0.6666912 -0.7366952 -0.1246276 0.5710341 -0.8114113 -0.1245978 0.5712993 -0.8112291 -0.1339219 0.470961 -0.8719293 -0.1338985 0.4712453 -0.8717793 -0.1412687 0.3661299 -0.9197783 -0.1412796 0.365955 -0.9198462 -0.1467508 0.2559757 -0.9554794 -0.1467618 0.2557587 -0.9555357 -0.1502965 0.1408905 -0.9785504 -0.1502907 0.1409963 -0.9785361 0.0211187 0.02000224 -0.9995769 0.06583243 0.02000069 -0.9976302 0.0790469 -0.04899859 -0.995666 0.0974152 0.01992309 -0.9950445 0.1140861 0.01992321 -0.9932711 0.002286136 0.9997941 -0.02016049 0.01508414 0.9909985 -0.1330211 0.01508301 0.9910001 -0.1330088 0.02834916 0.9678323 -0.249994 0.02835601 0.9678151 -0.2500599 0.04049873 0.9331716 -0.3571423 0.04050457 0.9331536 -0.3571887 0.05179125 0.8880946 -0.4567338 0.05178231 0.888147 -0.4566329 0.06300783 0.8290303 -0.5556428 0.06300699 0.8290396 -0.555629 0.07387959 0.7550258 -0.6515198 0.0738784 0.7550384 -0.6515052 0.08396607 0.6668353 -0.7404596 0.08397513 0.6667443 -0.7405405 0.09248781 0.5711694 -0.8156051 0.09245556 0.5715872 -0.815316 0.09936428 0.4715155 -0.876242 0.09940314 0.470837 -0.8766023 0.1048511 0.3661041 -0.9246482 0.1048399 0.3663935 -0.9245347 0.1089308 0.2556414 -0.9606152 0.1089256 0.2558802 -0.9605523 0.111551 0.1410147 -0.9837029 0.1115509 0.1408939 -0.9837201 0.1126231 0.03032851 -0.9931749 0.1009137 0.06958782 -0.9924586 0.09475058 0.02064418 -0.995287 0.05409193 0.01953434 -0.998345 0.05418097 0.02003127 -0.9983302 0.01974701 0.02003145 -0.9996044 0.01974481 0.02001899 -0.9996047 0.002994775 0.02002131 -0.9997951 9.94455e-6 0.9997942 -0.02028918 6.56168e-5 0.9909998 -0.1338642 6.55249e-5 0.9909974 -0.1338808 1.23163e-4 0.9678216 -0.2516377 1.23163e-4 0.9678201 -0.2516434 1.75876e-4 0.9332143 -0.3593205 1.75875e-4 0.9332113 -0.3593282 2.25127e-4 0.8879832 -0.4598761 2.25277e-4 0.8881219 -0.4596081 2.73963e-4 0.8291677 -0.559 2.7381e-4 0.8289211 -0.5593655 3.21021e-4 0.7548606 -0.6558852 3.21024e-4 0.7548677 -0.6558771 3.64774e-4 0.6668417 -0.7451994 3.64775e-4 0.666842 -0.7451992 4.01645e-4 0.5715606 -0.8205598 4.01644e-4 0.571559 -0.8205611 4.31775e-4 0.4709137 -0.8821792 4.31776e-4 0.4709146 -0.8821787 4.55403e-4 0.3664028 -0.9304563 4.55399e-4 0.3663995 -0.9304576 4.73225e-4 0.2556858 -0.9667599 4.73226e-4 0.2556868 -0.9667596 4.84618e-4 0.1410555 -0.9900016 4.84521e-4 0.1410555 -0.9900016 4.89345e-4 0.02248203 -0.9997472 4.89874e-4 0.02249443 -0.9997469 -1.99812e-4 0.9997941 -0.02029311 -0.001318275 0.990996 -0.1338854 -0.001318037 0.9909969 -0.1338784 -0.002477467 0.9678143 -0.2516533 -0.002477467 0.9678162 -0.2516462 -0.003537535 0.9332011 -0.3593375 -0.003541469 0.933105 -0.359587 -0.004526674 0.8881046 -0.4596192 -0.004528999 0.8880261 -0.4597709 -0.005509912 0.8288972 -0.5593739 -0.005503058 0.829225 -0.558888 -0.006458163 0.7548254 -0.6558941 -0.006462156 0.7546007 -0.6561525 -0.00733906 0.6667994 -0.7452011 -0.007337093 0.6669315 -0.745083 -0.008080303 0.5715212 -0.8205476 -0.008084654 0.5711299 -0.82082 -0.008689105 0.4708806 -0.8821543 -0.008687436 0.471012 -0.8820841 -0.009163498 0.3663661 -0.9304257 -0.009162604 0.3664732 -0.9303835 -0.009520649 0.255662 -0.9667194 -0.009519159 0.2557459 -0.9666973 -0.009748458 0.1410414 -0.9899557 -0.009750485 0.1409494 -0.9899688 -0.009844362 0.03067374 -0.999481 -0.02055245 -0.02337658 -0.9995155 -9.87237e-4 0.9997941 -0.02026784 -0.006513535 0.9909975 -0.1337221 -0.006512522 0.9909994 -0.1337082 -0.01224303 0.9678173 -0.2513563 -0.01224303 0.9678158 -0.2513619 -0.01749414 0.9331105 -0.359164 -0.01748675 0.9331657 -0.3590212 -0.02236795 0.888018 -0.4592644 -0.02236664 0.8880407 -0.4592206 -0.02719008 0.8292239 -0.5582548 -0.02719438 0.8291637 -0.5583442 -0.03192144 0.7546021 -0.6554058 -0.03191208 0.7547752 -0.6552068 -0.03624719 0.666935 -0.7442338 -0.03626137 0.6666497 -0.7444886 -0.03993368 0.5711321 -0.8198862 -0.03991115 0.5717125 -0.8194828 -0.04291224 0.4709912 -0.8810936 -0.04290914 0.4710842 -0.881044 -0.04526126 0.3664709 -0.9293281 -0.0452699 0.3661248 -0.9294641 -0.04702967 0.2557513 -0.9655981 -0.04702812 0.2558414 -0.9655743 -0.04816132 0.1409455 -0.9888452 -0.04816257 0.1408852 -0.9888538 -0.0486018 0.0435518 -0.9978683 -0.06039673 0.002800822 -0.9981706 -0.001081645 0.999794 -0.02026718 -0.007134914 0.9909986 -0.1336824 -0.007137 0.9909939 -0.133717 -0.01341032 0.9678282 -0.2512542 -0.01341426 0.9678116 -0.2513182 -0.01916086 0.9331454 -0.3589882 -0.01916426 0.9331247 -0.3590421 -0.02450501 0.8880463 -0.4591005 -0.02450305 0.8880689 -0.4590571 -0.02979177 0.8292 -0.5581576 -0.02981549 0.8289148 -0.5585797 -0.03495889 0.754882 -0.6549284 -0.03494787 0.7550507 -0.6547344 -0.03972125 0.6668069 -0.7441713 -0.0397365 0.6664994 -0.7444459 -0.04374361 0.5714117 -0.8194969 -0.04373669 0.5715605 -0.8193936 -0.04702436 0.4708317 -0.880969 -0.04702228 0.4708755 -0.8809456 -0.04959756 0.3662847 -0.9291801 -0.04960513 0.3659698 -0.9293037 -0.05152708 0.2559452 -0.9653171 -0.05153131 0.2557504 -0.9653685 -0.05277162 0.1409304 -0.9886121 -0.05277031 0.1410049 -0.9886016 -0.05329203 0.02010792 -0.9983766 -0.08292919 0.02011382 -0.9963525 -0.002185225 0.9997942 -0.02017277 -0.01442342 0.9909912 -0.1331484 -0.01441901 0.990996 -0.1331131 -0.02710777 0.9678026 -0.2502466 -0.02709287 0.9678367 -0.2501161 -0.03872489 0.9331071 -0.3575075 -0.03872567 0.9331064 -0.357509 -0.04951435 0.8880286 -0.4571143 -0.04950153 0.8880904 -0.4569957 -0.06024467 0.8288763 -0.5561785 -0.06020551 0.8291257 -0.5558112 -0.07061785 0.7549712 -0.6519446 -0.07064384 0.7547662 -0.6521791 -0.08029317 0.6663928 -0.7412651 -0.08024817 0.6668278 -0.7408785 -0.08836764 0.5715155 -0.8158194 -0.08839213 0.5711972 -0.8160397 -0.09500837 0.4707852 -0.8771174 -0.09496754 0.4714713 -0.8767531 -0.1002182 0.365921 -0.9252342 -0.1002084 0.3661406 -0.9251484 -0.1041059 0.2556956 -0.9611357 -0.1041085 0.2556322 -0.9611523 -0.1066105 0.1410025 -0.9842523 -0.1066123 0.1409271 -0.9842629 -0.1075295 0.05406749 -0.9927307 -0.1112646 0.02003729 -0.9935888 -0.1082143 0.020033 -0.9939258 -0.107155 0.1409678 -0.9841982 -0.1071561 0.1409057 -0.9842069 -0.1046355 0.2557866 -0.9610539 -0.1046379 0.255699 -0.961077 -0.1007273 0.3659678 -0.9251604 -0.1007237 0.3660691 -0.9251206 -0.09546285 0.4712579 -0.876814 -0.09544652 0.4715501 -0.8766588 -0.0888189 0.5714848 -0.815792 -0.08884388 0.5711736 -0.816007 -0.08063668 0.6670609 -0.7406265 -0.08066165 0.6668097 -0.7408499 -0.07099652 0.7548153 -0.6520838 -0.07098519 0.754904 -0.6519824 -0.0605607 0.8288182 -0.5562312 -0.06051355 0.8290995 -0.5558167 -0.04973942 0.8881515 -0.4568511 -0.04975569 0.8880784 -0.4569914 -0.03890645 0.9331623 -0.3573436 -0.03891557 0.9331286 -0.3574306 -0.02723109 0.9678348 -0.2501086 -0.02723115 0.9678333 -0.2501147 -0.01448887 0.9909998 -0.1330774 -0.01449197 0.9909964 -0.1331023 -0.002196073 0.9997941 -0.02017045 -0.002196252 0.9997941 -0.0201717 -0.1082623 0.01927065 -0.9939357 -0.1026882 0.02002751 -0.994512 -0.1148377 0.02003073 -0.9931823 -0.114808 0.02019011 -0.9931825 -0.1517763 0.02019685 -0.9882085 -0.1518086 0.02000927 -0.9882075 -0.1702051 0.02001702 -0.9852054 -0.003402173 0.9997941 -0.02000236 -0.02244371 0.9910017 -0.1319551 -0.0224477 0.9909985 -0.1319776 -0.04219067 0.9678282 -0.2480497 -0.04218327 0.9678379 -0.248013 -0.06029766 0.9331044 -0.3545144 -0.06028777 0.9331305 -0.3544474 -0.07708775 0.8880589 -0.4532206 -0.07703059 0.8882271 -0.4529006 -0.09374451 0.8291238 -0.5511494 -0.09376049 0.8290582 -0.5512455 -0.1099651 0.7549285 -0.646522 -0.1100102 0.754703 -0.6467776 -0.1249697 0.6667492 -0.7347299 -0.1249246 0.6670411 -0.7344726 -0.1376413 0.571127 -0.8092396 -0.1375961 0.5715231 -0.8089677 -0.1478709 0.4715201 -0.8693694 -0.1478891 0.4712906 -0.8694907 -0.156051 0.3659228 -0.9174687 -0.1560345 0.3661745 -0.917371 -0.1621041 0.2557332 -0.9530597 -0.1620965 0.2559064 -0.9530146 -0.166005 0.1409991 -0.9759926 -0.1660038 0.1410596 -0.9759842 -0.1676623 0.01458299 -0.9857366 -0.1669969 0.02241212 -0.9857026 -0.1694512 0.2733459 -0.946873 -0.170233 0.2557008 -0.9516501 -0.1718873 0.2188858 -0.9604914 -0.1743977 0.1410552 -0.9745199 -0.1744016 0.140944 -0.9745353 -0.1757437 0.06872087 -0.9820345 -0.1885766 0.0199958 -0.981855 -0.008149981 0.9999582 0.004150986 -0.006991744 0.9997902 -0.0192573 -0.4524047 0.3986731 -0.7977403 -0.4360225 0.4815072 -0.7602863 -0.01983815 0.9992468 0.03335207 -0.6262397 0.4598013 -0.6296083 -0.0513457 0.9827827 0.1774879 -0.03286123 0.9781224 0.2054183 -0.01847374 0.9744126 0.2240065 -0.004472255 0.9707585 0.2400163 -0.1229261 0.9879307 0.09424543 -0.06872272 0.9877995 0.1397483 -0.1560088 0.9869139 0.04077053 -0.1391227 0.9881405 0.06498634 -0.108857 0.9890721 0.09943175 -0.2148075 0.9762037 -0.02973562 -0.2208251 0.9744839 -0.04021978 -0.1894118 0.9818814 0.005678772 -0.4806057 0.798653 -0.3621762 -0.5088805 0.7811796 -0.3616617 -0.4225291 0.8569554 -0.2951213 -0.4251406 0.8582926 -0.2873833 -0.3722472 0.9013454 -0.2213788 -0.3800162 0.893597 -0.2388979 -0.3645958 0.9073515 -0.2092443 -0.6075823 0.4742211 -0.6371484 -0.5407303 0.6548936 -0.5279443 -0.5821584 0.5576053 -0.59175 -0.5013973 0.7272899 -0.4686686 -0.5483883 0.640993 -0.5370273 -0.4481185 0.8039863 -0.3908913 -0.5065234 0.7215457 -0.4720232 -0.3866727 0.8699062 -0.3061821 -0.4584399 0.7924305 -0.4023516 -0.6693484 0.1804796 -0.7206941 -0.6672319 0.2393707 -0.7053392 -0.6667476 0.2414898 -0.7050747 -0.657742 0.3231694 -0.6803948 -0.6421607 0.3979346 -0.655193 -0.6477568 0.1011785 -0.7550988 -0.6447183 0.06029236 -0.7620389 -0.6464858 0.0737186 -0.7593563 -0.6433209 0.02238982 -0.7652693 -0.6185451 -0.08053916 -0.7816109 -0.6186821 0.004653334 -0.7856277 -0.03766 0.9987851 0.03178125 -0.1859465 0.9473432 -0.2607007 -0.1656842 0.9609863 -0.2214816 -0.1270381 0.9806746 -0.148791 -0.1223487 0.9826315 -0.1395217 -0.06626719 0.9971767 -0.03531807 -0.06200641 0.9977467 -0.02562928 -0.02221196 0.9986301 0.04737859 -0.2903457 0.9454447 -0.1477629 -0.2009921 0.9786828 -0.04221856 -0.03929823 0.991463 0.1243258 -0.1304847 0.9912959 0.01750075 -0.1188526 0.9924443 0.03046935 -0.09176653 0.9936069 0.06575876 -0.07584416 0.9935441 0.08436876 -0.06011146 0.9852373 0.1602939 -0.06187766 0.985714 0.1566499 -0.1881463 0.9789552 -0.0790438 -0.2446231 0.9576026 -0.1521735 -0.2609858 0.9497674 -0.1727096 -0.2882743 0.9341415 -0.2104229 -0.3374119 0.9000114 -0.2759218 -0.4066984 0.8512651 -0.3315783 -0.3963578 0.8613611 -0.3177381 -0.4946457 -0.5494383 -0.6733819 -0.35954 0.9035782 -0.2329754 -0.2833471 0.9487632 -0.1398676 -0.2957723 0.946551 -0.1286852 -0.2905579 0.9497315 -0.1165596 -0.4159342 0.5597671 -0.7167006 -0.4141814 0.5658547 -0.7129252 -0.3892458 0.6421656 -0.6603872 -0.3867175 0.6489718 -0.6551986 -0.3560487 0.722651 -0.5924568 -0.3535596 0.7280501 -0.5873149 -0.3187861 0.7938506 -0.5178579 -0.3159552 0.7987455 -0.5120332 -0.2798237 0.8527503 -0.4410393 -0.2760339 0.8578302 -0.4335122 -0.2406012 0.899421 -0.3649014 -0.2369495 0.9032844 -0.3576762 -0.1993501 0.9373598 -0.2856853 -0.5782243 0.2933892 -0.7613012 -0.5616376 0.4007214 -0.7238686 -0.0342186 0.9944319 0.09967213 -0.04756146 0.9972237 0.05729627 -0.0839774 0.9964594 0.004057943 -0.0908994 0.9958267 -0.00815916 -0.1551553 0.9824241 -0.1037776 -0.1625322 0.9799402 -0.1153278 -0.2058514 0.9616748 -0.1811271 -0.2133777 0.9577724 -0.1927227 -0.2462254 0.9382464 -0.2430369 -0.2525232 0.9338703 -0.253216 -0.2897351 0.9051381 -0.3110927 -0.296449 0.8991963 -0.3218138 -0.3363367 0.8594388 -0.385023 -0.3416867 0.8533079 -0.3938478 -0.3819225 0.8019892 -0.4592913 -0.3876709 0.793801 -0.4686058 -0.4261152 0.731182 -0.5327275 -0.4305568 0.7229327 -0.5403603 -0.4651153 0.6511544 -0.5997214 -0.4684837 0.6429871 -0.60588 -0.4968937 0.5672661 -0.6567389 -0.4993469 0.5594781 -0.6615414 -0.5209522 0.4848935 -0.7024863 -0.5233756 0.4753556 -0.7071882 -0.1648043 0.9790025 -0.119974 -0.4667646 0.297867 -0.8327102 -0.4671917 0.2931644 -0.8341383 -0.475811 0.1896372 -0.8588607 -0.475988 0.1847828 -0.8598203 -0.4789012 0.08130395 -0.8740957 -0.4785643 0.07679784 -0.8746876 -0.4777668 0.01851427 -0.8782917 -0.4372224 0.4759747 -0.7630757 -0.4516354 0.4033039 -0.7958464 -0.5176927 0.3980907 -0.7573099 -0.5331692 0.2937778 -0.7933633 -0.5326011 0.2976078 -0.7923167 -0.5419663 0.1850954 -0.8197635 -0.6485714 0.1476688 -0.7466921 -0.6190633 -0.1747061 -0.7656621 -0.6318793 0.183887 -0.752937 -0.6287841 0.2401208 -0.7395759 -0.5373821 0.007645428 -0.8433043 -0.5653569 0.05335062 -0.8231193 -0.5658308 0.07526952 -0.8210786 -0.5665219 0.08316344 -0.8198395 -0.5199114 -0.3012893 -0.7993227 -0.5868578 0.188739 -0.7873852 -0.5775181 0.2980028 -0.7600442 -0.6230459 0.2928214 -0.7253065 -0.6100194 0.3948574 -0.6869964 -0.5081183 0.7136963 -0.4821344 -0.570398 0.5855793 -0.5759714 -0.2586988 0.2938535 -0.9201767 -0.249288 0.3974015 -0.8831352 -0.2392503 0.4744235 -0.8471611 -0.2251152 0.5572491 -0.7992476 -0.2234287 0.02002471 -0.9745146 -0.248313 0.079638 -0.9654008 -0.2458806 0.1409235 -0.9590013 -0.2444249 0.1860553 -0.9516512 -0.2426634 0.2182655 -0.9452379 -0.2179131 -0.4826825 -0.8482521 -0.01950985 0.9997961 -0.005210697 -0.3240475 0.1856751 -0.9276411 -0.3240239 0.1866154 -0.9274607 -0.3161021 0.2934508 -0.9022007 -0.3160192 0.2945753 -0.9018633 -0.3042933 0.3972694 -0.8657845 -0.3041169 0.3986216 -0.8652247 -0.2925843 0.474224 -0.830365 -0.2922029 0.4765981 -0.8291391 -0.2768251 0.5568446 -0.7831296 -0.2763965 0.5589464 -0.7817825 -0.2571341 0.6393767 -0.7246237 -0.2564777 0.6419975 -0.7225362 -0.2342317 0.7166353 -0.6569394 -0.2327293 0.7212213 -0.6524392 -0.20802 0.787634 -0.5799658 -0.2062733 0.7919444 -0.574696 -0.1807358 0.8468881 -0.5001154 -0.1786102 0.8510749 -0.4937307 -0.1536023 0.8939802 -0.4209584 -0.1511914 0.8977438 -0.4137601 -0.1159666 0.9431127 -0.3115932 -0.1131967 0.946218 -0.3030813 -0.07520967 0.978247 -0.1933298 -0.07224512 0.9802472 -0.1841089 -0.0333777 0.9968268 -0.07226479 -0.03088498 0.9975618 -0.06258404 -1.59893e-4 0.9996791 0.02533304 -0.005575358 0.9999788 0.003349244 -0.001103281 0.9999752 -0.006976664 -0.02055621 0.9968764 -0.07625591 -0.03320705 0.9909827 -0.1298106 -0.05170351 0.9783152 -0.2005647 -0.0625022 0.9677697 -0.2439578 -0.08273994 0.9431843 -0.3218036 -0.08942061 0.9330259 -0.3485209 -0.1113438 0.8940417 -0.4339265 -0.114228 0.8880365 -0.4453575 -0.1322106 0.8468546 -0.5151289 -0.1390438 0.8287392 -0.542087 -0.1532393 0.7874668 -0.5970039 -0.1630666 0.7545421 -0.6356695 -0.1733019 0.7170642 -0.6751188 -0.1791014 0.6934519 -0.6978876 -0.1912921 0.6387376 -0.7452663 -0.189907 0.6455112 -0.7397639 -0.08688473 0.9374539 -0.3370926 -0.1855708 0.5714339 -0.7993916 -0.1986792 0.4710925 -0.8594175 -0.2099555 0.3658707 -0.9066737 -0.2184312 0.2732816 -0.9368057 -0.2559671 0.0589075 -0.964889 -0.2848621 0.02614289 -0.958212 -0.3284907 0.02578663 -0.9441552 -0.3361009 0.005990028 -0.941807 -0.3989697 0.04393619 -0.9159109 -0.01667213 0.9995656 0.02430796 -0.0164141 0.9997389 0.01589858 -0.0434935 0.9979798 -0.04631215 -0.04689836 0.9973066 -0.05639231 -0.09373676 0.9818526 -0.1648609 -0.09757733 0.9798293 -0.1743944 -0.1433088 0.9488918 -0.2811889 -0.146973 0.9456101 -0.2902078 -0.1892846 0.9012119 -0.3898569 -0.1926329 0.8969608 -0.3979372 -0.2222879 0.8551127 -0.4683699 -0.2253388 0.850233 -0.4757376 -0.2558546 0.7958669 -0.5487571 -0.2581253 0.7912304 -0.5543696 -0.2875246 0.7254161 -0.6253808 -0.289583 0.7201185 -0.6305323 -0.3160485 0.6455768 -0.6952295 -0.3174221 0.6411345 -0.6987059 -0.3396138 0.5625249 -0.7538091 -0.340717 0.5579966 -0.7566714 -0.3583827 0.4789757 -0.8013391 -0.3590627 0.4753969 -0.8031637 -0.3720793 0.4014194 -0.8369108 -0.3727402 0.396973 -0.8387354 -0.3857736 0.2958304 -0.8738782 -0.3859522 0.2935316 -0.8745743 -0.3944489 0.1878401 -0.8995145 -0.3945176 0.1854641 -0.8999773 -0.3981785 0.07984966 -0.9138261 -0.3945993 0.03481626 -0.9181935 -0.4661733 -0.01630353 -0.8845432 0.1126352 -0.02994024 -0.9931853 -0.06039255 -0.01209259 -0.9981015 -0.1007247 -0.01935291 -0.9947262 -0.005677223 -0.9999743 -0.004410624 -0.6457785 -0.005913972 -0.763502 5.01496e-5 -0.9999987 -0.001643836 -3.18788e-5 -0.9999993 -0.001205682 0.001119256 -0.9998286 -0.01848089 -0.001222789 -0.999575 -0.02912771 0.002952694 -0.9948048 -0.1017582 0.01280134 -0.8022421 -0.5968617 0.009697973 -0.8844149 -0.4666008 0.01064813 -0.8667704 -0.4985938 0.008196651 -0.9228821 -0.3849954 0.008645355 -0.9167987 -0.3992561 0.00598371 -0.9605622 -0.2780012 0.006427168 -0.9571849 -0.2894062 0.004124999 -0.9817482 -0.1901407 0.005751848 -0.972436 -0.2330995 0.003154218 -0.9867153 -0.1624284 0.02022284 -0.04751044 -0.9986661 0.01961368 -0.1312632 -0.9911535 0.01998573 -0.1214215 -0.9923998 0.0196976 -0.2202736 -0.9752392 0.01962274 -0.2241424 -0.9743588 0.01933407 -0.318591 -0.9476951 0.0191468 -0.3301289 -0.9437417 0.01850217 -0.4333542 -0.9010339 0.01844245 -0.4365769 -0.8994779 0.01701557 -0.5599313 -0.8283643 0.01751154 -0.5383607 -0.8425326 0.01547765 -0.6574774 -0.7533155 0.01606839 -0.6343048 -0.7729161 0.01439213 -0.7210227 -0.692762 0.01431763 -0.723693 -0.6899736 0.01353591 -0.7622017 -0.6471982 0.01183974 -0.8238909 -0.5666248 -0.6453945 -0.05888396 -0.7615765 -0.1534771 -0.9721705 -0.177001 -0.1625222 -0.9687472 -0.1873916 -0.1894904 -0.9570347 -0.2194951 -0.2213801 -0.9409565 -0.2561087 -0.2606871 -0.9168303 -0.3024309 -0.2842178 -0.9003492 -0.3295324 -0.325532 -0.866527 -0.3783649 -0.3446644 -0.8490025 -0.4005014 -0.3892984 -0.8019123 -0.4531926 -0.4098954 -0.7774677 -0.4770011 -0.4498875 -0.7227525 -0.5246239 -0.4848974 -0.6672476 -0.5653805 -0.5030106 -0.6340947 -0.5872855 -0.5319251 -0.575263 -0.6213922 -0.5472438 -0.5394587 -0.6399285 -0.5676372 -0.4870396 -0.6637625 -0.5845084 -0.435447 -0.684643 -0.6027879 -0.3715395 -0.7061198 -0.6124203 -0.3294012 -0.718635 -0.624819 -0.2681276 -0.7332863 -0.6313602 -0.2241713 -0.7423824 -0.6356029 -0.194645 -0.7470759 -0.6423452 -0.1214194 -0.7567365 -0.6401014 -0.1403859 -0.7553556 -0.6441892 -0.09472423 -0.7589781 -0.1063334 -0.9866873 -0.1230515 -0.1243063 -0.981823 -0.143428 -0.1351685 -0.9784777 -0.1559196 -0.004008948 -0.9999818 -0.004522919 -0.006709933 -0.9999479 -0.00771296 -0.01183414 -0.9998243 -0.01453983 -0.01762866 -0.9995778 -0.02310097 -0.03029745 -0.9989111 -0.03548115 -0.08457076 -0.9917264 -0.0965749 -0.001264095 -0.9999983 -0.001381933 -0.001682579 -0.9999983 -6.90711e-4 -0.001090586 -0.9999988 -0.00123012 -0.001092493 -0.9999988 -0.001232624 -9.35588e-4 -0.9999987 -0.001356184 -7.70053e-4 -0.9999987 -0.001456081 -5.986e-4 -0.9999987 -0.001533508 -4.33435e-4 -0.9999987 -0.001588284 -3.05576e-4 -0.9999986 -0.001616239 -2.71225e-4 -0.9999988 -0.001622319 -2.66547e-4 -0.9999988 -0.0016222 -1.83016e-4 -0.9999986 -0.001634895 -1.72088e-4 -0.9999987 -0.001634836 -1.01485e-4 -0.9999988 -0.001642763 -9.88131e-5 -0.9999988 -0.001640677 -4.73193e-5 -0.9999988 -0.001643419 6.45365e-7 -0.9999987 -0.001643478 6.06372e-5 -0.9999987 -0.001643359 1.76162e-4 -0.9999986 -0.001635491 1.0108e-4 -0.9999987 -0.001641094 -9.35381e-4 -0.9999987 -0.001355767 -0.01653188 -0.9995763 -0.02395832 -0.01653122 -0.9995763 -0.02395671 -0.09241926 -0.9866719 -0.1339296 -0.09240597 -0.9866759 -0.1339098 -0.1328003 -0.97227 -0.1924974 -0.1324257 -0.972437 -0.1919109 -0.1647309 -0.9570152 -0.2387171 -0.1646711 -0.9570471 -0.2386301 -0.2269477 -0.9166966 -0.3288801 -0.2270169 -0.9166455 -0.3289747 -0.2835811 -0.8664289 -0.4109534 -0.2837343 -0.8662783 -0.4111652 -0.3392928 -0.8019546 -0.49168 -0.3394016 -0.801813 -0.491836 -0.3925649 -0.72268 -0.5688818 -0.392329 -0.7230869 -0.5685274 -0.4394977 -0.6334161 -0.6368877 -0.4394073 -0.6336151 -0.636752 -0.4785429 -0.5386058 -0.6934699 -0.4786399 -0.5383229 -0.6936227 -0.5114113 -0.4350013 -0.7411022 -0.5108329 -0.4371103 -0.7402597 -0.5363261 -0.3290947 -0.7772072 -0.5361911 -0.3298049 -0.7769992 -0.5534885 -0.224348 -0.8020714 -0.5536223 -0.2232918 -0.8022739 -0.5637714 -0.1212571 -0.8169814 -0.563781 -0.1211314 -0.8169935 -7.69893e-4 -0.9999987 -0.001454234 -0.01360887 -0.9995763 -0.02573239 -0.01360732 -0.9995765 -0.02572631 -0.07608693 -0.9866693 -0.1438559 -0.07604247 -0.9866855 -0.143768 -0.1089462 -0.9724823 -0.2059345 -0.1099957 -0.9719344 -0.2079535 -0.1355075 -0.9570791 -0.2561981 -0.1354247 -0.9571338 -0.2560375 -0.1871246 -0.9164181 -0.3537831 -0.1868557 -0.9166712 -0.353269 -0.2333492 -0.8665536 -0.4411726 -0.2335801 -0.8662713 -0.4416043 -0.2795512 -0.8015598 -0.5285387 -0.2792685 -0.8020197 -0.5279901 -0.3226696 -0.7236925 -0.6100439 -0.3229338 -0.7231592 -0.6105363 -0.3620839 -0.6326627 -0.6845679 -0.3614386 -0.6343497 -0.6833466 -0.3942434 -0.5376003 -0.7453576 -0.3938279 -0.5390076 -0.7445605 -0.4208045 -0.4358707 -0.7955756 -0.4208897 -0.4354838 -0.7957422 -0.4413883 -0.3298407 -0.8344947 -0.4413874 -0.3298485 -0.8344922 -0.4557101 -0.2236657 -0.8615696 -0.4557119 -0.2236811 -0.8615646 -0.4641126 -0.121167 -0.8774499 -0.4641049 -0.1212778 -0.8774386 -5.98429e-4 -0.9999987 -0.001534283 -0.01057928 -0.9995764 -0.02711564 -0.01057773 -0.9995766 -0.02710682 -0.05915135 -0.9866729 -0.1515844 -0.05913007 -0.9866828 -0.1515286 -0.08511358 -0.9722036 -0.218119 -0.08429569 -0.9727447 -0.2160145 -0.1053585 -0.957082 -0.2699884 -0.1053373 -0.9571001 -0.2699324 -0.1454181 -0.9165097 -0.3726443 -0.1452792 -0.9166793 -0.3722809 -0.1816051 -0.8662834 -0.4653739 -0.1814323 -0.866566 -0.4649149 -0.2171171 -0.8020705 -0.556366 -0.2171676 -0.8019707 -0.5564902 -0.2511726 -0.7229418 -0.6436362 -0.251123 -0.7230875 -0.6434919 -0.2813206 -0.633381 -0.7208934 -0.2812813 -0.6335451 -0.7207645 -0.3062648 -0.5387731 -0.7848092 -0.3062672 -0.5387803 -0.7848034 -0.3272352 -0.4356278 -0.8385378 -0.327255 -0.4355086 -0.8385921 -0.3432191 -0.3296962 -0.8794891 -0.3432017 -0.3298351 -0.8794438 -0.3543158 -0.2238987 -0.907926 -0.354315 -0.2239615 -0.9079109 -0.3608673 -0.1212192 -0.9247058 -0.3608644 -0.1213033 -0.9246959 -1.01461e-4 -0.9999988 -0.001639902 -0.001793682 -0.9995774 -0.0290175 -0.001793801 -0.9995777 -0.02900522 -0.01003092 -0.9867072 -0.1621987 -0.01002871 -0.9867137 -0.1621598 -0.0144158 -0.9723642 -0.2330236 -0.01439052 -0.9724321 -0.232742 -0.0178743 -0.9571572 -0.289017 -0.01786535 -0.9572064 -0.288854 -0.02464985 -0.9168154 -0.3985502 -0.02464836 -0.9168223 -0.3985341 -0.03080385 -0.8666052 -0.498043 -0.03078055 -0.8668187 -0.4976727 -0.03684723 -0.8023404 -0.5957284 -0.03684771 -0.8023197 -0.5957561 -0.04263049 -0.7232791 -0.6892389 -0.04262197 -0.7234023 -0.6891099 -0.04773861 -0.6340541 -0.7718138 -0.04774546 -0.6338884 -0.7719494 -0.05201578 -0.5385491 -0.8409872 -0.05199778 -0.5390416 -0.8406726 -0.0555498 -0.4362497 -0.8981094 -0.05553776 -0.4366883 -0.8978971 -0.05827879 -0.329919 -0.9422087 -0.0582742 -0.3301793 -0.9421178 -0.06016314 -0.2243375 -0.9726526 -0.06016653 -0.2239065 -0.9727517 -0.06127852 -0.121295 -0.9907233 -0.06127917 -0.1214649 -0.9907024 -0.0558536 0.03306925 -0.9978912 -0.05547046 -0.1214658 -0.9910445 -0.05547058 -0.1214636 -0.9910448 -0.05446159 -0.2242056 -0.973019 -0.05446374 -0.2239412 -0.9730798 -0.05274915 -0.330179 -0.9424434 -0.05274909 -0.3302116 -0.942432 -0.05027377 -0.4366658 -0.898218 -0.05027419 -0.4366571 -0.8982223 -0.0470736 -0.5389259 -0.8410368 -0.04706883 -0.5390632 -0.8409491 -0.04322302 -0.6338615 -0.772238 -0.0432198 -0.6339449 -0.7721698 -0.03857994 -0.7234589 -0.6892887 -0.03858298 -0.7234163 -0.6893332 -0.03334844 -0.802429 -0.5958151 -0.03335517 -0.8023399 -0.5959346 -0.02787202 -0.866742 -0.4979776 -0.02786201 -0.8668544 -0.4977822 -0.02230089 -0.9169244 -0.3984376 -0.02231061 -0.9168496 -0.3986089 -0.01617598 -0.957191 -0.289005 -0.01617193 -0.9572134 -0.2889308 -0.01300942 -0.972519 -0.23246 -0.01302272 -0.9724772 -0.2326338 -0.009078204 -0.9867172 -0.1621937 -0.009078681 -0.9867157 -0.1622029 -0.001623868 -0.9995778 -0.02901339 -0.001623868 -0.9995778 -0.02901351 -9.18902e-5 -0.9999987 -0.001641809 -9.18936e-5 -0.9999987 -0.001641929 -4.73198e-5 -0.9999987 -0.001643538 -8.3619e-4 -0.9995776 -0.02905046 -8.3616e-4 -0.9995776 -0.02905094 -0.004673779 -0.9867172 -0.1623804 -0.004673779 -0.9867164 -0.1623855 -0.006704866 -0.9724887 -0.2328537 -0.006711184 -0.9723855 -0.2332839 -0.008328199 -0.9571877 -0.289348 -0.008328497 -0.9571792 -0.2893766 -0.01149207 -0.9167576 -0.3992788 -0.01148611 -0.9168655 -0.3990311 -0.01434469 -0.8668661 -0.4983346 -0.01435536 -0.8666132 -0.4987742 -0.01717078 -0.8023505 -0.5966061 -0.01717209 -0.8023122 -0.5966576 -0.01987314 -0.7230494 -0.6905105 -0.01986426 -0.7234266 -0.6901156 -0.02223932 -0.6344414 -0.772651 -0.02223753 -0.634516 -0.7725898 -0.02423375 -0.5390467 -0.8419272 -0.02423977 -0.5385968 -0.842215 -0.02588748 -0.4362233 -0.899466 -0.02588742 -0.4363044 -0.8994267 -0.02715563 -0.3302418 -0.9435057 -0.02715516 -0.3303036 -0.9434841 -0.0280373 -0.2242264 -0.9741337 -0.02803772 -0.2242555 -0.974127 -0.02855777 -0.1213375 -0.9922004 -0.02856022 -0.1214628 -0.9921851 6.45125e-7 -0.9999988 -0.001643717 1.14013e-5 -0.9995778 -0.02905774 1.13965e-5 -0.9995778 -0.02905762 6.3706e-5 -0.986721 -0.1624243 6.36901e-5 -0.9867214 -0.1624224 9.14881e-5 -0.9724109 -0.233275 9.14867e-5 -0.9724026 -0.2333092 1.13519e-4 -0.9571953 -0.2894432 1.13516e-4 -0.9571955 -0.2894423 1.56529e-4 -0.9168941 -0.3991307 1.56527e-4 -0.9168947 -0.3991292 1.95647e-4 -0.8666437 -0.4989277 1.95253e-4 -0.866819 -0.4986231 2.33751e-4 -0.8023538 -0.5968489 2.33687e-4 -0.802349 -0.5968552 2.70312e-4 -0.7234936 -0.6903312 2.70305e-4 -0.7234835 -0.6903417 3.02633e-4 -0.6345738 -0.7728622 3.03225e-4 -0.6340715 -0.7732744 3.30394e-4 -0.5386546 -0.8425267 3.2981e-4 -0.5391891 -0.8421848 3.52405e-4 -0.436366 -0.8997692 3.5231e-4 -0.4363675 -0.8997685 3.69585e-4 -0.330351 -0.9438582 3.70177e-4 -0.32995 -0.9439985 3.82162e-4 -0.224287 -0.9745231 3.82159e-4 -0.2242885 -0.9745228 3.89249e-4 -0.1214849 -0.9925933 3.89246e-4 -0.1214857 -0.9925931 6.06433e-5 -0.9999987 -0.001643896 0.001071512 -0.9995775 -0.02905094 0.001071751 -0.9995774 -0.02905309 0.005990445 -0.9867098 -0.1623826 0.005991339 -0.9867057 -0.1624067 0.00860387 -0.9723773 -0.2332566 0.008627533 -0.9722371 -0.2338388 0.01067543 -0.9571592 -0.2893652 0.01067388 -0.9571717 -0.2893242 0.01472049 -0.916827 -0.3990131 0.0147233 -0.9167959 -0.3990846 0.01838862 -0.86673 -0.4984386 0.01839107 -0.8666982 -0.498494 0.02201092 -0.802226 -0.5966147 0.02201992 -0.8020577 -0.5968405 0.02545809 -0.7233197 -0.6900439 0.0254563 -0.7233572 -0.6900047 0.02851486 -0.6339082 -0.7728825 0.02850121 -0.6343094 -0.7725538 0.03105264 -0.5390217 -0.8417193 0.03107184 -0.538322 -0.8421663 0.03317636 -0.436205 -0.8992356 0.03316998 -0.4365411 -0.8990727 0.03480541 -0.3298115 -0.943405 0.03480058 -0.3301061 -0.9433021 0.03592884 -0.2241967 -0.9738815 0.03593307 -0.223882 -0.9739537 0.03659611 -0.1214334 -0.9919247 0.03659594 -0.1214399 -0.991924 0.09972774 -0.07679623 -0.9920468 0.0992822 -0.1214923 -0.9876147 0.09928339 -0.1214446 -0.9876204 0.09747987 -0.2240825 -0.9696828 0.09748524 -0.223912 -0.9697216 0.09440946 -0.3303296 -0.9391322 0.09441739 -0.3301144 -0.9392071 0.09000235 -0.4363098 -0.895284 0.089989 -0.4365782 -0.8951545 0.0842787 -0.5385654 -0.8383582 0.08429539 -0.5383137 -0.8385183 0.07730138 -0.634643 -0.7689297 0.07732307 -0.6343748 -0.7691488 0.06909358 -0.7230826 -0.6872975 0.06906151 -0.7233948 -0.686972 0.05966764 -0.8025811 -0.5935514 0.05973726 -0.8020942 -0.5942023 0.04990196 -0.8666729 -0.4963747 0.04989165 -0.8667247 -0.4962854 0.03993523 -0.9168416 -0.3972489 0.03994232 -0.9168132 -0.3973138 0.02894973 -0.9572017 -0.28797 0.02895784 -0.9571793 -0.2880443 0.02329152 -0.9725205 -0.2316491 0.02341002 -0.9722355 -0.2328311 0.01625061 -0.9867158 -0.1616412 0.01625502 -0.986709 -0.1616824 0.002907037 -0.9995777 -0.0289157 0.002908527 -0.9995774 -0.02892428 1.64537e-4 -0.9999987 -0.001636624 1.64607e-4 -0.9999987 -0.00163716 1.76217e-4 -0.9999987 -0.00163567 0.003113329 -0.9995778 -0.0288906 0.003114402 -0.9995775 -0.02889692 0.01740574 -0.9867199 -0.1614966 0.01740866 -0.9867153 -0.1615237 0.02496594 -0.9724918 -0.2315958 0.02504467 -0.9723061 -0.2323656 0.03101724 -0.957192 -0.2877873 0.0310164 -0.9571964 -0.2877728 0.0427913 -0.9168067 -0.397032 0.04277956 -0.9168588 -0.3969131 0.05343222 -0.8668169 -0.4957554 0.0534498 -0.8667209 -0.4959214 0.06393176 -0.8025247 -0.5931837 0.0639556 -0.8023726 -0.593387 0.0739842 -0.7234264 -0.6864261 0.07399278 -0.7233326 -0.686524 0.08286118 -0.6341136 -0.7687875 0.08285593 -0.6341513 -0.7687569 0.09026026 -0.5390126 -0.8374478 0.09028238 -0.5386941 -0.8376502 0.0964272 -0.4362251 -0.8946561 0.09641647 -0.4364286 -0.894558 0.1011463 -0.3302708 -0.9384512 0.1011582 -0.3300008 -0.9385449 0.1044302 -0.2243108 -0.9689061 0.1044368 -0.2240939 -0.9689556 0.1063683 -0.1214595 -0.9868806 0.1063659 -0.1215739 -0.9868669 1.01106e-4 -0.9999988 -0.001641869 0.00178641 -0.9995777 -0.02900481 0.001787364 -0.9995777 -0.02900886 0.00998944 -0.9867196 -0.1621258 0.009992599 -0.9867138 -0.1621609 0.0143733 -0.9723111 -0.2332476 0.01433736 -0.9724502 -0.2326694 0.01779896 -0.9572086 -0.288851 0.01780605 -0.9571773 -0.2889545 0.02455145 -0.9168786 -0.3984104 0.02456533 -0.9167878 -0.3986188 0.03067588 -0.8667672 -0.4977688 0.03067755 -0.8667511 -0.4977967 0.03670758 -0.8024042 -0.5956512 0.0367242 -0.8022266 -0.5958892 0.04247039 -0.7233908 -0.6891313 0.04245072 -0.7236679 -0.6888416 0.04755622 -0.6342313 -0.7716794 0.04755318 -0.6342774 -0.7716417 0.05181872 -0.5387613 -0.8408634 0.05183786 -0.5383529 -0.8411238 0.0553435 -0.4364784 -0.898011 0.05534034 -0.4365507 -0.897976 0.05806475 -0.3300476 -0.9421769 0.05806279 -0.3301095 -0.9421552 0.05994623 -0.2241265 -0.9727147 0.05994594 -0.2241314 -0.9727135 0.06105464 -0.1215916 -0.9907007 0.06106066 -0.1214128 -0.9907222 -0.6444612 -0.02749538 -0.7641426 -0.6433049 -0.01943171 -0.7653634 -0.5678559 -0.01943439 -0.8228986 -0.5794882 -0.07677155 -0.8113566 -0.4668594 0.05460673 -0.8826441 -0.482142 -0.02733355 -0.8756666 -0.3635196 -0.01275169 -0.9314994 -0.3647826 -0.01929414 -0.9308929 -0.2926446 -0.01931679 -0.9560262 -4.33283e-4 -0.9999988 -0.00158745 -0.00766015 -0.9995767 -0.02807086 -0.00765872 -0.999577 -0.02805757 -0.04283189 -0.9866831 -0.1569136 -0.04281568 -0.9866943 -0.1568476 -0.06116443 -0.9726494 -0.2240804 -0.06121486 -0.9725952 -0.2243021 -0.07631868 -0.9570839 -0.2795819 -0.0762819 -0.9571282 -0.2794401 -0.1052695 -0.916628 -0.3856315 -0.105203 -0.9167436 -0.3853746 -0.131437 -0.8665407 -0.4814888 -0.1314337 -0.8665536 -0.4814669 -0.1573158 -0.801965 -0.5762846 -0.1572529 -0.8021399 -0.5760583 -0.1819192 -0.7230578 -0.6664029 -0.1818702 -0.7232326 -0.6662266 -0.2037529 -0.6335391 -0.7464 -0.2036389 -0.6340955 -0.7459585 -0.221889 -0.5385947 -0.812823 -0.221884 -0.5386275 -0.8128025 -0.2370443 -0.4356808 -0.8683273 -0.2369716 -0.4362578 -0.8680574 -0.248602 -0.3299999 -0.9106575 -0.2486323 -0.3296608 -0.9107722 -0.2566697 -0.2238616 -0.9402163 -0.2566601 -0.2240235 -0.9401804 -0.2614096 -0.1213006 -0.9575757 -0.2614067 -0.1214374 -0.9575591 -0.2623481 -0.08740186 -0.961007 -0.2449737 -0.01887756 -0.969346 -3.05463e-4 -0.9999986 -0.001615405 -0.005400121 -0.9995774 -0.02856707 -0.005399346 -0.9995777 -0.02855718 -0.03019452 -0.9867042 -0.1596976 -0.03017944 -0.9867184 -0.1596117 -0.04327493 -0.972493 -0.2288769 -0.0434308 -0.9722979 -0.2296752 -0.05380272 -0.9571495 -0.2845528 -0.05378276 -0.9571834 -0.284442 -0.07419091 -0.9168066 -0.3923791 -0.07417392 -0.916848 -0.3922856 -0.09269958 -0.8666285 -0.4902673 -0.09265977 -0.8667622 -0.4900385 -0.1109424 -0.8021403 -0.5867391 -0.1108962 -0.8023181 -0.5865047 -0.1283006 -0.7232786 -0.678533 -0.1282516 -0.7235276 -0.6782768 -0.1436373 -0.6342969 -0.7596288 -0.1436621 -0.6341142 -0.7597767 -0.1565033 -0.5389311 -0.8276835 -0.1565293 -0.5387088 -0.8278235 -0.1671764 -0.4363197 -0.8841252 -0.1671711 -0.4363523 -0.88411 -0.1753949 -0.3298574 -0.9275941 -0.1753733 -0.3302339 -0.9274642 -0.1810689 -0.2241469 -0.9575868 -0.1810693 -0.2241307 -0.9575904 -0.184422 -0.121419 -0.9753184 -0.1844217 -0.1214275 -0.9753175 -0.1857633 -0.01888579 -0.9824131 -0.1928843 -0.08416086 -0.9776056 -2.71252e-4 -0.9999987 -0.001620769 -0.004793345 -0.9995778 -0.02865952 -0.004793345 -0.9995778 -0.02865952 -0.02679169 -0.9867234 -0.1601855 -0.02679544 -0.986719 -0.1602118 -0.03851306 -0.9723719 -0.2302387 -0.03849881 -0.9723776 -0.2302167 -0.04774051 -0.9572057 -0.2854438 -0.0477547 -0.9571813 -0.2855232 -0.06585669 -0.9168513 -0.3937596 -0.06583201 -0.916917 -0.3936107 -0.08225762 -0.8668025 -0.4918205 -0.08227366 -0.8667373 -0.4919324 -0.09845858 -0.8023535 -0.5886722 -0.09842807 -0.8024708 -0.5885175 -0.1138597 -0.7235956 -0.6807683 -0.1138751 -0.723492 -0.6808758 -0.1274898 -0.6346011 -0.7622519 -0.1275414 -0.6341809 -0.7625929 -0.1390011 -0.5384839 -0.831092 -0.1389639 -0.5388524 -0.8308594 -0.1484287 -0.4363164 -0.8874666 -0.1483917 -0.4367777 -0.8872459 -0.1556836 -0.3306011 -0.9308413 -0.1557069 -0.330204 -0.9309784 -0.1607628 -0.2241377 -0.9612064 -0.1607546 -0.2243368 -0.9611613 -0.1637396 -0.1213953 -0.9790059 -0.163739 -0.1214103 -0.9790042 -0.1649549 -0.007235646 -0.9862747 -0.1668923 -0.04187834 -0.9850854 -2.66637e-4 -0.9999988 -0.001624763 -0.004710137 -0.9995778 -0.02867394 -0.004711091 -0.9995775 -0.02868539 -0.02632546 -0.9867182 -0.1602936 -0.02633321 -0.9867107 -0.1603392 -0.03782522 -0.9723838 -0.2303024 -0.03785824 -0.972307 -0.2306209 -0.04691582 -0.9571799 -0.2856671 -0.04691332 -0.9571828 -0.285658 -0.0646739 -0.9169191 -0.3937979 -0.06471282 -0.9168158 -0.3940317 -0.08086311 -0.8666082 -0.4923936 -0.0808143 -0.8667944 -0.4920738 -0.09671026 -0.8024171 -0.5888751 -0.09675168 -0.8022232 -0.5891326 -0.1118464 -0.723653 -0.6810409 -0.1119087 -0.7232858 -0.6814207 -0.1252951 -0.6342189 -0.7629336 -0.1252738 -0.6343956 -0.7627902 -0.1365508 -0.5385206 -0.8314744 -0.1365308 -0.5387249 -0.8313453 -0.1457855 -0.4367335 -0.8876995 -0.1458017 -0.4365299 -0.8877971 -0.1529695 -0.3301581 -0.9314484 -0.1529753 -0.3300396 -0.9314894 -0.1579312 -0.2241814 -0.9616655 -0.1579393 -0.2239173 -0.9617258 -0.1608554 -0.1214089 -0.9794823 -0.160855 -0.1214592 -0.979476 -0.1617647 -0.0597983 -0.9850159 -0.1575006 -0.01937144 -0.987329 -1.82985e-4 -0.9999986 -0.001632928 -0.003234386 -0.9995775 -0.02888411 -0.003234267 -0.9995778 -0.02887803 -0.01808196 -0.9867155 -0.1614488 -0.0180819 -0.9867157 -0.1614476 -0.02596449 -0.9724112 -0.2318238 -0.02588611 -0.9725782 -0.2311314 -0.03221714 -0.957194 -0.2876488 -0.03222054 -0.9571838 -0.2876822 -0.0444464 -0.9168079 -0.3968476 -0.04443061 -0.9168694 -0.3967071 -0.05551028 -0.8667656 -0.495617 -0.0555042 -0.8667939 -0.495568 -0.06644886 -0.8022402 -0.5932919 -0.06641995 -0.8024393 -0.5930258 -0.07685589 -0.7233327 -0.6862092 -0.07681268 -0.7237185 -0.6858071 -0.08605015 -0.6342982 -0.7682847 -0.08608108 -0.633959 -0.7685611 -0.0937699 -0.5387599 -0.8372247 -0.09376126 -0.5388903 -0.8371416 -0.1001382 -0.4365671 -0.8940814 -0.1001361 -0.4366163 -0.8940577 -0.1050698 -0.3300306 -0.9381046 -0.1050618 -0.3302534 -0.938027 -0.1084807 -0.2239117 -0.9685534 -0.1084741 -0.2242431 -0.9684774 -0.1104847 -0.1214605 -0.9864282 -0.1104849 -0.1214076 -0.9864346 -0.1112872 -0.01937097 -0.9935995 -0.1150384 -0.05756556 -0.9916918 -1.72093e-4 -0.9999987 -0.001635968 -0.003041088 -0.9995778 -0.02889722 -0.003041088 -0.9995778 -0.02889841 -0.01700085 -0.9867179 -0.1615508 -0.01700025 -0.9867188 -0.161546 -0.02431917 -0.9726374 -0.2310523 -0.02438169 -0.9724911 -0.2316608 -0.03029626 -0.9571825 -0.2878957 -0.03028368 -0.9572218 -0.2877664 -0.04177546 -0.9168788 -0.3969739 -0.04178351 -0.9168486 -0.3970428 -0.05218768 -0.8668041 -0.4959104 -0.05219441 -0.8667622 -0.4959829 -0.0624597 -0.8023912 -0.5935209 -0.06244671 -0.8024854 -0.593395 -0.07223844 -0.7235856 -0.6864442 -0.07226485 -0.7233342 -0.6867063 -0.0809409 -0.6339305 -0.7691429 -0.08090162 -0.6343811 -0.7687754 -0.08815515 -0.538993 -0.8376845 -0.08816081 -0.5388849 -0.8377535 -0.09415334 -0.4366682 -0.8946822 -0.09416115 -0.4364819 -0.8947722 -0.09878444 -0.3302897 -0.9386962 -0.0987913 -0.3300668 -0.9387738 -0.1019912 -0.2242777 -0.9691736 -0.1019974 -0.2239391 -0.9692512 -0.1038808 -0.1214306 -0.9871491 -0.1038808 -0.121586 -0.98713 -0.1046381 -0.01934742 -0.9943222 -0.1046404 -0.01937991 -0.9943213 -0.1143797 -0.01937943 -0.9932481 -0.1135559 -0.1213371 -0.9860945 -0.1135544 -0.1215763 -0.9860652 -0.1114857 -0.2243874 -0.9681019 -0.1114975 -0.2239053 -0.9682121 -0.1079922 -0.3300063 -0.9377812 -0.1079857 -0.3301849 -0.9377191 -0.1029339 -0.4363903 -0.8938502 -0.102927 -0.4365254 -0.8937851 -0.09638601 -0.5386692 -0.8369859 -0.09636843 -0.5389156 -0.8368293 -0.08844888 -0.6342267 -0.7680712 -0.0884304 -0.6344511 -0.767888 -0.07898145 -0.723446 -0.6858483 -0.07900083 -0.7232831 -0.6860179 -0.06826668 -0.8024521 -0.5927988 -0.06826972 -0.8024262 -0.5928334 -0.05707281 -0.8666761 -0.495596 -0.05705589 -0.8667542 -0.4954613 -0.04567182 -0.9168593 -0.3965893 -0.0456742 -0.9168452 -0.3966217 -0.03311741 -0.9571838 -0.2875806 -0.03310102 -0.9572294 -0.2874304 -0.02670693 -0.9723678 -0.231922 -0.02666527 -0.9724565 -0.2315547 -0.01858574 -0.9867157 -0.1613901 -0.01858347 -0.9867195 -0.1613672 -0.003324985 -0.9995777 -0.02887207 -0.003324627 -0.9995778 -0.02886617 -1.88167e-4 -0.9999986 -0.001634359 -1.88137e-4 -0.9999986 -0.001633584 -0.1143827 -0.01943176 -0.9932467 -0.09145092 -0.01943981 -0.9956199 -0.06166559 -0.04779559 -0.9969518 -0.05928593 -0.01932913 -0.9980539 -0.04890167 -0.01933157 -0.9986165 -9.88153e-5 -0.9999988 -0.001640796 -0.001746118 -0.9995778 -0.02900546 -0.001746058 -0.9995778 -0.02900588 -0.009761214 -0.9867182 -0.1621482 -0.009760558 -0.9867203 -0.1621353 -0.01399129 -0.9725087 -0.232446 -0.01399916 -0.972494 -0.2325072 -0.01739346 -0.9571928 -0.2889282 -0.01739239 -0.9572002 -0.2889039 -0.0239793 -0.9169311 -0.3983246 -0.02399992 -0.916767 -0.3987009 -0.02996695 -0.866755 -0.4978331 -0.02995342 -0.8668984 -0.4975841 -0.0358588 -0.8024229 -0.5956777 -0.03586 -0.8024085 -0.595697 -0.04148387 -0.7234591 -0.6891198 -0.04150474 -0.7231032 -0.689492 -0.04647272 -0.6338785 -0.7720353 -0.04644495 -0.6344948 -0.7715306 -0.0506165 -0.5389295 -0.8408288 -0.05061 -0.5391358 -0.8406969 -0.05405902 -0.4366599 -0.898001 -0.05406844 -0.4362869 -0.8981818 -0.05671924 -0.3301593 -0.9422196 -0.05671739 -0.3302804 -0.9421772 -0.05855983 -0.2242214 -0.9727773 -0.05855989 -0.2242456 -0.9727717 -0.05964457 -0.1214754 -0.9908008 -0.0596435 -0.121359 -0.9908152 -0.06008118 -0.01428943 -0.9980912 -0.0287624 -0.02733856 -0.9992124 -0.02055209 0.02423602 -0.999495 3.92032e-4 -0.0268082 -0.9996405 4.89819e-4 -0.02390533 -0.9997141 0.003560602 -0.01936984 -0.9998061 0.03686207 -0.01936036 -0.9991329 0.03783214 -0.00745517 -0.9992564 0.09473365 -0.0279361 -0.9951107 0.01983952 -0.007764339 -0.9997731 0.01788073 -0.01937985 -0.9996523 0.06479024 -0.01937764 -0.9977108 0.06146591 -0.0402199 -0.9972986 0.108087 0.004401385 -0.9941318 0.1071574 -0.007862985 -0.9942111 0.111824 -0.0143243 -0.9936249 0.1110075 -0.121465 -0.9863689 0.1110065 -0.1215019 -0.9863646 0.1089854 -0.2243123 -0.9684039 0.1089918 -0.2241105 -0.96845 0.1055596 -0.3302737 -0.937964 0.1055563 -0.3303793 -0.9379273 0.1006331 -0.4362318 -0.8941895 0.1006273 -0.4363516 -0.8941317 0.0941984 -0.5390102 -0.8370154 0.09422791 -0.5386006 -0.8372757 0.08647668 -0.6341239 -0.7683806 0.08642321 -0.6346671 -0.7679381 0.07721 -0.7234356 -0.6860609 0.07724553 -0.7231338 -0.686375 0.06672233 -0.802538 -0.5928583 0.06670856 -0.802626 -0.5927407 0.05576431 -0.8668168 -0.4954987 0.05578577 -0.8667066 -0.4956891 0.04465836 -0.9168109 -0.3968167 0.04464405 -0.9168658 -0.3966913 0.03237068 -0.9571952 -0.2876275 0.03236258 -0.9572142 -0.2875653 0.02605527 -0.9724877 -0.2314928 0.02603787 -0.9725109 -0.2313969 0.01816517 -0.9867207 -0.161408 0.01816612 -0.9867188 -0.1614188 0.003249585 -0.9995778 -0.02887511 0.003249645 -0.9995778 -0.02887517 1.83883e-4 -0.9999987 -0.00163412 1.8389e-4 -0.9999986 -0.00163412 0.0526908 0.01329886 0.9985224 -0.1126352 0.03019386 0.9931775 -0.02100783 0.01956838 0.9995878 -0.02131134 0.141144 0.9897598 -0.02099001 0.1313978 0.9911075 -0.02112519 0.2555525 0.9665644 -0.02063131 0.2225372 0.9747059 -0.01865714 0.5017415 0.8648165 -0.0193867 0.4518136 0.8919018 -0.02022176 0.3666116 0.9301544 -0.01966524 0.3961823 0.9179614 -0.02064865 0.3099193 0.9505387 -9.80366e-4 0.9997448 0.02257323 -0.003028869 0.9919001 0.1269847 -0.002950727 0.9909977 0.1338467 -0.005745708 0.9711864 0.2382518 -0.005824327 0.9678246 0.2515587 -0.007973372 0.9371623 0.3488028 -0.008118987 0.9330945 0.3595395 -0.01029145 0.8913134 0.453271 -0.01037657 0.8879691 0.4597862 -0.01235747 0.8322258 0.5542992 -0.01242303 0.8293312 0.5586193 -0.01429557 0.7667061 0.6418392 -0.01449584 0.7547412 0.6558626 -0.01656848 0.6609508 0.7502464 -0.01652115 0.6661934 0.7455961 -0.0179671 0.5664746 0.8238833 -0.01792848 0.5713115 0.8205375 -0.01927471 0.4711647 0.8818346 -0.001605927 0.9997939 0.02024 -6.28389e-4 0.9997941 0.02028065 0.00561589 0.9999588 0.007141709 -0.002286136 0.9997941 0.02016097 -0.00205332 0.9997941 0.02018743 -0.001097917 0.9997942 0.02026259 -4.00586e-4 0.9997941 0.02028888 -9.93208e-6 0.9997942 0.02028983 1.99367e-4 0.9997941 0.02029073 9.87708e-4 0.9997941 0.02026963 0.00108093 0.9997942 0.0202611 0.002186655 0.999794 0.0201804 0.002330243 0.9997942 0.02015608 0.003081142 0.9997941 0.02005839 0.003402054 0.9997942 0.0200017 0.003573298 0.9997941 0.01997429 0.003575623 0.999794 0.01998227 0.02358257 0.9909971 0.1317906 0.0235942 0.9909888 0.131851 0.04433149 0.9678128 0.2477358 0.04434746 0.9677904 0.2478204 0.06328386 0.9332407 0.3536342 0.06334722 0.9330985 0.3539975 0.0809763 0.8880841 0.4524928 0.08100891 0.8879818 0.4526875 0.09853595 0.8289171 0.5506245 0.09854233 0.8288968 0.5506538 0.1154621 0.7552273 0.6452133 0.1156085 0.7545284 0.6460044 0.1268841 0.6936748 0.7090245 0.1313068 0.666399 0.7339421 0.1345202 0.6456626 0.751681 0.1444965 0.5719754 0.8074436 0.1445777 0.5713189 0.8078937 0.1554272 0.470673 0.86851 0.1554032 0.470903 0.8683894 0.1639364 0.3659794 0.9160698 0.1639197 0.3662142 0.915979 -0.001606047 0.999794 0.02023315 -0.01059901 0.9909886 0.1335261 -0.01059573 0.9909954 0.1334758 -0.01992201 0.9677926 0.2509595 -0.01992189 0.9677937 0.2509556 -0.02847218 0.9330322 0.3586645 -0.02845805 0.9331042 0.3584783 -0.03640919 0.887875 0.4586418 -0.03639209 0.8879913 0.458418 -0.04423612 0.8291844 0.5572221 -0.04424828 0.8290768 0.5573812 -0.05192965 0.7545878 0.6541412 -0.05190211 0.7549008 0.653782 -0.05903458 0.6659908 0.7436203 -0.05902588 0.6661162 0.7435088 -0.06496107 0.5711591 0.8182648 -0.06491577 0.5720286 0.8176609 -0.06981438 0.4709811 0.8793763 -0.06982147 0.4708105 0.8794671 -0.07363665 0.3664498 0.9275195 -0.07363885 0.3663592 0.927555 -0.07651603 0.2554308 0.9637948 -0.07651543 0.2554734 0.9637836 -0.07835024 0.1410655 0.9868951 -0.07834994 0.1409594 0.9869102 -0.1125806 0.02979296 0.9931959 -0.111505 0.1410453 0.9837036 -0.111505 0.1410162 0.9837079 -0.1088709 0.2561932 0.960475 -0.1088888 0.2555305 0.9606495 -0.1048301 0.3656352 0.924836 -0.1047944 0.3664833 0.9245044 -0.09935063 0.4710592 0.8764889 -0.0993579 0.4709519 0.8765457 -0.09244364 0.5712476 0.8155554 -0.09237521 0.5721533 0.814928 -0.08389437 0.6672238 0.7401177 -0.0839914 0.6662529 0.7409808 -0.07385063 0.7550295 0.6515187 -0.0738483 0.7550275 0.6515213 -0.06302231 0.8287973 0.5559886 -0.06296342 0.8291517 0.5554667 -0.05177181 0.8880978 0.4567297 -0.05177843 0.8880619 0.456799 -0.04048079 0.9331811 0.3571195 -0.04048937 0.9331466 0.3572089 -0.02833956 0.9678283 0.2500104 -0.02834481 0.9678136 0.2500668 -0.01507568 0.9910014 0.1330001 -0.01507526 0.9910021 0.1329955 -0.002285242 0.9997942 0.02016103 -0.002285182 0.9997941 0.02016007 -0.002053439 0.999794 0.02019429 -0.01354378 0.990998 0.1331895 -0.01354521 0.9909958 0.1332066 -0.02546161 0.967809 0.2503945 -0.02546668 0.9677942 0.2504514 -0.03637069 0.9331397 0.3576696 -0.03640699 0.9329929 0.3580487 -0.0465216 0.8879825 0.4575182 -0.04647487 0.8882281 0.4570459 -0.05657857 0.8289732 0.5564194 -0.05660903 0.8287723 0.5567155 -0.06628966 0.7553831 0.6519218 -0.06630694 0.755214 0.652116 -0.07540023 0.6666896 0.7415118 -0.07547032 0.6658631 0.7422471 -0.08307969 0.5705088 0.8170787 -0.08299338 0.5718092 0.816178 -0.08921796 0.4713696 0.8774115 -0.08925324 0.4707066 0.8777638 -0.09411042 0.3667509 0.925547 -0.09413057 0.366214 0.9257574 -0.09780746 0.2552632 0.9619119 -0.09779322 0.2558814 0.9617491 -0.1001483 0.1411534 0.9849091 -0.1001501 0.1408078 0.9849585 -0.001097857 0.9997941 0.02026325 -0.007242083 0.9910009 0.1336598 -0.007242321 0.9909992 0.1336716 -0.01361578 0.9678141 0.2512975 -0.01361626 0.9678113 0.2513083 -0.01946651 0.9330249 0.3592851 -0.01946008 0.9330742 0.3591575 -0.02484959 0.8882838 0.4586224 -0.02485644 0.8882125 0.45876 -0.03026962 0.8288354 0.5586731 -0.03027099 0.8288202 0.5586956 -0.03545773 0.755308 0.6544102 -0.03545403 0.7553536 0.6543576 -0.04036009 0.6659663 0.7448893 -0.04035264 0.6661194 0.7447528 -0.04438054 0.5719511 0.8190863 -0.04440343 0.5712731 0.8195581 -0.04772937 0.4707984 0.8809489 -0.04772412 0.4710353 0.8808225 -0.05034106 0.3662996 0.9291342 -0.05033713 0.3665888 0.9290205 -0.05230134 0.255962 0.9652711 -0.05230337 0.2555146 0.9653894 -0.05355989 0.1408395 0.9885827 -0.05356359 0.1411269 0.9885415 -4.00716e-4 0.9997941 0.02028757 -0.002643465 0.9909998 0.1338376 -0.002643406 0.9909985 0.1338474 -0.004969358 0.9678136 0.2516195 -0.004969298 0.9678129 0.2516222 -0.00710237 0.9330738 0.3596153 -0.007100164 0.9331315 0.3594652 -0.00907278 0.8882198 0.4593292 -0.009076058 0.8881017 0.4595574 -0.01104819 0.828824 0.5594003 -0.01104086 0.8291498 0.5589176 -0.01294189 0.7553695 0.6551714 -0.01294547 0.755169 0.6554024 -0.0147283 0.6661416 0.7456799 -0.01472026 0.6668028 0.7450889 -0.01621234 0.5712512 0.8206152 -0.01621448 0.5709922 0.8207955 -0.0174219 0.4710892 0.8819136 -0.01742333 0.4708821 0.8820242 -0.01837503 0.3665802 0.9302051 -0.01837521 0.3663729 0.9302867 -0.01909267 0.2555179 0.9666158 -0.0190947 0.2559548 0.9665002 -0.01955533 0.1411283 0.9897982 -0.01954853 0.1407576 0.9898511 0.05913954 -0.01113802 0.9981877 0.05855059 0.1412011 0.988248 0.05855321 0.1410382 0.9882712 0.05717879 0.2556675 0.9650724 0.05717509 0.2558544 0.9650231 0.05504328 0.3658435 0.9290472 0.05503636 0.3661225 0.9289378 0.0521624 0.4713112 0.8804231 0.05218583 0.4705986 0.8808029 0.04853802 0.5714064 0.8192307 0.04852199 0.5717813 0.81897 0.04409903 0.6663667 0.7443191 0.04408252 0.666673 0.7440456 0.03879225 0.7548444 0.6547558 0.03876847 0.7551756 0.6543753 0.03303605 0.8294448 0.5576111 0.03310543 0.8286767 0.5587478 0.02719384 0.8880349 0.4589712 0.02717435 0.8881973 0.458658 0.02126371 0.9331333 0.3589014 0.02126896 0.933106 0.3589722 0.0148859 0.9678093 0.2512443 0.01487362 0.9678602 0.2510489 0.007916867 0.9909999 0.1336285 0.007918596 0.9909965 0.1336535 0.00120002 0.9997942 0.02025538 0.001199841 0.9997943 0.02025341 0.00233072 0.9997942 0.02015823 0.01537632 0.9909984 0.1329879 0.01537793 0.9909968 0.132999 0.02891528 0.9677926 0.2500831 0.02890998 0.9678054 0.250034 0.04126602 0.9332326 0.3568954 0.04127556 0.9331969 0.3569871 0.05282688 0.8879619 0.4568732 0.05280035 0.8880669 0.4566721 0.06421416 0.8291252 0.5553629 0.06423377 0.8289902 0.5555623 0.07534074 0.7548078 0.651605 0.07528483 0.7552345 0.6511167 0.0855717 0.6670053 0.7401226 0.08562916 0.6664943 0.7405762 0.09429377 0.5710039 0.8155142 0.09428578 0.5710555 0.815479 0.101268 0.4718504 0.8758436 0.1013239 0.4709937 0.8762982 0.1068789 0.3663009 0.924338 0.1068732 0.3664124 0.9242944 0.1110491 0.2554842 0.9604145 0.111041 0.2556869 0.9603615 0.1137133 0.1408954 0.9834724 0.1137155 0.140854 0.9834781 0.003080606 0.9997941 0.02005672 0.0203275 0.990996 0.1323401 0.02032375 0.9909983 0.132323 0.03821521 0.967799 0.2488069 0.03820335 0.9678177 0.248736 0.05455368 0.9331995 0.3551936 0.05456167 0.9331803 0.3552431 0.06980341 0.8880196 0.4544765 0.0698229 0.8879637 0.4545825 0.0848928 0.82903 0.5527227 0.08480894 0.8294103 0.552165 0.09951496 0.7551679 0.6479339 0.09968495 0.7542229 0.6490076 0.1131772 0.6665195 0.7368464 0.1130363 0.6675153 0.7359661 0.1246087 0.571187 0.8113065 0.1246284 0.5710142 0.8114251 0.1339144 0.4710103 0.8719039 0.1339197 0.4709523 0.8719343 0.1412532 0.3663842 0.9196794 0.1412553 0.366362 0.919688 0.1467614 0.2557092 0.9555491 0.1467548 0.2558674 0.9555077 0.1502949 0.1408326 0.978559 0.1502985 0.1407357 0.9785724 -0.02112269 0.01998621 0.9995772 -0.06583285 0.01998466 0.9976305 -0.07904511 -0.04900616 0.9956658 -0.09741604 0.01992464 0.9950444 -0.1140859 0.01992505 0.9932711 -0.002286136 0.9997942 0.02016013 -0.01508206 0.9910014 0.1329989 -0.01508283 0.9910003 0.1330077 -0.02835142 0.9678271 0.2500138 -0.02835571 0.9678158 0.2500575 -0.04049724 0.9331777 0.3571268 -0.04050445 0.9331536 0.3571887 -0.05179202 0.888091 0.4567406 -0.05181103 0.8880103 0.4568953 -0.06304705 0.8287885 0.5559989 -0.06301212 0.8290087 0.5556744 -0.07387959 0.7550255 0.65152 -0.07383 0.7554318 0.6510546 -0.08392953 0.6672121 0.7401242 -0.08397513 0.6667443 0.7405405 -0.09248214 0.5712431 0.8155542 -0.09253501 0.5705335 0.8160446 -0.09938853 0.471062 0.876483 -0.09936952 0.4714012 0.876303 -0.1048728 0.365617 0.9248383 -0.1048259 0.3667888 0.9243796 -0.1089184 0.25619 0.9604705 -0.1089392 0.2552955 0.9607063 -0.1115466 0.141047 0.9836987 -0.1115465 0.1411697 0.9836811 -0.1126229 0.03032952 0.9931749 -0.1009125 0.06959211 0.9924585 -0.09474837 0.02064311 0.9952872 -0.05409485 0.01953351 0.9983448 -0.05418044 0.0200141 0.9983306 -0.01974123 0.02001529 0.9996048 -0.01974481 0.02003508 0.9996044 -0.002979815 0.02003771 0.9997949 -9.93052e-6 0.9997942 0.02028959 -6.55275e-5 0.9909998 0.1338641 -6.55163e-5 0.9909999 0.1338634 -1.23189e-4 0.9678204 0.2516422 -1.23163e-4 0.9678217 0.2516371 -1.75963e-4 0.9331445 0.3595016 -1.75963e-4 0.9331465 0.3594962 -2.24936e-4 0.8881223 0.4596074 -2.24993e-4 0.8881217 0.4596083 -2.73572e-4 0.8291629 0.5590069 -2.73636e-4 0.8291603 0.5590109 -3.20826e-4 0.7552005 0.6554939 -3.20827e-4 0.7552024 0.6554918 -3.64707e-4 0.6668415 0.7451995 -3.64775e-4 0.6668416 0.7451994 -4.01824e-4 0.5710336 0.8209266 -4.01823e-4 0.5710319 0.8209279 -4.31779e-4 0.4709174 0.8821772 -4.31776e-4 0.4709144 0.8821789 -4.55403e-4 0.3664029 0.9304562 -4.55485e-4 0.3663998 0.9304575 -4.73187e-4 0.2559784 0.9666824 -4.73188e-4 0.2559792 0.9666823 -4.8454e-4 0.140775 0.9900416 -4.84638e-4 0.1407752 0.9900415 -4.89345e-4 0.02248203 0.9997472 -4.9049e-4 0.02250999 0.9997466 1.99708e-4 0.9997941 0.02029281 0.001317381 0.9909982 0.1338694 0.001318216 0.9909946 0.1338956 0.002477586 0.9678141 0.2516541 0.002478837 0.967797 0.2517197 0.003540456 0.933133 0.3595139 0.003538608 0.9331739 0.359408 0.004525482 0.8881021 0.4596239 0.004523396 0.8881712 0.4594905 0.005503177 0.8291417 0.5590113 0.005511641 0.8287467 0.5595968 0.006455957 0.7551662 0.6555017 0.006454408 0.7552868 0.6553626 0.007338762 0.6668019 0.7451989 0.007337093 0.6669315 0.745083 0.008083939 0.5709899 0.8209174 0.008082449 0.5711299 0.82082 0.008686184 0.4708825 0.8821532 0.008685529 0.471012 0.8820841 0.009161353 0.3663655 0.930426 0.009168446 0.3655977 0.9307278 0.009522557 0.2559548 0.9666419 0.009521663 0.2560331 0.9666212 0.009751737 0.1407597 0.9899958 0.009750664 0.1408102 0.9899886 0.009844005 0.03069007 0.9994805 0.02055251 -0.02336037 0.9995159 9.87198e-4 0.9997942 0.02026659 0.00651437 0.9909952 0.133739 0.006514608 0.9909948 0.1337428 0.0122472 0.9677984 0.2514289 0.01223427 0.9678553 0.2512103 0.01748412 0.9331751 0.3589966 0.01749491 0.9330967 0.3592001 0.02235418 0.8881714 0.4589682 0.02235323 0.8881808 0.4589502 0.02722388 0.8287552 0.5589488 0.02723091 0.8286562 0.5590952 0.03188401 0.7552864 0.6546189 0.03189259 0.7551379 0.6547899 0.03625071 0.6669059 0.7442597 0.03626424 0.6666297 0.7445065 0.03993564 0.5711395 0.819881 0.03991234 0.5717681 0.8194439 0.04291307 0.4710164 0.8810801 0.04292815 0.4705505 0.8813283 0.04528295 0.3655919 0.9296731 0.04527062 0.3660853 0.9294795 0.04702579 0.2560288 0.9655247 0.04703092 0.2558282 0.9655777 0.0481649 0.1408177 0.9888633 0.04815894 0.141031 0.9888332 0.04859924 0.04356139 0.997868 0.06039673 0.00279963 0.9981706 0.001081585 0.9997941 0.02026635 0.007133722 0.9910009 0.133665 0.007138133 0.9909914 0.133735 0.01341462 0.9678101 0.2513239 0.01340979 0.9678318 0.2512408 0.01916098 0.9331452 0.3589889 0.01917231 0.9330664 0.3591929 0.02450549 0.8880382 0.4591163 0.02450376 0.8880622 0.4590699 0.02977192 0.8294529 0.5577828 0.02981632 0.8289149 0.5585797 0.0349611 0.7548561 0.6549581 0.03497064 0.754711 0.6551248 0.03974473 0.6663602 0.74457 0.03971254 0.6670012 0.7439976 0.04374241 0.5714404 0.8194771 0.04375916 0.57099 0.81979 0.0470122 0.4713109 0.8807134 0.04699194 0.4719406 0.8803771 0.04960608 0.3658576 0.9293479 0.0496146 0.3655158 0.929482 0.05153113 0.2556656 0.9653909 0.0515244 0.2560257 0.9652959 0.05276703 0.1412002 0.9885738 0.05277252 0.1408861 0.9886183 0.05329346 0.02012306 0.9983762 0.08294147 0.02012771 0.9963512 0.002185285 0.9997942 0.02017271 0.01442575 0.9909888 0.1331666 0.01441901 0.990996 0.1331131 0.02709966 0.9678202 0.2501795 0.02709329 0.9678367 0.2501161 0.03874093 0.9330507 0.357653 0.0387026 0.9331871 0.3573013 0.04951679 0.8880199 0.457131 0.04950082 0.8880904 0.4569957 0.06024807 0.8288497 0.556218 0.06020462 0.8291256 0.5558112 0.07066202 0.7546049 0.6523636 0.07064199 0.7547662 0.6521791 0.08023124 0.6670128 0.7407138 0.0802471 0.6668279 0.7408786 0.08840912 0.5709474 0.8162126 0.08843725 0.5705785 0.8164674 0.0949437 0.471878 0.8765369 0.09495735 0.4716723 0.8766461 0.1002391 0.3654445 0.9254201 0.1002156 0.3659693 0.9252154 0.1040979 0.2559896 0.9610583 0.1040983 0.2559743 0.9610623 0.1066124 0.1408537 0.9842734 0.1066108 0.1409271 0.9842631 0.1075281 0.05406367 0.9927311 0.1112649 0.02002114 0.9935891 0.1082153 0.02002269 0.9939259 0.1071568 0.140925 0.9842041 0.1071568 0.1409237 0.9842043 0.1046453 0.2554788 0.9611348 0.1046284 0.2559989 0.9609982 0.1007134 0.3662844 0.9250366 0.1007252 0.3660102 0.9251438 0.09543126 0.4718307 0.8765095 0.09543973 0.4716818 0.8765887 0.08885604 0.5710005 0.8161269 0.08888542 0.570633 0.8163807 0.08063924 0.6670418 0.7406434 0.08066231 0.6668097 0.7408499 0.07099926 0.7547997 0.6521018 0.07099682 0.754816 0.6520831 0.06051468 0.8291063 0.5558063 0.06051468 0.8290994 0.5558167 0.04977595 0.8879827 0.4571751 0.0497561 0.8880784 0.4569914 0.03888159 0.9332508 0.3571153 0.03889864 0.9331901 0.3572719 0.0272479 0.9677937 0.2502658 0.02723091 0.9678345 0.2501102 0.01448875 0.9909999 0.1330771 0.01449185 0.9909964 0.1331023 0.002196013 0.9997941 0.02017015 0.002196252 0.9997941 0.0201717 0.1082612 0.01928514 0.9939354 0.1029317 0.0200138 0.9944871 0.1148374 0.02001571 0.9931827 0.1148025 0.02021098 0.9931828 0.1517788 0.02020877 0.9882079 0.1518111 0.02002418 0.9882067 0.170213 0.02002912 0.9852038 0.003402173 0.9997941 0.02000272 0.02244502 0.9910009 0.1319604 0.0224477 0.9909982 0.1319801 0.04219198 0.9678269 0.2480549 0.04219853 0.9678147 0.248101 0.06025296 0.9332119 0.3542391 0.06024301 0.9332295 0.3541944 0.07710814 0.8879981 0.4533362 0.07708519 0.8880586 0.4532217 0.0936746 0.829405 0.5507382 0.09379649 0.8289088 0.5514641 0.1100909 0.7542836 0.6472529 0.10989 0.7553178 0.64608 0.1248365 0.6676259 0.7339561 0.125005 0.6665111 0.7349401 0.1376396 0.5711491 0.8092244 0.1375411 0.5719941 0.8086441 0.14792 0.4709678 0.8696603 0.1479441 0.4706764 0.869814 0.1560181 0.3664304 0.9172716 0.1560356 0.3661745 0.9173709 0.1620962 0.2559199 0.953011 0.1621062 0.2557333 0.9530594 0.1660126 0.1407374 0.9760292 0.1660068 0.1409341 0.9760018 0.1676623 0.01458239 0.9857366 0.166996 0.02242803 0.9857025 0.16948 0.2727369 0.9470434 0.170232 0.2557225 0.9516444 0.1718961 0.2186664 0.9605398 0.1744 0.1409605 0.9745332 0.1744008 0.1409108 0.9745402 0.1757419 0.06872469 0.9820346 0.1885725 0.0200178 0.9818552 0.008149743 0.9999582 -0.004151105 0.006991982 0.9997902 0.01925784 0.4525063 0.3981621 0.7979382 0.4357621 0.4825235 0.7597911 0.01983731 0.9992468 -0.03335148 0.6261059 0.4602156 0.6294387 0.05134677 0.982783 -0.1774855 0.03285479 0.9781262 -0.2054012 0.01847517 0.9744094 -0.2240204 0.004472017 0.9707568 -0.2400235 0.1229524 0.9879256 -0.09426492 0.06872695 0.9878062 -0.1396986 0.1560088 0.9869139 -0.04076915 0.1390838 0.9881448 -0.06500643 0.1088345 0.9890721 -0.09945601 0.2147538 0.9762172 0.02967685 0.2207698 0.9744969 0.04020947 0.1894631 0.9818716 -0.005650162 0.4799373 0.7992877 0.3616622 0.4966536 0.7929304 0.3529826 0.4220055 0.8573392 0.2947555 0.4251226 0.8582594 0.2875093 0.372239 0.9013256 0.221473 0.3782982 0.8949445 0.2365691 0.3645783 0.9073079 0.2094641 0.6076157 0.4742471 0.6370972 0.5408387 0.6546452 0.5281413 0.58212 0.5575738 0.5918175 0.5024321 0.7257532 0.4699408 0.5478921 0.6418886 0.5364637 0.4478023 0.8043881 0.3904267 0.5065234 0.7215457 0.4720232 0.3859014 0.8704633 0.3055711 0.4589471 0.7919105 0.4027968 0.6693037 0.1808439 0.7206443 0.6671955 0.2395825 0.7053017 0.6675241 0.2369322 0.7058858 0.657585 0.3239348 0.6801826 0.6436424 0.3917236 0.6574779 0.6477571 0.1011784 0.7550984 0.644718 0.06029236 0.7620391 0.6464837 0.07376188 0.7593537 0.6433208 0.02238982 0.7652693 0.6185463 -0.08051377 0.7816125 0.618682 0.004653334 0.7856277 0.0376603 0.9987851 -0.03178125 0.1858646 0.9473955 0.2605688 0.1656466 0.961018 0.2213723 0.127038 0.9806731 0.1488005 0.1223813 0.9826207 0.139569 0.06626337 0.9971771 0.03531336 0.06200754 0.9977465 0.02563422 0.0222125 0.99863 -0.04738032 0.2904908 0.9453878 0.1478409 0.2009739 0.9786882 0.04217809 0.03930729 0.9914667 -0.1242939 0.1305142 0.991292 -0.01750469 0.1188394 0.992446 -0.03046602 0.09178709 0.9936041 -0.0657736 0.07584476 0.9935441 -0.08436715 0.06011146 0.9852378 -0.1602908 0.06188726 0.9857162 -0.1566324 0.1880239 0.9789882 0.07892525 0.2451886 0.9573661 0.1527504 0.2608513 0.9498192 0.1726275 0.2884536 0.934089 0.2104101 0.3372671 0.9000791 0.2758781 0.4067006 0.8512642 0.331578 0.3964304 0.861306 0.317797 0.4944931 -0.5497338 0.6732529 0.3592881 0.9037213 0.232809 0.283403 0.9487335 0.1399558 0.2959046 0.9464886 0.1288404 0.2906339 0.9497087 0.1165562 0.4160867 0.559275 0.7169961 0.4145317 0.5647805 0.7135731 0.3890678 0.6425958 0.6600734 0.3867613 0.6488707 0.655273 0.3560583 0.7226705 0.5924271 0.3535991 0.7279374 0.5874308 0.3189678 0.7935849 0.518153 0.3156543 0.7992035 0.5115038 0.2796657 0.8529534 0.4407469 0.2760882 0.8577642 0.4336081 0.2409816 0.899052 0.3655593 0.2368743 0.9033649 0.3575226 0.1995041 0.9372435 0.2859593 0.5782119 0.2933885 0.7613109 0.5609754 0.4032747 0.7229635 0.03421676 0.9944323 -0.09966814 0.04755973 0.9972239 -0.05729568 0.08397763 0.9964594 -0.004057943 0.09090322 0.9958263 0.008164823 0.155174 0.9824252 0.1037399 0.1624883 0.9799485 0.1153193 0.2063966 0.9614328 0.1817897 0.213123 0.9578952 0.1923936 0.2459712 0.9384031 0.2426889 0.2527249 0.9337327 0.2535223 0.289729 0.905119 0.311154 0.2963872 0.8992629 0.3216847 0.3359516 0.8597869 0.3845818 0.3420099 0.8530063 0.3942202 0.3819227 0.8019892 0.4592913 0.3876192 0.7939033 0.4684751 0.4265588 0.730519 0.533282 0.4304834 0.722999 0.5403301 0.4651338 0.6511802 0.5996791 0.4684321 0.6430875 0.6058134 0.496873 0.5672423 0.6567751 0.4992815 0.5595643 0.6615179 0.5209706 0.4849106 0.702461 0.5233641 0.4754799 0.7071132 0.1648907 0.9789784 0.1200516 0.4667085 0.2983357 0.8325737 0.4671851 0.2932475 0.8341127 0.4758108 0.1896373 0.8588608 0.4759767 0.184835 0.8598152 0.4789035 0.08114832 0.874109 0.4785615 0.07687592 0.8746823 0.4777669 0.01849961 0.878292 0.4370996 0.4764959 0.7628208 0.4518432 0.4022921 0.7962405 0.5176711 0.3980741 0.7573334 0.533077 0.2943922 0.7931975 0.5326859 0.2971608 0.7924274 0.5419591 0.1852036 0.8197439 0.6485714 0.1476688 0.7466921 0.6190537 -0.1747921 0.7656502 0.6319222 0.1835309 0.7529881 0.6276785 0.2469109 0.7382783 0.5373821 0.007631242 0.8433044 0.5653573 0.0533362 0.8231199 0.5658329 0.07516771 0.8210865 0.5665218 0.08322834 0.819833 0.5198922 -0.3014332 0.7992811 0.5868309 0.1889725 0.7873492 0.5775979 0.2974298 0.760208 0.6231956 0.2919163 0.7255427 0.6095425 0.3967422 0.6863335 0.508179 0.7136105 0.4821972 0.5706052 0.585171 0.5761811 0.2586979 0.2938523 0.9201773 0.2492363 0.3978376 0.8829533 0.2392671 0.4743089 0.8472204 0.225092 0.5573765 0.7991652 0.2234349 0.0200321 0.974513 0.2483131 0.079638 0.9654006 0.2458825 0.1408668 0.9590091 0.2444254 0.1860277 0.9516565 0.2426217 0.2190118 0.9450761 0.2179083 -0.4827129 0.848236 0.01951014 0.9997961 0.005210876 0.3240565 0.1854828 0.9276764 0.3240272 0.1865618 0.9274703 0.3161021 0.2934508 0.9022007 0.3160279 0.2944477 0.901902 0.3042908 0.3972735 0.8657834 0.3040469 0.3991423 0.8650092 0.292584 0.4742241 0.8303651 0.292223 0.4764879 0.8291954 0.2767153 0.5573368 0.7828183 0.2764188 0.5588288 0.7818588 0.2572607 0.6389225 0.7249793 0.2565186 0.6418017 0.7226955 0.2341006 0.7170046 0.6565831 0.2326219 0.721551 0.652113 0.20802 0.787634 0.5799658 0.2063131 0.7918537 0.5748066 0.1807355 0.8468881 0.5001154 0.1785414 0.8511998 0.4935401 0.1536934 0.8938469 0.4212079 0.1512258 0.8976912 0.4138614 0.1159663 0.9431101 0.3116012 0.1132261 0.9461892 0.3031599 0.07520759 0.9782478 0.1933266 0.07225108 0.9802445 0.1841206 0.03337776 0.9968269 0.07226455 0.03088665 0.9975613 0.06258904 1.60261e-4 0.9996792 -0.02533197 0.005575358 0.9999788 -0.003349244 0.001103222 0.9999752 0.006976664 0.02055555 0.9968765 0.07625359 0.03320485 0.9909836 0.1298037 0.05170857 0.9783105 0.2005861 0.06250828 0.9677633 0.2439817 0.08275103 0.9431685 0.3218471 0.08939105 0.9330732 0.3484019 0.111377 0.8939747 0.4340558 0.1142411 0.8880081 0.4454108 0.1322106 0.8468546 0.5151289 0.1390287 0.8287801 0.5420283 0.1531941 0.7876091 0.5968279 0.1631318 0.7543135 0.6359239 0.1733019 0.7170642 0.6751188 0.1790876 0.6935091 0.6978344 0.1912921 0.6387376 0.7452663 0.1898948 0.6455687 0.739717 0.08688479 0.9374539 0.3370926 0.1855517 0.5715536 0.7993104 0.1986903 0.4709983 0.8594666 0.2099151 0.3663083 0.9065065 0.2184706 0.2728598 0.9369195 0.2559648 0.0589115 0.9648894 0.2848658 0.02613657 0.9582111 0.3284886 0.02578645 0.9441559 0.3361011 0.005990028 0.941807 0.3989701 0.04390478 0.9159124 0.01667249 0.9995654 -0.02431052 0.01641464 0.9997389 -0.01589858 0.0434888 0.9979804 0.04630488 0.04690504 0.9973056 0.05640381 0.09373688 0.9818515 0.1648673 0.09755063 0.9798415 0.1743405 0.1432777 0.9489185 0.2811143 0.1469338 0.9456403 0.2901294 0.1894869 0.9009674 0.3903237 0.1927009 0.8968781 0.3980908 0.2222887 0.8551171 0.4683614 0.2252907 0.8503028 0.4756357 0.2557065 0.7961344 0.548438 0.2582259 0.7910461 0.554586 0.2873737 0.7257789 0.6250292 0.2894366 0.7205149 0.6301467 0.3159021 0.6460054 0.6948978 0.3176405 0.6404568 0.6992279 0.3397437 0.5620304 0.7541196 0.3406841 0.5581037 0.7566074 0.3582713 0.4794927 0.8010795 0.3591495 0.4749842 0.8033691 0.3720734 0.4014129 0.8369165 0.3726679 0.3974872 0.8385241 0.3857226 0.2963024 0.8737409 0.3859901 0.2931888 0.8746725 0.3944469 0.187839 0.8995155 0.3945298 0.1853296 0.8999996 0.3981809 0.07985013 0.9138249 0.3946009 0.03483062 0.9181922 0.4661733 -0.01630353 0.8845432</float_array>
          <technique_common>
            <accessor source="#Helice-mesh-normals-array" count="5875" stride="3">
              <param name="X" type="float" />
              <param name="Y" type="float" />
              <param name="Z" type="float" />
            </accessor>
          </technique_common>
        </source>
        <vertices id="Helice-mesh-vertices">
          <input semantic="POSITION" source="#Helice-mesh-positions" />
        </vertices>
        <triangles material="Material_001-material" count="6092">
          <input semantic="VERTEX" source="#Helice-mesh-vertices" offset="0" />
          <input semantic="NORMAL" source="#Helice-mesh-normals" offset="1" />
          <p>0 0 1 0 2 0 2 1 1 1 3 1 2 2 3 2 4 2 4 3 3 3 5 3 4 4 5 4 6 4 6 5 5 5 7 5 6 6 7 6 8 6 8 7 7 7 9 7 8 8 9 8 10 8 10 9 9 9 11 9 10 10 11 10 12 10 12 11 11 11 13 11 14 12 15 12 16 12 16 13 15 13 17 13 16 14 17 14 18 14 19 15 20 15 21 15 21 16 20 16 18 16 21 17 18 17 22 17 22 18 18 18 17 18 23 19 24 19 25 19 25 20 24 20 26 20 27 21 25 21 28 21 28 22 25 22 29 22 27 23 30 23 25 23 25 24 30 24 31 24 25 25 31 25 32 25 32 26 33 26 25 26 25 27 33 27 34 27 25 28 34 28 35 28 35 29 36 29 25 29 25 30 36 30 37 30 25 31 37 31 38 31 38 32 39 32 25 32 25 33 39 33 40 33 25 34 40 34 23 34 19 35 29 35 20 35 20 36 29 36 25 36 20 37 25 37 41 37 42 38 43 38 41 38 41 39 44 39 45 39 45 40 46 40 41 40 41 41 46 41 47 41 41 42 47 42 48 42 48 43 49 43 41 43 41 44 49 44 50 44 41 45 50 45 42 45 43 46 51 46 41 46 41 47 51 47 52 47 41 48 52 48 20 48 26 49 53 49 25 49 25 50 53 50 54 50 25 51 54 51 41 51 41 52 54 52 55 52 41 53 55 53 44 53 13 54 56 54 12 54 12 55 56 55 57 55 12 56 57 56 58 56 58 57 57 57 15 57 58 58 15 58 59 58 59 59 15 59 14 59 60 60 61 60 0 60 0 61 61 61 62 61 0 62 62 62 1 62 63 63 64 63 65 63 65 64 64 64 66 64 65 65 66 65 67 65 67 66 66 66 68 66 67 67 68 67 69 67 69 68 68 68 70 68 69 69 70 69 60 69 60 70 70 70 71 70 60 71 71 71 61 71 63 72 65 72 72 72 72 73 65 73 73 73 72 74 73 74 74 74 75 75 76 75 73 75 75 76 73 76 77 76 78 77 79 77 73 77 80 78 81 78 73 78 73 79 81 79 82 79 73 80 82 80 83 80 83 81 84 81 73 81 73 82 84 82 85 82 73 83 85 83 78 83 79 84 86 84 73 84 73 85 86 85 87 85 73 86 87 86 77 86 76 87 88 87 73 87 73 88 88 88 89 88 73 89 89 89 74 89 90 90 91 90 92 90 93 91 81 91 94 91 94 92 81 92 80 92 92 93 91 93 94 93 94 94 91 94 95 94 94 95 95 95 93 95 90 96 92 96 96 96 96 97 92 97 97 97 96 98 97 98 98 98 98 99 97 99 99 99 98 100 99 100 100 100 100 101 99 101 101 101 101 102 99 102 102 102 101 103 102 103 103 103 103 104 102 104 104 104 104 105 102 105 105 105 104 106 105 106 106 106 106 107 105 107 107 107 107 108 105 108 108 108 107 109 108 109 109 109 109 110 108 110 110 110 110 111 108 111 111 111 110 112 111 112 112 112 112 113 111 113 113 113 113 114 111 114 114 114 113 115 114 115 115 115 115 116 114 116 116 116 116 117 114 117 117 117 116 118 117 118 118 118 118 119 117 119 119 119 119 120 117 120 120 120 119 121 120 121 121 121 121 122 120 122 122 122 121 123 122 123 123 123 124 124 125 124 122 124 122 125 125 125 126 125 122 126 126 126 123 126 127 127 128 127 129 127 129 128 128 128 130 128 129 129 130 129 124 129 124 130 130 130 131 130 124 131 131 131 125 131 132 132 133 132 134 132 134 133 133 133 135 133 134 134 135 134 127 134 127 135 135 135 136 135 127 136 136 136 128 136 132 137 134 137 137 137 137 138 134 138 138 138 137 139 138 139 139 139 140 140 141 140 139 140 139 141 141 141 142 141 139 142 142 142 137 142 143 143 144 143 140 143 140 144 144 144 145 144 140 145 145 145 141 145 140 146 146 146 143 146 143 147 146 147 147 147 143 148 147 148 148 148 148 149 147 149 149 149 148 150 149 150 150 150 151 151 152 151 153 151 154 152 155 152 156 152 156 153 155 153 157 153 156 154 157 154 158 154 158 155 157 155 159 155 158 156 159 156 152 156 152 157 159 157 160 157 152 158 160 158 153 158 54 159 53 159 161 159 161 160 53 160 162 160 161 161 162 161 163 161 163 162 162 162 164 162 163 163 164 163 154 163 154 164 164 164 165 164 154 165 165 165 155 165 166 166 167 166 168 166 168 167 167 167 169 167 168 168 169 168 170 168 170 169 169 169 171 169 170 170 171 170 172 170 172 171 171 171 173 171 172 172 173 172 174 172 174 173 173 173 175 173 174 173 175 173 176 173 176 174 175 174 177 174 178 175 179 175 180 175 180 176 179 176 181 176 180 177 181 177 177 177 177 178 181 178 182 178 177 174 182 174 176 174 180 179 183 179 178 179 178 180 183 180 184 180 178 181 184 181 185 181 185 182 184 182 186 182 185 183 186 183 187 183 187 184 186 184 188 184 187 185 188 185 189 185 189 186 188 186 190 186 189 187 190 187 191 187 191 188 190 188 192 188 191 189 192 189 193 189 193 190 192 190 194 190 193 191 194 191 195 191 195 192 194 192 196 192 195 193 196 193 197 193 196 194 198 194 197 194 197 195 198 195 199 195 197 196 199 196 200 196 200 197 199 197 201 197 153 198 202 198 151 198 151 199 202 199 203 199 151 200 203 200 204 200 204 201 203 201 205 201 204 202 205 202 201 202 201 203 205 203 206 203 201 204 206 204 200 204 207 205 208 205 209 205 209 205 208 205 210 205 209 205 210 205 211 205 211 206 210 206 212 206 207 207 213 207 208 207 208 208 213 208 214 208 208 209 214 209 215 209 216 205 217 205 218 205 219 210 220 210 221 210 221 205 220 205 208 205 221 205 208 205 222 205 222 205 208 205 215 205 222 205 215 205 223 205 216 205 218 205 224 205 224 211 218 211 225 211 224 212 225 212 226 212 227 213 228 213 229 213 229 205 228 205 230 205 229 214 230 214 210 214 210 205 230 205 231 205 210 205 231 205 212 205 226 205 225 205 232 205 232 215 225 215 233 215 232 205 233 205 234 205 235 216 236 216 237 216 237 205 236 205 238 205 233 205 239 205 234 205 234 205 239 205 240 205 234 217 240 217 241 217 241 218 240 218 242 218 241 205 242 205 243 205 243 205 242 205 244 205 243 205 244 205 245 205 245 205 244 205 246 205 245 205 246 205 238 205 238 205 246 205 247 205 238 219 247 219 237 219 235 220 248 220 236 220 236 221 248 221 249 221 236 222 249 222 250 222 250 223 249 223 251 223 250 205 251 205 252 205 252 224 253 224 250 224 250 205 253 205 254 205 250 225 254 225 255 225 255 226 254 226 256 226 255 205 256 205 227 205 227 205 256 205 257 205 227 205 257 205 228 205 258 227 259 227 260 227 260 228 259 228 261 228 261 229 259 229 262 229 261 228 262 228 263 228 264 228 265 228 266 228 266 230 265 230 258 230 266 228 258 228 267 228 267 228 258 228 260 228 268 228 269 228 111 228 270 228 271 228 140 228 140 231 271 231 272 231 140 232 272 232 146 232 146 233 272 233 273 233 146 228 273 228 147 228 147 228 273 228 274 228 147 228 274 228 149 228 275 228 276 228 268 228 268 234 276 234 277 234 268 235 277 235 278 235 278 228 279 228 268 228 268 236 279 236 280 236 268 237 280 237 281 237 281 228 282 228 268 228 268 238 282 238 283 238 268 239 283 239 284 239 284 240 285 240 268 240 268 241 285 241 286 241 268 228 286 228 266 228 266 228 286 228 287 228 266 228 287 228 264 228 111 242 108 242 268 242 268 243 108 243 105 243 268 228 105 228 102 228 94 244 80 244 73 244 102 245 99 245 288 245 288 228 99 228 97 228 288 228 97 228 289 228 289 228 97 228 92 228 289 228 92 228 290 228 290 228 92 228 94 228 127 246 120 246 117 246 102 247 288 247 268 247 268 248 288 248 291 248 268 249 291 249 275 249 120 250 127 250 122 250 122 228 127 228 129 228 122 251 129 251 124 251 140 228 139 228 270 228 270 252 139 252 138 252 270 228 138 228 269 228 269 253 138 253 134 253 269 254 134 254 111 254 111 255 134 255 127 255 111 228 127 228 114 228 114 256 127 256 117 256 73 228 65 228 94 228 94 257 65 257 67 257 94 258 67 258 69 258 2 259 290 259 0 259 0 228 290 228 94 228 0 260 94 260 60 260 60 228 94 228 69 228 292 261 293 261 294 261 295 262 296 262 297 262 222 263 298 263 299 263 300 264 301 264 302 264 303 265 304 265 305 265 303 266 305 266 306 266 307 267 308 267 305 267 307 268 305 268 309 268 308 269 310 269 305 269 305 270 310 270 311 270 305 271 311 271 312 271 312 272 313 272 305 272 305 273 313 273 314 273 305 274 314 274 306 274 304 275 315 275 305 275 305 276 315 276 316 276 305 277 316 277 317 277 317 278 318 278 305 278 305 279 318 279 167 279 305 280 167 280 166 280 319 281 320 281 321 281 321 282 320 282 322 282 321 283 322 283 323 283 323 284 324 284 321 284 321 285 324 285 325 285 321 286 325 286 326 286 326 287 327 287 321 287 321 288 327 288 328 288 321 289 328 289 329 289 329 290 330 290 321 290 321 291 330 291 331 291 321 292 331 292 332 292 332 293 333 293 321 293 321 294 333 294 334 294 321 295 334 295 335 295 261 296 263 296 336 296 336 297 263 297 337 297 336 298 337 298 305 298 305 299 337 299 338 299 305 300 338 300 309 300 336 301 339 301 261 301 261 302 339 302 340 302 261 303 340 303 260 303 260 304 340 304 341 304 260 304 341 304 267 304 267 305 341 305 342 305 267 306 342 306 266 306 266 307 342 307 343 307 266 308 343 308 268 308 268 309 343 309 344 309 268 310 344 310 269 310 269 311 344 311 345 311 269 312 345 312 270 312 270 313 345 313 346 313 270 314 346 314 271 314 271 315 346 315 347 315 271 316 347 316 272 316 272 317 347 317 348 317 272 318 348 318 273 318 273 319 348 319 349 319 273 320 349 320 274 320 350 321 351 321 352 321 353 322 354 322 352 322 352 323 354 323 355 323 352 324 355 324 350 324 356 325 357 325 352 325 352 326 357 326 358 326 352 327 358 327 359 327 302 328 301 328 352 328 352 329 301 329 360 329 352 330 360 330 356 330 359 331 361 331 352 331 352 332 361 332 362 332 352 333 362 333 353 333 351 334 363 334 352 334 352 335 363 335 364 335 352 336 364 336 150 336 274 337 349 337 149 337 149 338 349 338 365 338 149 339 365 339 150 339 366 340 367 340 302 340 302 341 367 341 368 341 302 342 368 342 300 342 369 343 370 343 371 343 371 344 372 344 369 344 369 345 372 345 373 345 369 346 373 346 366 346 366 347 373 347 374 347 366 348 374 348 367 348 375 349 376 349 377 349 377 350 378 350 375 350 375 351 378 351 379 351 375 352 379 352 370 352 370 353 379 353 380 353 370 354 380 354 371 354 381 355 382 355 383 355 383 356 384 356 381 356 381 357 384 357 385 357 381 358 385 358 376 358 376 359 385 359 386 359 376 360 386 360 377 360 298 361 222 361 387 361 222 362 223 362 387 362 387 363 223 363 388 363 387 364 388 364 382 364 382 365 388 365 389 365 382 366 389 366 383 366 334 367 390 367 335 367 335 368 390 368 219 368 335 369 219 369 299 369 299 370 219 370 221 370 299 371 221 371 222 371 391 372 392 372 393 372 391 373 393 373 394 373 395 374 396 374 393 374 395 375 393 375 397 375 396 376 398 376 393 376 393 377 398 377 399 377 393 378 399 378 400 378 400 379 401 379 393 379 393 380 401 380 402 380 393 381 402 381 394 381 392 382 403 382 393 382 393 383 403 383 404 383 393 384 404 384 405 384 405 385 406 385 393 385 393 386 406 386 407 386 393 387 407 387 408 387 409 388 410 388 411 388 411 389 410 389 412 389 411 390 412 390 413 390 413 391 414 391 411 391 411 392 414 392 415 392 411 393 415 393 416 393 416 394 417 394 411 394 411 395 417 395 418 395 411 396 418 396 419 396 419 397 420 397 411 397 411 398 420 398 421 398 411 399 421 399 422 399 422 400 423 400 411 400 411 401 423 401 424 401 411 402 424 402 425 402 426 403 427 403 428 403 428 404 427 404 429 404 428 405 429 405 393 405 393 406 429 406 430 406 393 407 430 407 397 407 428 408 431 408 426 408 426 409 431 409 432 409 426 410 432 410 433 410 433 411 432 411 434 411 433 412 434 412 435 412 435 413 434 413 436 413 435 414 436 414 437 414 437 415 436 415 438 415 437 416 438 416 439 416 439 417 438 417 440 417 439 418 440 418 441 418 441 419 440 419 442 419 441 420 442 420 443 420 443 421 442 421 444 421 443 421 444 421 445 421 445 422 444 422 446 422 445 423 446 423 447 423 447 424 446 424 448 424 447 425 448 425 449 425 449 426 448 426 450 426 449 427 450 427 451 427 452 428 453 428 454 428 455 429 456 429 454 429 454 430 456 430 457 430 454 431 457 431 452 431 458 432 459 432 454 432 454 433 459 433 460 433 454 434 460 434 461 434 297 435 296 435 454 435 454 436 296 436 462 436 454 437 462 437 458 437 461 438 463 438 454 438 454 439 463 439 464 439 454 440 464 440 455 440 453 441 465 441 454 441 454 442 465 442 466 442 454 443 466 443 467 443 451 444 450 444 468 444 468 445 450 445 469 445 468 446 469 446 467 446 470 447 471 447 297 447 297 448 471 448 472 448 297 449 472 449 295 449 473 450 474 450 475 450 475 451 476 451 473 451 473 452 476 452 477 452 473 453 477 453 470 453 470 454 477 454 478 454 470 455 478 455 471 455 479 456 480 456 481 456 481 457 482 457 479 457 479 458 482 458 483 458 479 459 483 459 474 459 474 460 483 460 484 460 474 461 484 461 475 461 485 462 486 462 487 462 487 463 488 463 485 463 485 464 488 464 489 464 485 465 489 465 480 465 480 466 489 466 490 466 480 467 490 467 481 467 293 468 292 468 491 468 292 469 492 469 491 469 491 470 492 470 493 470 491 471 493 471 486 471 486 472 493 472 494 472 486 473 494 473 487 473 424 474 495 474 425 474 425 475 495 475 496 475 425 476 496 476 294 476 294 477 496 477 497 477 294 478 497 478 292 478 467 479 469 479 454 479 454 480 469 480 498 480 454 480 498 480 499 480 499 481 498 481 500 481 499 482 500 482 501 482 501 483 500 483 502 483 501 484 502 484 503 484 503 485 502 485 504 485 503 485 504 485 505 485 505 486 504 486 305 486 505 487 305 487 321 487 321 488 305 488 166 488 321 489 166 489 319 489 150 490 365 490 352 490 352 491 365 491 506 491 352 492 506 492 507 492 507 493 506 493 508 493 507 494 508 494 509 494 509 495 508 495 510 495 509 496 510 496 511 496 511 497 510 497 512 497 511 498 512 498 513 498 513 499 512 499 393 499 513 500 393 500 411 500 411 501 393 501 408 501 411 502 408 502 409 502 514 228 469 228 515 228 515 503 469 503 450 503 515 504 450 504 516 504 516 505 450 505 448 505 516 506 448 506 517 506 517 507 448 507 446 507 517 508 446 508 518 508 518 509 446 509 444 509 518 228 444 228 519 228 519 510 444 510 442 510 519 228 442 228 520 228 520 511 442 511 440 511 520 512 440 512 521 512 521 513 440 513 438 513 521 514 438 514 522 514 522 510 438 510 436 510 522 228 436 228 523 228 523 515 436 515 434 515 523 228 434 228 524 228 524 516 434 516 432 516 524 228 432 228 525 228 525 517 432 517 431 517 525 228 431 228 526 228 526 518 431 518 428 518 526 228 428 228 527 228 527 519 428 519 393 519 527 228 393 228 528 228 528 520 393 520 512 520 528 228 512 228 529 228 529 521 512 521 510 521 529 228 510 228 530 228 530 228 510 228 508 228 530 228 508 228 531 228 531 228 508 228 506 228 531 228 506 228 532 228 532 522 506 522 365 522 532 228 365 228 533 228 533 228 365 228 349 228 533 228 349 228 534 228 534 228 349 228 348 228 534 506 348 506 535 506 535 523 348 523 347 523 535 524 347 524 536 524 536 525 347 525 346 525 536 228 346 228 537 228 537 526 346 526 345 526 537 228 345 228 538 228 538 527 345 527 344 527 538 528 344 528 539 528 539 529 344 529 343 529 539 228 343 228 540 228 540 530 343 530 342 530 540 228 342 228 541 228 541 531 342 531 341 531 541 228 341 228 542 228 542 510 341 510 340 510 542 228 340 228 543 228 543 532 340 532 339 532 543 228 339 228 544 228 544 533 339 533 336 533 544 228 336 228 545 228 545 228 336 228 305 228 545 534 305 534 546 534 546 535 305 535 504 535 546 228 504 228 547 228 547 536 504 536 502 536 547 228 502 228 548 228 548 228 502 228 500 228 548 228 500 228 549 228 549 228 500 228 498 228 549 228 498 228 514 228 514 537 498 537 469 537 530 538 550 538 529 538 529 539 550 539 551 539 529 540 551 540 528 540 528 541 551 541 552 541 528 542 552 542 527 542 527 542 552 542 553 542 527 543 553 543 526 543 526 543 553 543 554 543 526 544 554 544 525 544 525 301 554 301 555 301 525 545 555 545 524 545 524 546 555 546 556 546 524 547 556 547 523 547 523 548 556 548 557 548 523 549 557 549 522 549 522 306 557 306 558 306 522 550 558 550 521 550 521 551 558 551 559 551 521 552 559 552 520 552 520 553 559 553 560 553 520 312 560 312 519 312 519 554 560 554 561 554 519 555 561 555 518 555 518 556 561 556 562 556 518 557 562 557 517 557 517 558 562 558 563 558 517 559 563 559 516 559 516 560 563 560 564 560 516 561 564 561 515 561 515 561 564 561 565 561 515 562 565 562 514 562 514 562 565 562 566 562 514 563 566 563 549 563 549 564 566 564 567 564 549 565 567 565 548 565 548 566 567 566 568 566 548 567 568 567 547 567 547 568 568 568 569 568 547 569 569 569 546 569 546 570 569 570 570 570 546 571 570 571 545 571 545 572 570 572 571 572 545 573 571 573 544 573 544 573 571 573 572 573 544 574 572 574 543 574 543 408 572 408 573 408 543 575 573 575 542 575 542 576 573 576 574 576 542 577 574 577 541 577 541 578 574 578 575 578 541 579 575 579 540 579 540 580 575 580 576 580 540 581 576 581 539 581 539 582 576 582 577 582 539 583 577 583 538 583 538 584 577 584 578 584 538 585 578 585 537 585 537 586 578 586 579 586 537 587 579 587 536 587 536 588 579 588 580 588 536 589 580 589 535 589 535 590 580 590 581 590 535 591 581 591 534 591 534 592 581 592 582 592 534 593 582 593 533 593 533 593 582 593 583 593 533 594 583 594 532 594 532 595 583 595 584 595 532 596 584 596 531 596 531 597 584 597 585 597 531 598 585 598 530 598 530 599 585 599 550 599 551 600 511 600 552 600 552 205 511 205 513 205 552 601 513 601 553 601 553 205 513 205 411 205 553 205 411 205 554 205 554 602 411 602 425 602 554 205 425 205 555 205 555 205 425 205 294 205 555 205 294 205 556 205 556 603 294 603 293 603 556 205 293 205 557 205 557 604 293 604 491 604 557 205 491 205 558 205 558 205 491 205 486 205 558 205 486 205 559 205 559 605 486 605 485 605 559 606 485 606 560 606 560 607 485 607 480 607 560 205 480 205 561 205 561 205 480 205 479 205 561 205 479 205 562 205 562 608 479 608 474 608 562 205 474 205 563 205 563 609 474 609 473 609 563 205 473 205 564 205 564 610 473 610 470 610 564 205 470 205 565 205 565 611 470 611 297 611 565 205 297 205 566 205 566 612 297 612 454 612 566 205 454 205 567 205 567 205 454 205 499 205 567 205 499 205 568 205 568 205 499 205 501 205 568 205 501 205 569 205 569 205 501 205 503 205 569 613 503 613 570 613 570 205 503 205 505 205 570 614 505 614 571 614 571 612 505 612 321 612 571 615 321 615 572 615 572 616 321 616 335 616 572 205 335 205 573 205 573 617 335 617 299 617 573 205 299 205 574 205 574 618 299 618 298 618 574 205 298 205 575 205 575 619 298 619 387 619 575 205 387 205 576 205 576 620 387 620 382 620 576 205 382 205 577 205 577 621 382 621 381 621 577 205 381 205 578 205 578 622 381 622 376 622 578 205 376 205 579 205 579 623 376 623 375 623 579 205 375 205 580 205 580 624 375 624 370 624 580 205 370 205 581 205 581 625 370 625 369 625 581 205 369 205 582 205 582 626 369 626 366 626 582 627 366 627 583 627 583 628 366 628 302 628 583 205 302 205 584 205 584 629 302 629 352 629 584 205 352 205 585 205 585 205 352 205 507 205 585 205 507 205 550 205 550 205 507 205 509 205 550 205 509 205 551 205 551 205 509 205 511 205 586 630 587 630 588 630 588 631 587 631 589 631 588 632 589 632 590 632 591 633 592 633 593 633 593 634 592 634 590 634 593 635 590 635 594 635 594 636 590 636 589 636 595 637 596 637 597 637 597 638 596 638 598 638 599 639 597 639 600 639 600 640 597 640 601 640 599 641 602 641 597 641 597 642 602 642 603 642 597 643 603 643 604 643 604 644 605 644 597 644 597 645 605 645 606 645 597 646 606 646 607 646 607 647 608 647 597 647 597 648 608 648 609 648 597 649 609 649 610 649 610 650 611 650 597 650 597 651 611 651 612 651 597 652 612 652 595 652 591 653 601 653 592 653 592 654 601 654 597 654 592 655 597 655 613 655 614 656 615 656 613 656 613 657 616 657 617 657 617 658 618 658 613 658 613 659 618 659 619 659 613 660 619 660 620 660 620 661 621 661 613 661 613 662 621 662 622 662 613 663 622 663 614 663 615 664 623 664 613 664 613 665 623 665 624 665 613 666 624 666 592 666 598 667 625 667 597 667 597 668 625 668 626 668 597 669 626 669 613 669 613 670 626 670 627 670 613 671 627 671 616 671 586 672 628 672 587 672 587 673 628 673 629 673 587 674 629 674 630 674 630 675 629 675 631 675 630 676 631 676 632 676 633 677 634 677 635 677 635 678 634 678 636 678 635 679 636 679 637 679 637 680 636 680 638 680 637 681 638 681 639 681 639 682 638 682 640 682 639 683 640 683 641 683 641 684 640 684 642 684 641 685 642 685 643 685 643 686 642 686 644 686 643 687 644 687 631 687 631 688 644 688 645 688 631 689 645 689 632 689 646 690 647 690 633 690 633 691 647 691 648 691 633 692 648 692 634 692 649 693 650 693 651 693 651 694 650 694 652 694 651 695 652 695 653 695 653 696 652 696 654 696 653 697 654 697 655 697 655 698 654 698 656 698 655 699 656 699 646 699 646 700 656 700 657 700 646 701 657 701 647 701 649 702 651 702 658 702 658 703 651 703 659 703 658 704 659 704 660 704 661 705 662 705 659 705 661 706 659 706 663 706 664 707 665 707 659 707 666 708 667 708 659 708 659 709 667 709 668 709 659 710 668 710 669 710 669 711 670 711 659 711 659 712 670 712 671 712 659 713 671 713 664 713 665 714 672 714 659 714 659 715 672 715 673 715 659 716 673 716 663 716 662 717 674 717 659 717 659 718 674 718 675 718 659 719 675 719 660 719 676 720 677 720 678 720 679 721 667 721 680 721 680 722 667 722 666 722 678 723 677 723 680 723 680 724 677 724 681 724 680 725 681 725 679 725 676 726 678 726 682 726 682 727 678 727 683 727 682 728 683 728 684 728 684 729 683 729 685 729 684 730 685 730 686 730 686 731 685 731 687 731 687 732 685 732 688 732 687 733 688 733 689 733 689 734 688 734 690 734 690 735 688 735 691 735 690 736 691 736 692 736 692 737 691 737 693 737 693 738 691 738 694 738 693 739 694 739 695 739 695 740 694 740 696 740 696 741 694 741 697 741 696 742 697 742 698 742 698 743 697 743 699 743 699 744 697 744 700 744 699 745 700 745 701 745 701 746 700 746 702 746 702 747 700 747 703 747 702 748 703 748 704 748 704 749 703 749 705 749 705 750 703 750 706 750 705 751 706 751 707 751 707 752 706 752 708 752 707 753 708 753 709 753 710 754 711 754 708 754 708 755 711 755 712 755 708 756 712 756 709 756 713 757 714 757 715 757 715 758 714 758 716 758 715 759 716 759 710 759 710 760 716 760 717 760 710 761 717 761 711 761 718 762 719 762 720 762 720 763 719 763 721 763 720 764 721 764 713 764 713 765 721 765 722 765 713 766 722 766 714 766 718 767 720 767 723 767 723 768 720 768 724 768 723 769 724 769 725 769 726 770 727 770 725 770 725 771 727 771 728 771 725 772 728 772 723 772 729 773 730 773 726 773 726 774 730 774 731 774 726 775 731 775 727 775 726 776 732 776 729 776 729 777 732 777 733 777 729 778 733 778 734 778 734 779 733 779 468 779 734 780 468 780 467 780 735 781 736 781 737 781 738 782 739 782 740 782 740 783 739 783 741 783 740 784 741 784 742 784 742 785 741 785 743 785 742 786 743 786 736 786 736 787 743 787 744 787 736 788 744 788 737 788 626 789 625 789 745 789 745 790 625 790 746 790 745 791 746 791 747 791 747 792 746 792 748 792 747 793 748 793 738 793 738 794 748 794 749 794 738 795 749 795 739 795 408 796 407 796 750 796 750 797 407 797 751 797 750 798 751 798 752 798 752 799 751 799 753 799 752 800 753 800 754 800 754 801 753 801 755 801 754 802 755 802 756 802 756 803 755 803 757 803 756 804 757 804 758 804 758 805 757 805 759 805 760 806 761 806 762 806 762 807 761 807 763 807 762 808 763 808 759 808 759 809 763 809 764 809 759 805 764 805 758 805 762 810 765 810 760 810 760 811 765 811 766 811 760 811 766 811 767 811 767 812 766 812 768 812 767 813 768 813 769 813 769 814 768 814 770 814 769 815 770 815 771 815 771 816 770 816 772 816 771 817 772 817 773 817 773 818 772 818 774 818 773 819 774 819 775 819 775 820 774 820 776 820 775 821 776 821 777 821 777 822 776 822 778 822 777 823 778 823 779 823 779 824 778 824 780 824 779 825 780 825 781 825 737 826 782 826 735 826 735 827 782 827 783 827 735 828 783 828 784 828 784 829 783 829 785 829 784 830 785 830 786 830 786 831 785 831 787 831 786 832 787 832 781 832 781 833 787 833 788 833 781 834 788 834 779 834 789 205 790 205 791 205 791 205 790 205 792 205 791 835 792 835 793 835 793 836 792 836 794 836 789 205 795 205 790 205 790 205 795 205 796 205 790 837 796 837 797 837 798 205 799 205 800 205 496 838 801 838 497 838 497 205 801 205 790 205 497 205 790 205 292 205 292 839 790 839 797 839 292 205 797 205 492 205 798 840 800 840 802 840 802 841 800 841 803 841 802 205 803 205 804 205 805 842 806 842 807 842 807 205 806 205 808 205 807 843 808 843 792 843 792 844 808 844 809 844 792 205 809 205 794 205 804 205 803 205 810 205 810 845 803 845 811 845 810 205 811 205 812 205 813 205 814 205 815 205 815 846 814 846 816 846 811 205 817 205 812 205 812 205 817 205 818 205 812 847 818 847 819 847 819 205 818 205 820 205 819 205 820 205 821 205 821 848 820 848 822 848 821 849 822 849 823 849 823 850 822 850 824 850 823 205 824 205 816 205 816 205 824 205 825 205 816 205 825 205 815 205 813 220 826 220 814 220 814 205 826 205 827 205 814 205 827 205 828 205 828 205 827 205 829 205 828 205 829 205 830 205 830 851 831 851 828 851 828 205 831 205 832 205 828 205 832 205 833 205 833 205 832 205 834 205 833 205 834 205 805 205 805 205 834 205 835 205 805 205 835 205 806 205 836 228 427 228 426 228 836 852 426 852 837 852 837 853 426 853 433 853 837 854 433 854 838 854 443 228 445 228 726 228 726 855 445 855 447 855 726 856 447 856 732 856 732 228 447 228 449 228 732 857 449 857 733 857 733 228 449 228 451 228 733 228 451 228 468 228 839 228 840 228 437 228 437 858 840 858 838 858 437 228 838 228 435 228 435 228 838 228 433 228 439 228 441 228 697 228 841 228 842 228 439 228 439 859 842 859 843 859 439 860 843 860 844 860 844 228 845 228 439 228 439 861 845 861 846 861 439 862 846 862 847 862 847 228 848 228 439 228 439 228 848 228 849 228 439 863 849 863 850 863 850 864 851 864 439 864 439 865 851 865 852 865 439 228 852 228 437 228 437 866 852 866 853 866 437 228 853 228 839 228 697 228 694 228 439 228 439 867 694 867 691 867 439 228 691 228 688 228 680 868 666 868 659 868 713 869 706 869 703 869 688 228 685 228 854 228 854 870 685 870 683 870 854 228 683 228 855 228 855 228 683 228 678 228 855 228 678 228 856 228 856 228 678 228 680 228 706 228 713 228 708 228 708 228 713 228 715 228 708 871 715 871 710 871 726 228 725 228 443 228 443 872 725 872 724 872 443 228 724 228 441 228 441 873 724 873 720 873 441 874 720 874 697 874 697 875 720 875 713 875 697 228 713 228 700 228 700 228 713 228 703 228 688 228 854 228 439 228 439 876 854 876 857 876 439 228 857 228 841 228 659 228 651 228 680 228 680 877 651 877 653 877 680 878 653 878 655 878 635 879 856 879 633 879 633 880 856 880 680 880 633 228 680 228 646 228 646 228 680 228 655 228 858 881 247 881 246 881 859 882 860 882 861 882 862 883 863 883 3 883 71 884 70 884 864 884 68 885 66 885 865 885 64 886 63 886 866 886 74 887 89 887 867 887 77 888 87 888 868 888 86 889 79 889 869 889 361 890 359 890 870 890 356 891 871 891 357 891 368 892 872 892 300 892 367 893 374 893 873 893 380 894 379 894 874 894 386 895 385 895 875 895 875 896 385 896 384 896 384 897 383 897 215 897 383 898 389 898 215 898 215 899 389 899 388 899 215 900 388 900 223 900 379 901 378 901 874 901 874 902 378 902 377 902 874 903 377 903 386 903 371 904 876 904 372 904 372 905 876 905 873 905 372 906 873 906 373 906 373 907 873 907 374 907 872 908 368 908 877 908 878 909 360 909 301 909 871 910 356 910 879 910 364 911 363 911 880 911 78 912 85 912 881 912 881 913 85 913 84 913 83 914 82 914 882 914 61 915 883 915 62 915 62 916 883 916 1 916 884 917 885 917 886 917 886 918 885 918 887 918 886 919 887 919 888 919 384 920 215 920 875 920 875 921 215 921 214 921 875 922 214 922 889 922 889 923 214 923 213 923 889 924 213 924 890 924 890 925 213 925 207 925 890 926 207 926 891 926 891 927 207 927 209 927 891 928 209 928 892 928 892 929 209 929 211 929 892 930 211 930 893 930 211 931 212 931 893 931 893 932 212 932 231 932 893 933 231 933 894 933 895 934 128 934 136 934 231 935 230 935 894 935 894 936 230 936 228 936 894 937 228 937 896 937 896 938 228 938 257 938 896 939 257 939 897 939 897 940 257 940 256 940 897 941 256 941 898 941 898 942 256 942 254 942 898 943 254 943 899 943 899 944 254 944 253 944 899 945 253 945 900 945 253 946 252 946 900 946 900 947 252 947 251 947 900 948 251 948 901 948 251 949 249 949 901 949 901 950 249 950 248 950 901 951 248 951 902 951 902 952 248 952 235 952 902 953 235 953 903 953 903 954 235 954 237 954 903 955 237 955 904 955 905 956 240 956 906 956 906 957 240 957 239 957 906 958 239 958 907 958 907 959 239 959 233 959 907 960 233 960 908 960 908 961 233 961 225 961 908 962 225 962 909 962 909 963 225 963 218 963 909 964 218 964 910 964 910 965 218 965 217 965 910 966 217 966 911 966 911 967 217 967 912 967 911 968 912 968 884 968 884 969 912 969 913 969 884 970 913 970 885 970 914 971 880 971 915 971 915 972 880 972 363 972 915 973 363 973 351 973 148 974 916 974 143 974 143 975 916 975 917 975 143 976 917 976 144 976 144 977 917 977 918 977 144 978 918 978 145 978 145 979 918 979 919 979 145 980 919 980 141 980 301 981 300 981 878 981 878 982 300 982 872 982 878 983 872 983 920 983 920 984 872 984 877 984 920 985 877 985 921 985 921 986 877 986 922 986 921 987 922 987 923 987 923 988 922 988 924 988 923 989 924 989 925 989 150 990 364 990 148 990 148 991 364 991 880 991 148 992 880 992 916 992 916 993 880 993 914 993 916 994 914 994 917 994 917 995 914 995 926 995 917 996 926 996 918 996 918 997 926 997 927 997 918 998 927 998 919 998 919 999 927 999 928 999 919 1000 928 1000 929 1000 929 1001 928 1001 930 1001 929 1002 930 1002 931 1002 931 1003 930 1003 932 1003 931 1004 932 1004 933 1004 934 1005 132 1005 137 1005 132 1006 934 1006 133 1006 133 1007 934 1007 935 1007 133 1008 935 1008 135 1008 141 1009 919 1009 142 1009 142 1010 919 1010 929 1010 142 1011 929 1011 137 1011 137 1012 929 1012 931 1012 137 1013 931 1013 934 1013 934 1014 931 1014 933 1014 934 1015 933 1015 935 1015 935 1016 933 1016 936 1016 935 1017 936 1017 937 1017 937 1018 936 1018 938 1018 937 1019 938 1019 939 1019 135 1020 935 1020 136 1020 136 1021 935 1021 937 1021 136 1022 937 1022 895 1022 895 1023 937 1023 939 1023 895 1024 939 1024 940 1024 128 1025 895 1025 941 1025 941 1026 895 1026 940 1026 941 1027 940 1027 942 1027 942 1028 940 1028 943 1028 942 1029 943 1029 944 1029 944 1030 125 1030 942 1030 942 1031 125 1031 131 1031 942 1032 131 1032 941 1032 941 1033 131 1033 130 1033 941 1034 130 1034 128 1034 945 1035 123 1035 944 1035 944 1036 123 1036 126 1036 944 1037 126 1037 125 1037 943 1038 946 1038 944 1038 944 1039 946 1039 947 1039 944 1040 947 1040 945 1040 945 1041 947 1041 948 1041 949 1042 118 1042 950 1042 950 1043 118 1043 119 1043 950 1044 119 1044 121 1044 371 1045 380 1045 876 1045 876 1046 380 1046 874 1046 876 1047 874 1047 951 1047 951 1048 874 1048 952 1048 951 1049 952 1049 953 1049 953 1050 952 1050 954 1050 953 1051 954 1051 955 1051 955 1052 954 1052 956 1052 955 1053 956 1053 957 1053 957 1054 956 1054 958 1054 957 1055 958 1055 959 1055 959 1056 958 1056 960 1056 959 1057 960 1057 961 1057 961 1058 960 1058 962 1058 961 1059 962 1059 963 1059 963 1060 962 1060 964 1060 963 1061 964 1061 965 1061 965 1062 964 1062 966 1062 965 1063 966 1063 967 1063 967 1064 966 1064 968 1064 967 1065 968 1065 969 1065 969 1066 968 1066 970 1066 969 1067 970 1067 971 1067 971 1068 970 1068 972 1068 971 1069 972 1069 973 1069 973 1070 972 1070 974 1070 973 1071 974 1071 975 1071 975 1072 974 1072 976 1072 975 1073 976 1073 977 1073 977 1074 976 1074 978 1074 977 1075 978 1075 979 1075 979 1076 978 1076 980 1076 979 1077 980 1077 981 1077 386 1078 875 1078 874 1078 874 1079 875 1079 889 1079 874 1080 889 1080 952 1080 952 1081 889 1081 890 1081 952 1082 890 1082 954 1082 954 1083 890 1083 891 1083 954 1084 891 1084 956 1084 956 1085 891 1085 892 1085 956 1086 892 1086 958 1086 958 1087 892 1087 893 1087 958 1088 893 1088 960 1088 960 1089 893 1089 894 1089 960 1090 894 1090 962 1090 962 1091 894 1091 896 1091 962 1092 896 1092 964 1092 964 1093 896 1093 897 1093 964 1094 897 1094 966 1094 966 1095 897 1095 898 1095 966 1096 898 1096 968 1096 968 1097 898 1097 899 1097 968 1098 899 1098 970 1098 970 1099 899 1099 900 1099 970 1100 900 1100 972 1100 972 1101 900 1101 901 1101 972 1102 901 1102 974 1102 974 1103 901 1103 902 1103 974 1104 902 1104 976 1104 976 1105 902 1105 903 1105 976 1106 903 1106 978 1106 978 1107 903 1107 904 1107 978 1108 904 1108 980 1108 982 1109 112 1109 983 1109 983 1110 112 1110 113 1110 983 1111 113 1111 984 1111 984 1112 113 1112 115 1112 984 1113 115 1113 949 1113 949 1114 115 1114 116 1114 949 1115 116 1115 118 1115 985 1116 858 1116 986 1116 986 1117 858 1117 246 1117 986 1118 246 1118 987 1118 987 1119 246 1119 244 1119 987 1120 244 1120 905 1120 905 1121 244 1121 242 1121 905 1122 242 1122 240 1122 988 1123 109 1123 982 1123 982 1124 109 1124 110 1124 982 1125 110 1125 112 1125 989 1126 106 1126 988 1126 988 1127 106 1127 107 1127 988 1128 107 1128 109 1128 358 1129 357 1129 990 1129 990 1130 357 1130 871 1130 990 1131 871 1131 991 1131 991 1132 871 1132 879 1132 991 1133 879 1133 992 1133 992 1134 879 1134 993 1134 992 1135 993 1135 994 1135 994 1136 993 1136 995 1136 994 1137 995 1137 996 1137 996 1138 995 1138 997 1138 996 1139 997 1139 998 1139 998 1140 997 1140 999 1140 998 1141 999 1141 1000 1141 1000 1142 999 1142 1001 1142 1000 1143 1001 1143 1002 1143 1002 1144 1001 1144 1003 1144 1002 1145 1003 1145 1004 1145 1004 1146 1003 1146 1005 1146 1004 1147 1005 1147 1006 1147 1006 1148 1005 1148 1007 1148 1006 1149 1007 1149 1008 1149 1008 1150 1007 1150 1009 1150 1008 1151 1009 1151 1010 1151 1010 1152 1009 1152 1011 1152 1010 1153 1011 1153 1012 1153 1012 1154 1011 1154 1013 1154 1012 1155 1013 1155 1014 1155 1014 1156 1013 1156 1015 1156 1014 1157 1015 1157 1016 1157 1016 1158 1015 1158 1017 1158 1016 1159 1017 1159 1018 1159 1018 1160 1017 1160 1019 1160 1018 1161 1019 1161 1020 1161 1020 1162 1019 1162 1021 1162 1020 1163 1021 1163 1022 1163 1022 1164 1021 1164 1023 1164 1022 1165 1023 1165 1024 1165 1024 1166 1023 1166 1025 1166 1024 1167 1025 1167 1026 1167 1026 1168 1025 1168 1027 1168 1026 1169 1027 1169 1028 1169 1028 1170 1027 1170 1029 1170 1028 1171 1029 1171 1030 1171 1030 1172 1029 1172 1031 1172 1030 1173 1031 1173 1032 1173 1032 1174 1031 1174 1033 1174 1032 1175 1033 1175 1034 1175 1035 1176 96 1176 1036 1176 1036 1177 96 1177 98 1177 1036 1178 98 1178 1037 1178 1037 1179 98 1179 100 1179 1037 1180 100 1180 1038 1180 1038 1181 100 1181 101 1181 1038 1182 101 1182 1039 1182 1039 1183 101 1183 103 1183 1039 1184 103 1184 989 1184 989 1185 103 1185 104 1185 989 1186 104 1186 106 1186 1040 1187 91 1187 1035 1187 1035 1188 91 1188 90 1188 1035 1189 90 1189 96 1189 985 1190 986 1190 1041 1190 1041 1191 986 1191 987 1191 1041 1192 987 1192 1042 1192 1042 1193 987 1193 905 1193 1042 1194 905 1194 1043 1194 1043 1195 905 1195 906 1195 1043 1196 906 1196 1044 1196 1044 1197 906 1197 907 1197 1044 1198 907 1198 1045 1198 1045 1199 907 1199 908 1199 1045 1200 908 1200 1046 1200 1046 1201 908 1201 909 1201 1046 1202 909 1202 1047 1202 1047 1203 909 1203 910 1203 1047 1204 910 1204 1048 1204 1048 1205 910 1205 911 1205 1048 1206 911 1206 1049 1206 1049 1207 911 1207 884 1207 1049 1208 884 1208 1050 1208 1050 1209 884 1209 886 1209 1050 1210 886 1210 1051 1210 1051 1211 886 1211 888 1211 1051 1212 888 1212 861 1212 861 1213 888 1213 1052 1213 861 1214 1052 1214 859 1214 82 1215 81 1215 882 1215 882 1216 81 1216 93 1216 882 1217 93 1217 1040 1217 1040 1218 93 1218 95 1218 1040 1219 95 1219 91 1219 84 1220 83 1220 881 1220 881 1221 83 1221 882 1221 881 1222 882 1222 1053 1222 1053 1223 882 1223 1040 1223 1053 1224 1040 1224 1054 1224 1054 1225 1040 1225 1035 1225 1054 1226 1035 1226 1055 1226 1055 1227 1035 1227 1036 1227 1055 1228 1036 1228 1056 1228 1056 1229 1036 1229 1037 1229 1056 1230 1037 1230 1057 1230 1057 1231 1037 1231 1038 1231 1057 1232 1038 1232 1058 1232 1058 1233 1038 1233 1039 1233 1058 1234 1039 1234 1059 1234 1059 1235 1039 1235 989 1235 1059 1236 989 1236 1060 1236 1060 1237 989 1237 988 1237 1060 1238 988 1238 1061 1238 1061 1239 988 1239 982 1239 1061 1240 982 1240 1062 1240 1062 1241 982 1241 983 1241 1062 1242 983 1242 1063 1242 1063 1243 983 1243 984 1243 1063 1244 984 1244 1064 1244 1064 1245 984 1245 949 1245 1064 1246 949 1246 948 1246 948 1247 949 1247 950 1247 948 1248 950 1248 945 1248 945 1249 950 1249 121 1249 945 1250 121 1250 123 1250 351 1251 350 1251 915 1251 915 1252 350 1252 1065 1252 915 1253 1065 1253 914 1253 914 1254 1065 1254 1066 1254 914 1255 1066 1255 926 1255 926 1256 1066 1256 1067 1256 926 1257 1067 1257 927 1257 927 1258 1067 1258 1068 1258 927 1259 1068 1259 928 1259 928 1260 1068 1260 1069 1260 928 1261 1069 1261 930 1261 930 1262 1069 1262 1070 1262 930 1263 1070 1263 932 1263 932 1264 1070 1264 1071 1264 932 1265 1071 1265 933 1265 933 1266 1071 1266 1072 1266 933 1267 1072 1267 936 1267 936 1268 1072 1268 1073 1268 936 1269 1073 1269 938 1269 938 1270 1073 1270 1074 1270 938 1271 1074 1271 939 1271 939 1272 1074 1272 1075 1272 939 1273 1075 1273 940 1273 940 1274 1075 1274 1076 1274 940 1275 1076 1275 943 1275 943 1276 1076 1276 1077 1276 943 1277 1077 1277 946 1277 946 1278 1077 1278 1078 1278 946 1279 1078 1279 947 1279 947 1280 1078 1280 1079 1280 947 1281 1079 1281 948 1281 948 1282 1079 1282 1080 1282 948 1283 1080 1283 1064 1283 1064 1284 1080 1284 1081 1284 1064 1285 1081 1285 1063 1285 1063 1286 1081 1286 1082 1286 1063 1287 1082 1287 1062 1287 1062 1288 1082 1288 1083 1288 1062 1289 1083 1289 1061 1289 1061 1290 1083 1290 1084 1290 1061 1291 1084 1291 1060 1291 1060 1292 1084 1292 1085 1292 1060 1293 1085 1293 1059 1293 1059 1294 1085 1294 1086 1294 1059 1295 1086 1295 1058 1295 1058 1296 1086 1296 1087 1296 1058 1297 1087 1297 1057 1297 1057 1298 1087 1298 1088 1298 1057 1299 1088 1299 1056 1299 1056 1300 1088 1300 1089 1300 1056 1301 1089 1301 1055 1301 1055 1302 1089 1302 1090 1302 1055 1303 1090 1303 1054 1303 1054 1304 1090 1304 1091 1304 1054 1305 1091 1305 1053 1305 1053 1306 1091 1306 1092 1306 1053 1307 1092 1307 881 1307 881 1308 1092 1308 869 1308 881 1309 869 1309 78 1309 78 1310 869 1310 79 1310 350 1311 355 1311 1065 1311 1065 1312 355 1312 1093 1312 1065 1313 1093 1313 1066 1313 1066 1314 1093 1314 1094 1314 1066 1315 1094 1315 1067 1315 1067 1316 1094 1316 1095 1316 1067 1317 1095 1317 1068 1317 1068 1318 1095 1318 1096 1318 1068 1319 1096 1319 1069 1319 1069 1320 1096 1320 1097 1320 1069 1321 1097 1321 1070 1321 1070 1322 1097 1322 1098 1322 1070 1323 1098 1323 1071 1323 1071 1324 1098 1324 1099 1324 1071 1325 1099 1325 1072 1325 1072 1326 1099 1326 1100 1326 1072 1327 1100 1327 1073 1327 1073 1328 1100 1328 1101 1328 1073 1329 1101 1329 1074 1329 1074 1330 1101 1330 1102 1330 1074 1331 1102 1331 1075 1331 1075 1332 1102 1332 1103 1332 1075 1333 1103 1333 1076 1333 1076 1334 1103 1334 1104 1334 1076 1335 1104 1335 1077 1335 1077 1336 1104 1336 1105 1336 1077 1337 1105 1337 1078 1337 1078 1338 1105 1338 1106 1338 1078 1339 1106 1339 1079 1339 1079 1340 1106 1340 1107 1340 1079 1341 1107 1341 1080 1341 1080 1342 1107 1342 1108 1342 1080 1343 1108 1343 1081 1343 1081 1344 1108 1344 1109 1344 1081 1345 1109 1345 1082 1345 1082 1346 1109 1346 1110 1346 1082 1347 1110 1347 1083 1347 1083 1348 1110 1348 1111 1348 1083 1349 1111 1349 1084 1349 1084 1350 1111 1350 1112 1350 1084 1351 1112 1351 1085 1351 1085 1352 1112 1352 1113 1352 1085 1353 1113 1353 1086 1353 1086 1354 1113 1354 1114 1354 1086 1355 1114 1355 1087 1355 1087 1356 1114 1356 1115 1356 1087 1357 1115 1357 1088 1357 1088 1358 1115 1358 1116 1358 1088 1359 1116 1359 1089 1359 1089 1360 1116 1360 1117 1360 1089 1361 1117 1361 1090 1361 1090 1362 1117 1362 1118 1362 1090 1363 1118 1363 1091 1363 1091 1364 1118 1364 1119 1364 1091 1365 1119 1365 1092 1365 1092 1366 1119 1366 1120 1366 1092 1367 1120 1367 869 1367 869 1368 1120 1368 868 1368 869 1369 868 1369 86 1369 86 1370 868 1370 87 1370 355 1371 354 1371 1093 1371 1093 1372 354 1372 1121 1372 1093 1373 1121 1373 1094 1373 1094 1374 1121 1374 1122 1374 1094 1375 1122 1375 1095 1375 1095 1376 1122 1376 1123 1376 1095 1377 1123 1377 1096 1377 1096 1378 1123 1378 1124 1378 1096 1379 1124 1379 1097 1379 1097 1380 1124 1380 1125 1380 1097 1381 1125 1381 1098 1381 1098 1382 1125 1382 1126 1382 1098 1383 1126 1383 1099 1383 1099 1384 1126 1384 1127 1384 1099 1385 1127 1385 1100 1385 1100 1386 1127 1386 1128 1386 1100 1387 1128 1387 1101 1387 1101 1388 1128 1388 1129 1388 1101 1389 1129 1389 1102 1389 1102 1390 1129 1390 1130 1390 1102 1391 1130 1391 1103 1391 1103 1392 1130 1392 1131 1392 1103 1393 1131 1393 1104 1393 1104 1394 1131 1394 1132 1394 1104 1395 1132 1395 1105 1395 1105 1396 1132 1396 1133 1396 1105 1397 1133 1397 1106 1397 1106 1398 1133 1398 1134 1398 1106 1399 1134 1399 1107 1399 1107 1400 1134 1400 1135 1400 1107 1401 1135 1401 1108 1401 1108 1402 1135 1402 1136 1402 1108 1403 1136 1403 1109 1403 1109 1404 1136 1404 1137 1404 1109 1405 1137 1405 1110 1405 1110 1406 1137 1406 1138 1406 1110 1407 1138 1407 1111 1407 1111 1408 1138 1408 1139 1408 1111 1409 1139 1409 1112 1409 1112 1410 1139 1410 1140 1410 1112 1411 1140 1411 1113 1411 1113 1412 1140 1412 1141 1412 1113 1413 1141 1413 1114 1413 1114 1414 1141 1414 1142 1414 1114 1415 1142 1415 1115 1415 1115 1416 1142 1416 1143 1416 1115 1417 1143 1417 1116 1417 1116 1418 1143 1418 1144 1418 1116 1419 1144 1419 1117 1419 1117 1420 1144 1420 1145 1420 1117 1421 1145 1421 1118 1421 1118 1422 1145 1422 1146 1422 1118 1423 1146 1423 1119 1423 1119 1424 1146 1424 1147 1424 1119 1425 1147 1425 1120 1425 1120 1426 1147 1426 1148 1426 1120 1427 1148 1427 868 1427 868 1428 1148 1428 1149 1428 868 1429 1149 1429 77 1429 77 1430 1149 1430 75 1430 354 1431 353 1431 1121 1431 1121 1432 353 1432 1150 1432 1121 1433 1150 1433 1122 1433 1122 1434 1150 1434 1151 1434 1122 1435 1151 1435 1123 1435 1123 1436 1151 1436 1152 1436 1123 1437 1152 1437 1124 1437 1124 1438 1152 1438 1153 1438 1124 1439 1153 1439 1125 1439 1125 1440 1153 1440 1154 1440 1125 1441 1154 1441 1126 1441 1126 1442 1154 1442 1155 1442 1126 1443 1155 1443 1127 1443 1127 1444 1155 1444 1156 1444 1127 1445 1156 1445 1128 1445 1128 1446 1156 1446 1157 1446 1128 1447 1157 1447 1129 1447 1129 1448 1157 1448 1158 1448 1129 1449 1158 1449 1130 1449 1130 1450 1158 1450 1159 1450 1130 1451 1159 1451 1131 1451 1131 1452 1159 1452 1160 1452 1131 1453 1160 1453 1132 1453 1132 1454 1160 1454 1161 1454 1132 1455 1161 1455 1133 1455 1133 1456 1161 1456 1162 1456 1133 1457 1162 1457 1134 1457 1134 1458 1162 1458 1163 1458 1134 1459 1163 1459 1135 1459 1135 1460 1163 1460 1164 1460 1135 1461 1164 1461 1136 1461 1136 1462 1164 1462 1165 1462 1136 1463 1165 1463 1137 1463 1137 1464 1165 1464 1166 1464 1137 1465 1166 1465 1138 1465 1138 1466 1166 1466 1167 1466 1138 1467 1167 1467 1139 1467 1139 1468 1167 1468 1168 1468 1139 1469 1168 1469 1140 1469 1140 1470 1168 1470 1169 1470 1140 1471 1169 1471 1141 1471 1141 1472 1169 1472 1170 1472 1141 1473 1170 1473 1142 1473 1142 1474 1170 1474 1171 1474 1142 1475 1171 1475 1143 1475 1143 1476 1171 1476 1172 1476 1143 1477 1172 1477 1144 1477 1144 1478 1172 1478 1173 1478 1144 1479 1173 1479 1145 1479 1145 1480 1173 1480 1174 1480 1145 1481 1174 1481 1146 1481 1146 1482 1174 1482 1175 1482 1146 1483 1175 1483 1147 1483 1147 1484 1175 1484 1176 1484 1147 1485 1176 1485 1148 1485 1148 1486 1176 1486 1177 1486 1148 1487 1177 1487 1149 1487 1149 1488 1177 1488 1178 1488 1149 1489 1178 1489 75 1489 75 1490 1178 1490 1179 1490 75 1491 1179 1491 76 1491 76 1492 1179 1492 88 1492 353 1493 362 1493 1150 1493 1150 1494 362 1494 1180 1494 1150 1495 1180 1495 1151 1495 1151 1496 1180 1496 1181 1496 1151 1497 1181 1497 1152 1497 1152 1498 1181 1498 1182 1498 1152 1499 1182 1499 1153 1499 1153 1500 1182 1500 1183 1500 1153 1501 1183 1501 1154 1501 1154 1502 1183 1502 1184 1502 1154 1503 1184 1503 1155 1503 1155 1504 1184 1504 1185 1504 1155 1505 1185 1505 1156 1505 1156 1506 1185 1506 1186 1506 1156 1507 1186 1507 1157 1507 1157 1508 1186 1508 1187 1508 1157 1509 1187 1509 1158 1509 1158 1510 1187 1510 1188 1510 1158 1511 1188 1511 1159 1511 1159 1512 1188 1512 1189 1512 1159 1513 1189 1513 1160 1513 1160 1514 1189 1514 1190 1514 1160 1515 1190 1515 1161 1515 1161 1516 1190 1516 1191 1516 1161 1517 1191 1517 1162 1517 1162 1518 1191 1518 1192 1518 1162 1519 1192 1519 1163 1519 1163 1520 1192 1520 1193 1520 1163 1521 1193 1521 1164 1521 1164 1522 1193 1522 1194 1522 1164 1523 1194 1523 1165 1523 1165 1524 1194 1524 1195 1524 1165 1525 1195 1525 1166 1525 1166 1526 1195 1526 1196 1526 1166 1527 1196 1527 1167 1527 1167 1528 1196 1528 1197 1528 1167 1529 1197 1529 1168 1529 1168 1530 1197 1530 1198 1530 1168 1531 1198 1531 1169 1531 1169 1532 1198 1532 1199 1532 1169 1533 1199 1533 1170 1533 1170 1534 1199 1534 1200 1534 1170 1535 1200 1535 1171 1535 1171 1536 1200 1536 1201 1536 1171 1537 1201 1537 1172 1537 1172 1538 1201 1538 1202 1538 1172 1539 1202 1539 1173 1539 1173 1540 1202 1540 1203 1540 1173 1541 1203 1541 1174 1541 1174 1542 1203 1542 1204 1542 1174 1543 1204 1543 1175 1543 1175 1544 1204 1544 1205 1544 1175 1545 1205 1545 1176 1545 1176 1546 1205 1546 1206 1546 1176 1547 1206 1547 1177 1547 1177 1548 1206 1548 1207 1548 1177 1549 1207 1549 1178 1549 1178 1550 1207 1550 1208 1550 1178 1551 1208 1551 1179 1551 1179 1552 1208 1552 867 1552 1179 1553 867 1553 88 1553 88 1554 867 1554 89 1554 362 1555 361 1555 1180 1555 1180 1556 361 1556 870 1556 1180 1557 870 1557 1181 1557 1181 1558 870 1558 1209 1558 1181 1559 1209 1559 1182 1559 1182 1560 1209 1560 1210 1560 1182 1561 1210 1561 1183 1561 1183 1562 1210 1562 1211 1562 1183 1563 1211 1563 1184 1563 1184 1564 1211 1564 1212 1564 1184 1565 1212 1565 1185 1565 1185 1566 1212 1566 1213 1566 1185 1567 1213 1567 1186 1567 1186 1568 1213 1568 1214 1568 1186 1569 1214 1569 1187 1569 1187 1570 1214 1570 1215 1570 1187 1571 1215 1571 1188 1571 1188 1572 1215 1572 1216 1572 1188 1573 1216 1573 1189 1573 1189 1574 1216 1574 1217 1574 1189 1575 1217 1575 1190 1575 1190 1576 1217 1576 1218 1576 1190 1577 1218 1577 1191 1577 1191 1578 1218 1578 1219 1578 1191 1579 1219 1579 1192 1579 1192 1580 1219 1580 1220 1580 1192 1581 1220 1581 1193 1581 1193 1582 1220 1582 1221 1582 1193 1583 1221 1583 1194 1583 1194 1584 1221 1584 1222 1584 1194 1585 1222 1585 1195 1585 1195 1586 1222 1586 1223 1586 1195 1587 1223 1587 1196 1587 1196 1588 1223 1588 1224 1588 1196 1589 1224 1589 1197 1589 1197 1590 1224 1590 1225 1590 1197 1591 1225 1591 1198 1591 1198 1592 1225 1592 1226 1592 1198 1593 1226 1593 1199 1593 1199 1594 1226 1594 1227 1594 1199 1595 1227 1595 1200 1595 1200 1596 1227 1596 1228 1596 1200 1597 1228 1597 1201 1597 1201 1598 1228 1598 1229 1598 1201 1599 1229 1599 1202 1599 1202 1600 1229 1600 1230 1600 1202 1601 1230 1601 1203 1601 1203 1602 1230 1602 1231 1602 1203 1603 1231 1603 1204 1603 1204 1604 1231 1604 1232 1604 1204 1605 1232 1605 1205 1605 1205 1606 1232 1606 1233 1606 1205 1607 1233 1607 1206 1607 1206 1608 1233 1608 1234 1608 1206 1609 1234 1609 1207 1609 1207 1610 1234 1610 1235 1610 1207 1611 1235 1611 1208 1611 1208 1612 1235 1612 1236 1612 1208 1613 1236 1613 867 1613 867 1614 1236 1614 1237 1614 867 1615 1237 1615 74 1615 74 1616 1237 1616 72 1616 359 1617 358 1617 870 1617 870 1618 358 1618 990 1618 870 1619 990 1619 1209 1619 1209 1620 990 1620 991 1620 1209 1621 991 1621 1210 1621 1210 1622 991 1622 992 1622 1210 1623 992 1623 1211 1623 1211 1624 992 1624 994 1624 1211 1625 994 1625 1212 1625 1212 1626 994 1626 996 1626 1212 1627 996 1627 1213 1627 1213 1628 996 1628 998 1628 1213 1629 998 1629 1214 1629 1214 1630 998 1630 1000 1630 1214 1631 1000 1631 1215 1631 1215 1632 1000 1632 1002 1632 1215 1633 1002 1633 1216 1633 1216 1634 1002 1634 1004 1634 1216 1635 1004 1635 1217 1635 1217 1636 1004 1636 1006 1636 1217 1637 1006 1637 1218 1637 1218 1638 1006 1638 1008 1638 1218 1639 1008 1639 1219 1639 1219 1640 1008 1640 1010 1640 1219 1641 1010 1641 1220 1641 1220 1642 1010 1642 1012 1642 1220 1643 1012 1643 1221 1643 1221 1644 1012 1644 1014 1644 1221 1645 1014 1645 1222 1645 1222 1646 1014 1646 1016 1646 1222 1647 1016 1647 1223 1647 1223 1648 1016 1648 1018 1648 1223 1649 1018 1649 1224 1649 1224 1650 1018 1650 1020 1650 1224 1651 1020 1651 1225 1651 1225 1652 1020 1652 1022 1652 1225 1653 1022 1653 1226 1653 1226 1654 1022 1654 1024 1654 1226 1655 1024 1655 1227 1655 1227 1656 1024 1656 1026 1656 1227 1657 1026 1657 1228 1657 1228 1658 1026 1658 1028 1658 1228 1659 1028 1659 1229 1659 1229 1660 1028 1660 1030 1660 1229 1661 1030 1661 1230 1661 1230 1662 1030 1662 1032 1662 1230 1663 1032 1663 1231 1663 1231 1664 1032 1664 1034 1664 1231 1665 1034 1665 1232 1665 1232 1666 1034 1666 1238 1666 1232 1667 1238 1667 1233 1667 1233 1668 1238 1668 1239 1668 1233 1669 1239 1669 1234 1669 1234 1670 1239 1670 1240 1670 1234 1671 1240 1671 1235 1671 1235 1672 1240 1672 1241 1672 1235 1673 1241 1673 1236 1673 1236 1674 1241 1674 1242 1674 1236 1675 1242 1675 1237 1675 1237 1676 1242 1676 866 1676 1237 1677 866 1677 72 1677 72 1678 866 1678 63 1678 1033 1679 1243 1679 1034 1679 1034 1680 1243 1680 1244 1680 1034 1681 1244 1681 1238 1681 1238 1682 1244 1682 1245 1682 1238 1683 1245 1683 1239 1683 1239 1684 1245 1684 1246 1684 1239 1685 1246 1685 1240 1685 1240 1686 1246 1686 1247 1686 1240 1687 1247 1687 1241 1687 1241 1688 1247 1688 1248 1688 1241 1689 1248 1689 1242 1689 1242 1690 1248 1690 1249 1690 1242 1691 1249 1691 866 1691 866 1692 1249 1692 865 1692 866 1693 865 1693 64 1693 64 1694 865 1694 66 1694 356 1695 360 1695 879 1695 879 1696 360 1696 878 1696 879 1697 878 1697 993 1697 993 1698 878 1698 920 1698 993 1699 920 1699 995 1699 995 1700 920 1700 921 1700 995 1701 921 1701 997 1701 997 1702 921 1702 923 1702 997 1703 923 1703 999 1703 999 1704 923 1704 925 1704 999 1705 925 1705 1001 1705 1001 1706 925 1706 1250 1706 1001 1707 1250 1707 1003 1707 1003 1708 1250 1708 1251 1708 1003 1709 1251 1709 1005 1709 1005 1710 1251 1710 1252 1710 1005 1711 1252 1711 1007 1711 1007 1712 1252 1712 1253 1712 1007 1713 1253 1713 1009 1713 1009 1714 1253 1714 1254 1714 1009 1715 1254 1715 1011 1715 1011 1716 1254 1716 1255 1716 1011 1717 1255 1717 1013 1717 1013 1718 1255 1718 1256 1718 1013 1719 1256 1719 1015 1719 1015 1720 1256 1720 1257 1720 1015 1721 1257 1721 1017 1721 1017 1722 1257 1722 1258 1722 1017 1723 1258 1723 1019 1723 1019 1724 1258 1724 1259 1724 1019 1725 1259 1725 1021 1725 1021 1726 1259 1726 1260 1726 1021 1727 1260 1727 1023 1727 1023 1728 1260 1728 1261 1728 1023 1729 1261 1729 1025 1729 1025 1730 1261 1730 1262 1730 1025 1731 1262 1731 1027 1731 1027 1732 1262 1732 1263 1732 1027 1733 1263 1733 1029 1733 1029 1734 1263 1734 1264 1734 1029 1735 1264 1735 1031 1735 1031 1736 1264 1736 1265 1736 1031 1737 1265 1737 1033 1737 1033 1738 1265 1738 1266 1738 1033 1739 1266 1739 1243 1739 1243 1740 1266 1740 1267 1740 1243 1741 1267 1741 1244 1741 1244 1742 1267 1742 1268 1742 1244 1743 1268 1743 1245 1743 1245 1744 1268 1744 1269 1744 1245 1745 1269 1745 1246 1745 1246 1746 1269 1746 1270 1746 1246 1747 1270 1747 1247 1747 1247 1748 1270 1748 1271 1748 1247 1749 1271 1749 1248 1749 1248 1750 1271 1750 1272 1750 1248 1751 1272 1751 1249 1751 1249 1752 1272 1752 1273 1752 1249 1753 1273 1753 865 1753 865 1754 1273 1754 864 1754 865 1755 864 1755 68 1755 68 1756 864 1756 70 1756 924 1757 1274 1757 925 1757 925 1758 1274 1758 1275 1758 925 1759 1275 1759 1250 1759 1250 1760 1275 1760 1276 1760 1250 1761 1276 1761 1251 1761 1251 1762 1276 1762 1277 1762 1251 1763 1277 1763 1252 1763 1252 1764 1277 1764 1278 1764 1252 1765 1278 1765 1253 1765 1253 1766 1278 1766 1279 1766 1253 1767 1279 1767 1254 1767 1254 1768 1279 1768 1280 1768 1254 1769 1280 1769 1255 1769 1255 1770 1280 1770 1281 1770 1255 1771 1281 1771 1256 1771 1256 1772 1281 1772 1282 1772 1256 1773 1282 1773 1257 1773 1257 1774 1282 1774 1283 1774 1257 1775 1283 1775 1258 1775 1258 1776 1283 1776 1284 1776 1258 1777 1284 1777 1259 1777 1259 1778 1284 1778 1285 1778 1259 1779 1285 1779 1260 1779 1260 1780 1285 1780 1286 1780 1260 1781 1286 1781 1261 1781 1261 1782 1286 1782 1287 1782 1261 1783 1287 1783 1262 1783 1262 1784 1287 1784 1288 1784 1262 1785 1288 1785 1263 1785 1263 1786 1288 1786 1289 1786 1263 1787 1289 1787 1264 1787 1264 1788 1289 1788 1290 1788 1264 1789 1290 1789 1265 1789 1265 1790 1290 1790 1291 1790 1265 1791 1291 1791 1266 1791 1266 1792 1291 1792 1292 1792 1266 1793 1292 1793 1267 1793 1267 1794 1292 1794 1293 1794 1267 1795 1293 1795 1268 1795 1268 1796 1293 1796 1294 1796 1268 1797 1294 1797 1269 1797 1269 1798 1294 1798 1295 1798 1269 1799 1295 1799 1270 1799 1270 1800 1295 1800 1296 1800 1270 1801 1296 1801 1271 1801 1271 1802 1296 1802 1297 1802 1271 1803 1297 1803 1272 1803 1272 1804 1297 1804 1298 1804 1272 1805 1298 1805 1273 1805 1273 1806 1298 1806 1299 1806 1273 1807 1299 1807 864 1807 864 1808 1299 1808 883 1808 864 1809 883 1809 71 1809 71 1810 883 1810 61 1810 368 1811 367 1811 877 1811 877 1812 367 1812 873 1812 877 1813 873 1813 922 1813 922 1814 873 1814 876 1814 922 1815 876 1815 924 1815 924 1816 876 1816 951 1816 924 1817 951 1817 1274 1817 1274 1818 951 1818 953 1818 1274 1819 953 1819 1275 1819 1275 1820 953 1820 955 1820 1275 1821 955 1821 1276 1821 1276 1822 955 1822 957 1822 1276 1823 957 1823 1277 1823 1277 1824 957 1824 959 1824 1277 1825 959 1825 1278 1825 1278 1826 959 1826 961 1826 1278 1827 961 1827 1279 1827 1279 1828 961 1828 963 1828 1279 1829 963 1829 1280 1829 1280 1830 963 1830 965 1830 1280 1831 965 1831 1281 1831 1281 1832 965 1832 967 1832 1281 1833 967 1833 1282 1833 1282 1834 967 1834 969 1834 1282 1835 969 1835 1283 1835 1283 1836 969 1836 971 1836 1283 1837 971 1837 1284 1837 1284 1838 971 1838 973 1838 1284 1839 973 1839 1285 1839 1285 1840 973 1840 975 1840 1285 1841 975 1841 1286 1841 1286 1842 975 1842 977 1842 1286 1843 977 1843 1287 1843 1287 1844 977 1844 979 1844 1287 1845 979 1845 1288 1845 1288 1846 979 1846 981 1846 1288 1847 981 1847 1289 1847 1289 1848 981 1848 1300 1848 1289 1849 1300 1849 1290 1849 1290 1850 1300 1850 1301 1850 1290 1851 1301 1851 1291 1851 1291 1852 1301 1852 1302 1852 1291 1853 1302 1853 1292 1853 1292 1854 1302 1854 1303 1854 1292 1855 1303 1855 1293 1855 1293 1856 1303 1856 1304 1856 1293 1857 1304 1857 1294 1857 1294 1858 1304 1858 1305 1858 1294 1859 1305 1859 1295 1859 1295 1860 1305 1860 1306 1860 1295 1861 1306 1861 1296 1861 1296 1862 1306 1862 1307 1862 1296 1863 1307 1863 1297 1863 1297 1864 1307 1864 1308 1864 1297 1865 1308 1865 1298 1865 1298 1866 1308 1866 1309 1866 1298 1867 1309 1867 1299 1867 1299 1868 1309 1868 1310 1868 1299 1869 1310 1869 883 1869 883 1870 1310 1870 862 1870 883 1871 862 1871 1 1871 1 1872 862 1872 3 1872 237 1873 247 1873 904 1873 904 1874 247 1874 858 1874 904 1875 858 1875 980 1875 980 1876 858 1876 985 1876 980 1877 985 1877 981 1877 981 1878 985 1878 1041 1878 981 1879 1041 1879 1300 1879 1300 1880 1041 1880 1042 1880 1300 1881 1042 1881 1301 1881 1301 1882 1042 1882 1043 1882 1301 1883 1043 1883 1302 1883 1302 1884 1043 1884 1044 1884 1302 1885 1044 1885 1303 1885 1303 1886 1044 1886 1045 1886 1303 1887 1045 1887 1304 1887 1304 1888 1045 1888 1046 1888 1304 1889 1046 1889 1305 1889 1305 1890 1046 1890 1047 1890 1305 1891 1047 1891 1306 1891 1306 1892 1047 1892 1048 1892 1306 1893 1048 1893 1307 1893 1307 1894 1048 1894 1049 1894 1307 1895 1049 1895 1308 1895 1308 1896 1049 1896 1050 1896 1308 1897 1050 1897 1309 1897 1309 1898 1050 1898 1051 1898 1309 1899 1051 1899 1310 1899 1310 1900 1051 1900 861 1900 1310 1901 861 1901 862 1901 862 1902 861 1902 860 1902 862 1903 860 1903 863 1903 863 1904 860 1904 859 1904 1311 1905 825 1905 824 1905 1312 1906 1313 1906 1314 1906 1315 1907 1316 1907 636 1907 657 1908 656 1908 1317 1908 654 1909 652 1909 1318 1909 650 1910 649 1910 1319 1910 660 1911 675 1911 1320 1911 663 1912 673 1912 1321 1912 672 1913 665 1913 1322 1913 463 1914 461 1914 1323 1914 458 1915 1324 1915 459 1915 472 1916 1325 1916 295 1916 471 1917 478 1917 1326 1917 484 1918 483 1918 1327 1918 490 1919 489 1919 1328 1919 1328 1920 489 1920 488 1920 488 1921 487 1921 797 1921 487 1922 494 1922 797 1922 797 1923 494 1923 493 1923 797 1924 493 1924 492 1924 483 1925 482 1925 1327 1925 1327 1926 482 1926 481 1926 1327 1927 481 1927 490 1927 475 1928 1329 1928 476 1928 476 1929 1329 1929 1326 1929 476 1930 1326 1930 477 1930 477 1931 1326 1931 478 1931 1325 1932 472 1932 1330 1932 1331 1933 462 1933 296 1933 1324 1934 458 1934 1332 1934 466 1935 465 1935 1333 1935 664 1936 671 1936 1334 1936 1334 1937 671 1937 670 1937 669 1938 668 1938 1335 1938 647 1939 1336 1939 648 1939 648 1940 1336 1940 634 1940 1337 1941 1338 1941 1339 1941 1339 1942 1338 1942 1340 1942 1339 1943 1340 1943 1341 1943 488 1944 797 1944 1328 1944 1328 1945 797 1945 796 1945 1328 1946 796 1946 1342 1946 1342 1947 796 1947 795 1947 1342 1948 795 1948 1343 1948 1343 1949 795 1949 789 1949 1343 1950 789 1950 1344 1950 1344 1951 789 1951 791 1951 1344 1952 791 1952 1345 1952 1345 1953 791 1953 793 1953 1345 1954 793 1954 1346 1954 793 1955 794 1955 1346 1955 1346 1956 794 1956 809 1956 1346 1957 809 1957 1347 1957 1348 1958 714 1958 722 1958 809 1959 808 1959 1347 1959 1347 1960 808 1960 806 1960 1347 1961 806 1961 1349 1961 1349 1962 806 1962 835 1962 1349 1963 835 1963 1350 1963 1350 1964 835 1964 834 1964 1350 1965 834 1965 1351 1965 1351 1966 834 1966 832 1966 1351 1967 832 1967 1352 1967 1352 1968 832 1968 831 1968 1352 1969 831 1969 1353 1969 831 1970 830 1970 1353 1970 1353 1971 830 1971 829 1971 1353 1972 829 1972 1354 1972 829 1973 827 1973 1354 1973 1354 1974 827 1974 826 1974 1354 1975 826 1975 1355 1975 1355 1976 826 1976 813 1976 1355 1977 813 1977 1356 1977 1356 1978 813 1978 815 1978 1356 1979 815 1979 1357 1979 1358 1980 818 1980 1359 1980 1359 1981 818 1981 817 1981 1359 1982 817 1982 1360 1982 1360 1983 817 1983 811 1983 1360 1984 811 1984 1361 1984 1361 1985 811 1985 803 1985 1361 1986 803 1986 1362 1986 1362 1987 803 1987 800 1987 1362 1988 800 1988 1363 1988 1363 1989 800 1989 799 1989 1363 1990 799 1990 1364 1990 1364 1991 799 1991 1365 1991 1364 1992 1365 1992 1337 1992 1337 1993 1365 1993 1366 1993 1337 1994 1366 1994 1338 1994 1367 1995 1333 1995 1368 1995 1368 1996 1333 1996 465 1996 1368 1997 465 1997 453 1997 734 1998 1369 1998 729 1998 729 1999 1369 1999 1370 1999 729 2000 1370 2000 730 2000 730 2001 1370 2001 1371 2001 730 2002 1371 2002 731 2002 731 2003 1371 2003 1372 2003 731 2004 1372 2004 727 2004 296 2005 295 2005 1331 2005 1331 2006 295 2006 1325 2006 1331 2007 1325 2007 1373 2007 1373 2008 1325 2008 1330 2008 1373 2009 1330 2009 1374 2009 1374 2010 1330 2010 1375 2010 1374 2011 1375 2011 1376 2011 1376 2012 1375 2012 1377 2012 1376 2013 1377 2013 1378 2013 467 2014 466 2014 734 2014 734 2015 466 2015 1333 2015 734 2016 1333 2016 1369 2016 1369 2017 1333 2017 1367 2017 1369 2018 1367 2018 1370 2018 1370 2019 1367 2019 1379 2019 1370 2020 1379 2020 1371 2020 1371 2021 1379 2021 1380 2021 1371 2022 1380 2022 1372 2022 1372 2023 1380 2023 1381 2023 1372 2024 1381 2024 1382 2024 1382 2025 1381 2025 1383 2025 1382 2026 1383 2026 1384 2026 1384 2027 1383 2027 1385 2027 1384 2028 1385 2028 1386 2028 1387 2029 718 2029 723 2029 718 2030 1387 2030 719 2030 719 2031 1387 2031 1388 2031 719 2032 1388 2032 721 2032 727 2033 1372 2033 728 2033 728 2034 1372 2034 1382 2034 728 2035 1382 2035 723 2035 723 2036 1382 2036 1384 2036 723 2037 1384 2037 1387 2037 1387 2038 1384 2038 1386 2038 1387 2039 1386 2039 1388 2039 1388 2040 1386 2040 1389 2040 1388 2041 1389 2041 1390 2041 1390 2042 1389 2042 1391 2042 1390 2043 1391 2043 1392 2043 721 2044 1388 2044 722 2044 722 2045 1388 2045 1390 2045 722 2046 1390 2046 1348 2046 1348 2047 1390 2047 1392 2047 1348 2048 1392 2048 1393 2048 714 2049 1348 2049 1394 2049 1394 2050 1348 2050 1393 2050 1394 2051 1393 2051 1395 2051 1395 2052 1393 2052 1396 2052 1395 2053 1396 2053 1397 2053 1397 2054 711 2054 1395 2054 1395 2055 711 2055 717 2055 1395 2056 717 2056 1394 2056 1394 2057 717 2057 716 2057 1394 2058 716 2058 714 2058 1398 2059 709 2059 1397 2059 1397 2060 709 2060 712 2060 1397 2061 712 2061 711 2061 1396 2062 1399 2062 1397 2062 1397 2063 1399 2063 1400 2063 1397 2064 1400 2064 1398 2064 1398 2065 1400 2065 1401 2065 1402 2066 704 2066 1403 2066 1403 2067 704 2067 705 2067 1403 2068 705 2068 707 2068 475 2069 484 2069 1329 2069 1329 2070 484 2070 1327 2070 1329 2071 1327 2071 1404 2071 1404 2072 1327 2072 1405 2072 1404 2073 1405 2073 1406 2073 1406 2074 1405 2074 1407 2074 1406 2075 1407 2075 1408 2075 1408 2076 1407 2076 1409 2076 1408 2077 1409 2077 1410 2077 1410 2078 1409 2078 1411 2078 1410 2079 1411 2079 1412 2079 1412 2080 1411 2080 1413 2080 1412 2081 1413 2081 1414 2081 1414 2082 1413 2082 1415 2082 1414 2083 1415 2083 1416 2083 1416 2084 1415 2084 1417 2084 1416 2085 1417 2085 1418 2085 1418 2086 1417 2086 1419 2086 1418 2087 1419 2087 1420 2087 1420 2088 1419 2088 1421 2088 1420 2089 1421 2089 1422 2089 1422 2090 1421 2090 1423 2090 1422 2091 1423 2091 1424 2091 1424 2092 1423 2092 1425 2092 1424 2093 1425 2093 1426 2093 1426 2094 1425 2094 1427 2094 1426 2095 1427 2095 1428 2095 1428 2096 1427 2096 1429 2096 1428 2097 1429 2097 1430 2097 1430 2098 1429 2098 1431 2098 1430 2099 1431 2099 1432 2099 1432 2100 1431 2100 1433 2100 1432 2101 1433 2101 1434 2101 490 2102 1328 2102 1327 2102 1327 2103 1328 2103 1342 2103 1327 2104 1342 2104 1405 2104 1405 2105 1342 2105 1343 2105 1405 2106 1343 2106 1407 2106 1407 2107 1343 2107 1344 2107 1407 2108 1344 2108 1409 2108 1409 2109 1344 2109 1345 2109 1409 2110 1345 2110 1411 2110 1411 2111 1345 2111 1346 2111 1411 2112 1346 2112 1413 2112 1413 2113 1346 2113 1347 2113 1413 2114 1347 2114 1415 2114 1415 2115 1347 2115 1349 2115 1415 2116 1349 2116 1417 2116 1417 2117 1349 2117 1350 2117 1417 2118 1350 2118 1419 2118 1419 2119 1350 2119 1351 2119 1419 2120 1351 2120 1421 2120 1421 2121 1351 2121 1352 2121 1421 2122 1352 2122 1423 2122 1423 2123 1352 2123 1353 2123 1423 2124 1353 2124 1425 2124 1425 2125 1353 2125 1354 2125 1425 2126 1354 2126 1427 2126 1427 2127 1354 2127 1355 2127 1427 2128 1355 2128 1429 2128 1429 2129 1355 2129 1356 2129 1429 2130 1356 2130 1431 2130 1431 2131 1356 2131 1357 2131 1431 2132 1357 2132 1433 2132 1435 2133 698 2133 1436 2133 1436 2134 698 2134 699 2134 1436 2135 699 2135 1437 2135 1437 2136 699 2136 701 2136 1437 2137 701 2137 1402 2137 1402 2138 701 2138 702 2138 1402 2139 702 2139 704 2139 1438 2140 1311 2140 1439 2140 1439 2141 1311 2141 824 2141 1439 2142 824 2142 1440 2142 1440 2143 824 2143 822 2143 1440 2144 822 2144 1358 2144 1358 2145 822 2145 820 2145 1358 2146 820 2146 818 2146 1441 2147 695 2147 1435 2147 1435 2148 695 2148 696 2148 1435 2149 696 2149 698 2149 1442 2150 692 2150 1441 2150 1441 2151 692 2151 693 2151 1441 2152 693 2152 695 2152 460 2153 459 2153 1443 2153 1443 2154 459 2154 1324 2154 1443 2155 1324 2155 1444 2155 1444 2156 1324 2156 1332 2156 1444 2157 1332 2157 1445 2157 1445 2158 1332 2158 1446 2158 1445 2159 1446 2159 1447 2159 1447 2160 1446 2160 1448 2160 1447 2161 1448 2161 1449 2161 1449 2162 1448 2162 1450 2162 1449 2163 1450 2163 1451 2163 1451 2164 1450 2164 1452 2164 1451 2165 1452 2165 1453 2165 1453 2166 1452 2166 1454 2166 1453 2167 1454 2167 1455 2167 1455 2168 1454 2168 1456 2168 1455 2169 1456 2169 1457 2169 1457 2170 1456 2170 1458 2170 1457 2171 1458 2171 1459 2171 1459 2172 1458 2172 1460 2172 1459 2173 1460 2173 1461 2173 1461 2174 1460 2174 1462 2174 1461 2175 1462 2175 1463 2175 1463 2176 1462 2176 1464 2176 1463 2177 1464 2177 1465 2177 1465 2178 1464 2178 1466 2178 1465 2179 1466 2179 1467 2179 1467 2180 1466 2180 1468 2180 1467 2181 1468 2181 1469 2181 1469 2182 1468 2182 1470 2182 1469 2183 1470 2183 1471 2183 1471 2184 1470 2184 1472 2184 1471 2185 1472 2185 1473 2185 1473 2186 1472 2186 1474 2186 1473 2187 1474 2187 1475 2187 1475 2188 1474 2188 1476 2188 1475 2189 1476 2189 1477 2189 1477 2190 1476 2190 1478 2190 1477 2191 1478 2191 1479 2191 1479 2192 1478 2192 1480 2192 1479 2193 1480 2193 1481 2193 1481 2194 1480 2194 1482 2194 1481 2195 1482 2195 1483 2195 1483 2196 1482 2196 1484 2196 1483 2197 1484 2197 1485 2197 1485 2198 1484 2198 1486 2198 1485 2199 1486 2199 1487 2199 1488 2200 682 2200 1489 2200 1489 2201 682 2201 684 2201 1489 2202 684 2202 1490 2202 1490 2203 684 2203 686 2203 1490 2204 686 2204 1491 2204 1491 2205 686 2205 687 2205 1491 2206 687 2206 1492 2206 1492 2207 687 2207 689 2207 1492 2208 689 2208 1442 2208 1442 2209 689 2209 690 2209 1442 2210 690 2210 692 2210 1493 2211 677 2211 1488 2211 1488 2212 677 2212 676 2212 1488 2213 676 2213 682 2213 1438 2214 1439 2214 1494 2214 1494 2215 1439 2215 1440 2215 1494 2216 1440 2216 1495 2216 1495 2217 1440 2217 1358 2217 1495 2218 1358 2218 1496 2218 1496 2219 1358 2219 1359 2219 1496 2220 1359 2220 1497 2220 1497 2221 1359 2221 1360 2221 1497 2222 1360 2222 1498 2222 1498 2223 1360 2223 1361 2223 1498 2224 1361 2224 1499 2224 1499 2225 1361 2225 1362 2225 1499 2226 1362 2226 1500 2226 1500 2227 1362 2227 1363 2227 1500 2228 1363 2228 1501 2228 1501 2229 1363 2229 1364 2229 1501 2230 1364 2230 1502 2230 1502 2231 1364 2231 1337 2231 1502 2232 1337 2232 1503 2232 1503 2233 1337 2233 1339 2233 1503 2234 1339 2234 1504 2234 1504 2235 1339 2235 1341 2235 1504 2236 1341 2236 1314 2236 1314 2237 1341 2237 1505 2237 1314 2238 1505 2238 1312 2238 668 2239 667 2239 1335 2239 1335 2240 667 2240 679 2240 1335 2241 679 2241 1493 2241 1493 2242 679 2242 681 2242 1493 2243 681 2243 677 2243 670 2244 669 2244 1334 2244 1334 2245 669 2245 1335 2245 1334 2246 1335 2246 1506 2246 1506 2247 1335 2247 1493 2247 1506 2248 1493 2248 1507 2248 1507 2249 1493 2249 1488 2249 1507 2250 1488 2250 1508 2250 1508 2251 1488 2251 1489 2251 1508 2252 1489 2252 1509 2252 1509 2253 1489 2253 1490 2253 1509 2254 1490 2254 1510 2254 1510 2255 1490 2255 1491 2255 1510 2256 1491 2256 1511 2256 1511 2257 1491 2257 1492 2257 1511 2258 1492 2258 1512 2258 1512 2259 1492 2259 1442 2259 1512 2260 1442 2260 1513 2260 1513 2261 1442 2261 1441 2261 1513 2262 1441 2262 1514 2262 1514 2263 1441 2263 1435 2263 1514 2264 1435 2264 1515 2264 1515 2265 1435 2265 1436 2265 1515 2266 1436 2266 1516 2266 1516 2267 1436 2267 1437 2267 1516 2268 1437 2268 1517 2268 1517 2269 1437 2269 1402 2269 1517 2270 1402 2270 1401 2270 1401 2271 1402 2271 1403 2271 1401 2272 1403 2272 1398 2272 1398 2273 1403 2273 707 2273 1398 2274 707 2274 709 2274 453 2275 452 2275 1368 2275 1368 2276 452 2276 1518 2276 1368 2277 1518 2277 1367 2277 1367 2278 1518 2278 1519 2278 1367 2279 1519 2279 1379 2279 1379 2280 1519 2280 1520 2280 1379 2281 1520 2281 1380 2281 1380 2282 1520 2282 1521 2282 1380 2283 1521 2283 1381 2283 1381 2284 1521 2284 1522 2284 1381 2285 1522 2285 1383 2285 1383 2286 1522 2286 1523 2286 1383 2287 1523 2287 1385 2287 1385 2288 1523 2288 1524 2288 1385 2289 1524 2289 1386 2289 1386 2290 1524 2290 1525 2290 1386 2291 1525 2291 1389 2291 1389 2292 1525 2292 1526 2292 1389 2293 1526 2293 1391 2293 1391 2294 1526 2294 1527 2294 1391 2295 1527 2295 1392 2295 1392 2296 1527 2296 1528 2296 1392 2297 1528 2297 1393 2297 1393 2298 1528 2298 1529 2298 1393 2299 1529 2299 1396 2299 1396 2300 1529 2300 1530 2300 1396 2301 1530 2301 1399 2301 1399 2302 1530 2302 1531 2302 1399 2303 1531 2303 1400 2303 1400 2304 1531 2304 1532 2304 1400 2305 1532 2305 1401 2305 1401 2306 1532 2306 1533 2306 1401 2307 1533 2307 1517 2307 1517 2308 1533 2308 1534 2308 1517 2309 1534 2309 1516 2309 1516 2310 1534 2310 1535 2310 1516 2311 1535 2311 1515 2311 1515 2312 1535 2312 1536 2312 1515 2313 1536 2313 1514 2313 1514 2314 1536 2314 1537 2314 1514 2315 1537 2315 1513 2315 1513 2316 1537 2316 1538 2316 1513 2317 1538 2317 1512 2317 1512 2318 1538 2318 1539 2318 1512 2319 1539 2319 1511 2319 1511 2320 1539 2320 1540 2320 1511 2321 1540 2321 1510 2321 1510 2322 1540 2322 1541 2322 1510 2323 1541 2323 1509 2323 1509 2324 1541 2324 1542 2324 1509 2325 1542 2325 1508 2325 1508 2326 1542 2326 1543 2326 1508 2327 1543 2327 1507 2327 1507 2328 1543 2328 1544 2328 1507 2329 1544 2329 1506 2329 1506 2330 1544 2330 1545 2330 1506 2331 1545 2331 1334 2331 1334 2332 1545 2332 1322 2332 1334 2333 1322 2333 664 2333 664 2334 1322 2334 665 2334 452 2335 457 2335 1518 2335 1518 2336 457 2336 1546 2336 1518 2337 1546 2337 1519 2337 1519 2338 1546 2338 1547 2338 1519 2339 1547 2339 1520 2339 1520 2340 1547 2340 1548 2340 1520 2341 1548 2341 1521 2341 1521 2342 1548 2342 1549 2342 1521 2343 1549 2343 1522 2343 1522 2344 1549 2344 1550 2344 1522 2345 1550 2345 1523 2345 1523 2346 1550 2346 1551 2346 1523 2347 1551 2347 1524 2347 1524 2348 1551 2348 1552 2348 1524 2349 1552 2349 1525 2349 1525 2350 1552 2350 1553 2350 1525 2351 1553 2351 1526 2351 1526 2352 1553 2352 1554 2352 1526 2353 1554 2353 1527 2353 1527 2354 1554 2354 1555 2354 1527 2355 1555 2355 1528 2355 1528 2356 1555 2356 1556 2356 1528 2357 1556 2357 1529 2357 1529 2358 1556 2358 1557 2358 1529 2359 1557 2359 1530 2359 1530 2360 1557 2360 1558 2360 1530 2361 1558 2361 1531 2361 1531 2362 1558 2362 1559 2362 1531 2363 1559 2363 1532 2363 1532 2364 1559 2364 1560 2364 1532 2365 1560 2365 1533 2365 1533 2366 1560 2366 1561 2366 1533 2367 1561 2367 1534 2367 1534 2368 1561 2368 1562 2368 1534 2369 1562 2369 1535 2369 1535 2370 1562 2370 1563 2370 1535 2371 1563 2371 1536 2371 1536 2372 1563 2372 1564 2372 1536 2373 1564 2373 1537 2373 1537 2374 1564 2374 1565 2374 1537 2375 1565 2375 1538 2375 1538 2376 1565 2376 1566 2376 1538 2377 1566 2377 1539 2377 1539 2378 1566 2378 1567 2378 1539 2379 1567 2379 1540 2379 1540 2380 1567 2380 1568 2380 1540 2381 1568 2381 1541 2381 1541 2382 1568 2382 1569 2382 1541 2383 1569 2383 1542 2383 1542 2384 1569 2384 1570 2384 1542 2385 1570 2385 1543 2385 1543 2386 1570 2386 1571 2386 1543 2387 1571 2387 1544 2387 1544 2388 1571 2388 1572 2388 1544 2389 1572 2389 1545 2389 1545 2390 1572 2390 1573 2390 1545 2391 1573 2391 1322 2391 1322 2392 1573 2392 1321 2392 1322 2393 1321 2393 672 2393 672 2394 1321 2394 673 2394 457 2395 456 2395 1546 2395 1546 2396 456 2396 1574 2396 1546 2397 1574 2397 1547 2397 1547 2398 1574 2398 1575 2398 1547 2399 1575 2399 1548 2399 1548 2400 1575 2400 1576 2400 1548 2401 1576 2401 1549 2401 1549 2402 1576 2402 1577 2402 1549 2403 1577 2403 1550 2403 1550 2404 1577 2404 1578 2404 1550 2405 1578 2405 1551 2405 1551 2406 1578 2406 1579 2406 1551 2407 1579 2407 1552 2407 1552 2408 1579 2408 1580 2408 1552 2409 1580 2409 1553 2409 1553 2410 1580 2410 1581 2410 1553 2411 1581 2411 1554 2411 1554 2412 1581 2412 1582 2412 1554 2413 1582 2413 1555 2413 1555 2414 1582 2414 1583 2414 1555 2415 1583 2415 1556 2415 1556 2416 1583 2416 1584 2416 1556 2417 1584 2417 1557 2417 1557 2418 1584 2418 1585 2418 1557 2419 1585 2419 1558 2419 1558 2420 1585 2420 1586 2420 1558 2421 1586 2421 1559 2421 1559 2422 1586 2422 1587 2422 1559 2423 1587 2423 1560 2423 1560 2424 1587 2424 1588 2424 1560 2425 1588 2425 1561 2425 1561 2426 1588 2426 1589 2426 1561 2427 1589 2427 1562 2427 1562 2428 1589 2428 1590 2428 1562 2429 1590 2429 1563 2429 1563 2430 1590 2430 1591 2430 1563 2431 1591 2431 1564 2431 1564 2432 1591 2432 1592 2432 1564 2433 1592 2433 1565 2433 1565 2434 1592 2434 1593 2434 1565 2435 1593 2435 1566 2435 1566 2436 1593 2436 1594 2436 1566 2437 1594 2437 1567 2437 1567 2438 1594 2438 1595 2438 1567 2439 1595 2439 1568 2439 1568 2440 1595 2440 1596 2440 1568 2441 1596 2441 1569 2441 1569 2442 1596 2442 1597 2442 1569 2443 1597 2443 1570 2443 1570 2444 1597 2444 1598 2444 1570 2445 1598 2445 1571 2445 1571 2446 1598 2446 1599 2446 1571 2447 1599 2447 1572 2447 1572 2448 1599 2448 1600 2448 1572 2449 1600 2449 1573 2449 1573 2450 1600 2450 1601 2450 1573 2451 1601 2451 1321 2451 1321 2452 1601 2452 1602 2452 1321 2453 1602 2453 663 2453 663 2454 1602 2454 661 2454 456 2455 455 2455 1574 2455 1574 2456 455 2456 1603 2456 1574 2457 1603 2457 1575 2457 1575 2458 1603 2458 1604 2458 1575 2459 1604 2459 1576 2459 1576 2460 1604 2460 1605 2460 1576 2461 1605 2461 1577 2461 1577 2462 1605 2462 1606 2462 1577 2463 1606 2463 1578 2463 1578 2464 1606 2464 1607 2464 1578 2465 1607 2465 1579 2465 1579 2466 1607 2466 1608 2466 1579 2467 1608 2467 1580 2467 1580 2468 1608 2468 1609 2468 1580 2469 1609 2469 1581 2469 1581 2470 1609 2470 1610 2470 1581 2471 1610 2471 1582 2471 1582 2472 1610 2472 1611 2472 1582 2473 1611 2473 1583 2473 1583 2474 1611 2474 1612 2474 1583 2475 1612 2475 1584 2475 1584 2476 1612 2476 1613 2476 1584 2477 1613 2477 1585 2477 1585 2478 1613 2478 1614 2478 1585 2479 1614 2479 1586 2479 1586 2480 1614 2480 1615 2480 1586 2481 1615 2481 1587 2481 1587 2482 1615 2482 1616 2482 1587 2483 1616 2483 1588 2483 1588 2484 1616 2484 1617 2484 1588 2485 1617 2485 1589 2485 1589 2486 1617 2486 1618 2486 1589 2487 1618 2487 1590 2487 1590 2488 1618 2488 1619 2488 1590 2489 1619 2489 1591 2489 1591 2490 1619 2490 1620 2490 1591 2491 1620 2491 1592 2491 1592 2492 1620 2492 1621 2492 1592 2493 1621 2493 1593 2493 1593 2494 1621 2494 1622 2494 1593 2495 1622 2495 1594 2495 1594 2496 1622 2496 1623 2496 1594 2497 1623 2497 1595 2497 1595 2498 1623 2498 1624 2498 1595 2499 1624 2499 1596 2499 1596 2500 1624 2500 1625 2500 1596 2501 1625 2501 1597 2501 1597 2502 1625 2502 1626 2502 1597 2503 1626 2503 1598 2503 1598 2504 1626 2504 1627 2504 1598 2505 1627 2505 1599 2505 1599 2506 1627 2506 1628 2506 1599 2507 1628 2507 1600 2507 1600 2508 1628 2508 1629 2508 1600 2509 1629 2509 1601 2509 1601 2510 1629 2510 1630 2510 1601 2511 1630 2511 1602 2511 1602 2512 1630 2512 1631 2512 1602 2513 1631 2513 661 2513 661 2514 1631 2514 1632 2514 661 2515 1632 2515 662 2515 662 2516 1632 2516 674 2516 455 2517 464 2517 1603 2517 1603 2518 464 2518 1633 2518 1603 2519 1633 2519 1604 2519 1604 2520 1633 2520 1634 2520 1604 2521 1634 2521 1605 2521 1605 2522 1634 2522 1635 2522 1605 2523 1635 2523 1606 2523 1606 2524 1635 2524 1636 2524 1606 2525 1636 2525 1607 2525 1607 2526 1636 2526 1637 2526 1607 2527 1637 2527 1608 2527 1608 2528 1637 2528 1638 2528 1608 2529 1638 2529 1609 2529 1609 2530 1638 2530 1639 2530 1609 2531 1639 2531 1610 2531 1610 2532 1639 2532 1640 2532 1610 2533 1640 2533 1611 2533 1611 2534 1640 2534 1641 2534 1611 2535 1641 2535 1612 2535 1612 2536 1641 2536 1642 2536 1612 2537 1642 2537 1613 2537 1613 2538 1642 2538 1643 2538 1613 2539 1643 2539 1614 2539 1614 2540 1643 2540 1644 2540 1614 2541 1644 2541 1615 2541 1615 2542 1644 2542 1645 2542 1615 2543 1645 2543 1616 2543 1616 2544 1645 2544 1646 2544 1616 2545 1646 2545 1617 2545 1617 2546 1646 2546 1647 2546 1617 2547 1647 2547 1618 2547 1618 2548 1647 2548 1648 2548 1618 2549 1648 2549 1619 2549 1619 2550 1648 2550 1649 2550 1619 2551 1649 2551 1620 2551 1620 2552 1649 2552 1650 2552 1620 2553 1650 2553 1621 2553 1621 2554 1650 2554 1651 2554 1621 2555 1651 2555 1622 2555 1622 2556 1651 2556 1652 2556 1622 2557 1652 2557 1623 2557 1623 2558 1652 2558 1653 2558 1623 2559 1653 2559 1624 2559 1624 2560 1653 2560 1654 2560 1624 2561 1654 2561 1625 2561 1625 2562 1654 2562 1655 2562 1625 2563 1655 2563 1626 2563 1626 2564 1655 2564 1656 2564 1626 2565 1656 2565 1627 2565 1627 2566 1656 2566 1657 2566 1627 2567 1657 2567 1628 2567 1628 2568 1657 2568 1658 2568 1628 2569 1658 2569 1629 2569 1629 2570 1658 2570 1659 2570 1629 2571 1659 2571 1630 2571 1630 2572 1659 2572 1660 2572 1630 2573 1660 2573 1631 2573 1631 2574 1660 2574 1661 2574 1631 2575 1661 2575 1632 2575 1632 2576 1661 2576 1320 2576 1632 2577 1320 2577 674 2577 674 2578 1320 2578 675 2578 464 2579 463 2579 1633 2579 1633 2580 463 2580 1323 2580 1633 2581 1323 2581 1634 2581 1634 2582 1323 2582 1662 2582 1634 2583 1662 2583 1635 2583 1635 2584 1662 2584 1663 2584 1635 2585 1663 2585 1636 2585 1636 2586 1663 2586 1664 2586 1636 2587 1664 2587 1637 2587 1637 2588 1664 2588 1665 2588 1637 2589 1665 2589 1638 2589 1638 2590 1665 2590 1666 2590 1638 2591 1666 2591 1639 2591 1639 2592 1666 2592 1667 2592 1639 2593 1667 2593 1640 2593 1640 2594 1667 2594 1668 2594 1640 2595 1668 2595 1641 2595 1641 2596 1668 2596 1669 2596 1641 2597 1669 2597 1642 2597 1642 2598 1669 2598 1670 2598 1642 2599 1670 2599 1643 2599 1643 2600 1670 2600 1671 2600 1643 2601 1671 2601 1644 2601 1644 2602 1671 2602 1672 2602 1644 2603 1672 2603 1645 2603 1645 2604 1672 2604 1673 2604 1645 2605 1673 2605 1646 2605 1646 2606 1673 2606 1674 2606 1646 2607 1674 2607 1647 2607 1647 2608 1674 2608 1675 2608 1647 2609 1675 2609 1648 2609 1648 2610 1675 2610 1676 2610 1648 2611 1676 2611 1649 2611 1649 2612 1676 2612 1677 2612 1649 2613 1677 2613 1650 2613 1650 2614 1677 2614 1678 2614 1650 2615 1678 2615 1651 2615 1651 2616 1678 2616 1679 2616 1651 2617 1679 2617 1652 2617 1652 2618 1679 2618 1680 2618 1652 2619 1680 2619 1653 2619 1653 2620 1680 2620 1681 2620 1653 2621 1681 2621 1654 2621 1654 2622 1681 2622 1682 2622 1654 2623 1682 2623 1655 2623 1655 2624 1682 2624 1683 2624 1655 2625 1683 2625 1656 2625 1656 2626 1683 2626 1684 2626 1656 2627 1684 2627 1657 2627 1657 2628 1684 2628 1685 2628 1657 2629 1685 2629 1658 2629 1658 2630 1685 2630 1686 2630 1658 2631 1686 2631 1659 2631 1659 2632 1686 2632 1687 2632 1659 2633 1687 2633 1660 2633 1660 2634 1687 2634 1688 2634 1660 2635 1688 2635 1661 2635 1661 2636 1688 2636 1689 2636 1661 2637 1689 2637 1320 2637 1320 2638 1689 2638 1690 2638 1320 2639 1690 2639 660 2639 660 2640 1690 2640 658 2640 461 2641 460 2641 1323 2641 1323 2642 460 2642 1443 2642 1323 2643 1443 2643 1662 2643 1662 2644 1443 2644 1444 2644 1662 2645 1444 2645 1663 2645 1663 2646 1444 2646 1445 2646 1663 2647 1445 2647 1664 2647 1664 2648 1445 2648 1447 2648 1664 2649 1447 2649 1665 2649 1665 2650 1447 2650 1449 2650 1665 2651 1449 2651 1666 2651 1666 2652 1449 2652 1451 2652 1666 2653 1451 2653 1667 2653 1667 2654 1451 2654 1453 2654 1667 2655 1453 2655 1668 2655 1668 2656 1453 2656 1455 2656 1668 2657 1455 2657 1669 2657 1669 2658 1455 2658 1457 2658 1669 2659 1457 2659 1670 2659 1670 2660 1457 2660 1459 2660 1670 2661 1459 2661 1671 2661 1671 2662 1459 2662 1461 2662 1671 2663 1461 2663 1672 2663 1672 2664 1461 2664 1463 2664 1672 2665 1463 2665 1673 2665 1673 2666 1463 2666 1465 2666 1673 2667 1465 2667 1674 2667 1674 2668 1465 2668 1467 2668 1674 2669 1467 2669 1675 2669 1675 2670 1467 2670 1469 2670 1675 2671 1469 2671 1676 2671 1676 2672 1469 2672 1471 2672 1676 2673 1471 2673 1677 2673 1677 2674 1471 2674 1473 2674 1677 2675 1473 2675 1678 2675 1678 2676 1473 2676 1475 2676 1678 2677 1475 2677 1679 2677 1679 2678 1475 2678 1477 2678 1679 2679 1477 2679 1680 2679 1680 2680 1477 2680 1479 2680 1680 2681 1479 2681 1681 2681 1681 2682 1479 2682 1481 2682 1681 2683 1481 2683 1682 2683 1682 2684 1481 2684 1483 2684 1682 2685 1483 2685 1683 2685 1683 2686 1483 2686 1485 2686 1683 2687 1485 2687 1684 2687 1684 2688 1485 2688 1487 2688 1684 2689 1487 2689 1685 2689 1685 2690 1487 2690 1691 2690 1685 2691 1691 2691 1686 2691 1686 2692 1691 2692 1692 2692 1686 2693 1692 2693 1687 2693 1687 2694 1692 2694 1693 2694 1687 2695 1693 2695 1688 2695 1688 2696 1693 2696 1694 2696 1688 2697 1694 2697 1689 2697 1689 2698 1694 2698 1695 2698 1689 2699 1695 2699 1690 2699 1690 2700 1695 2700 1319 2700 1690 2701 1319 2701 658 2701 658 2702 1319 2702 649 2702 1486 2703 1696 2703 1487 2703 1487 2704 1696 2704 1697 2704 1487 2705 1697 2705 1691 2705 1691 2706 1697 2706 1698 2706 1691 2707 1698 2707 1692 2707 1692 2708 1698 2708 1699 2708 1692 2709 1699 2709 1693 2709 1693 2710 1699 2710 1700 2710 1693 2711 1700 2711 1694 2711 1694 2712 1700 2712 1701 2712 1694 2713 1701 2713 1695 2713 1695 2714 1701 2714 1702 2714 1695 2715 1702 2715 1319 2715 1319 2716 1702 2716 1318 2716 1319 2717 1318 2717 650 2717 650 2718 1318 2718 652 2718 458 2719 462 2719 1332 2719 1332 2720 462 2720 1331 2720 1332 2721 1331 2721 1446 2721 1446 2722 1331 2722 1373 2722 1446 2723 1373 2723 1448 2723 1448 2724 1373 2724 1374 2724 1448 2725 1374 2725 1450 2725 1450 2726 1374 2726 1376 2726 1450 2727 1376 2727 1452 2727 1452 2728 1376 2728 1378 2728 1452 2729 1378 2729 1454 2729 1454 2730 1378 2730 1703 2730 1454 2731 1703 2731 1456 2731 1456 2732 1703 2732 1704 2732 1456 2733 1704 2733 1458 2733 1458 2734 1704 2734 1705 2734 1458 2735 1705 2735 1460 2735 1460 2736 1705 2736 1706 2736 1460 2737 1706 2737 1462 2737 1462 2738 1706 2738 1707 2738 1462 2739 1707 2739 1464 2739 1464 2740 1707 2740 1708 2740 1464 2741 1708 2741 1466 2741 1466 2742 1708 2742 1709 2742 1466 2743 1709 2743 1468 2743 1468 2744 1709 2744 1710 2744 1468 2745 1710 2745 1470 2745 1470 2746 1710 2746 1711 2746 1470 2747 1711 2747 1472 2747 1472 2748 1711 2748 1712 2748 1472 2749 1712 2749 1474 2749 1474 2750 1712 2750 1713 2750 1474 2751 1713 2751 1476 2751 1476 2752 1713 2752 1714 2752 1476 2753 1714 2753 1478 2753 1478 2754 1714 2754 1715 2754 1478 2755 1715 2755 1480 2755 1480 2756 1715 2756 1716 2756 1480 2757 1716 2757 1482 2757 1482 2758 1716 2758 1717 2758 1482 2759 1717 2759 1484 2759 1484 2760 1717 2760 1718 2760 1484 2761 1718 2761 1486 2761 1486 2762 1718 2762 1719 2762 1486 2763 1719 2763 1696 2763 1696 2764 1719 2764 1720 2764 1696 2765 1720 2765 1697 2765 1697 2766 1720 2766 1721 2766 1697 2767 1721 2767 1698 2767 1698 2768 1721 2768 1722 2768 1698 2769 1722 2769 1699 2769 1699 2770 1722 2770 1723 2770 1699 2771 1723 2771 1700 2771 1700 2772 1723 2772 1724 2772 1700 2773 1724 2773 1701 2773 1701 2774 1724 2774 1725 2774 1701 2775 1725 2775 1702 2775 1702 2776 1725 2776 1726 2776 1702 2777 1726 2777 1318 2777 1318 2778 1726 2778 1317 2778 1318 2779 1317 2779 654 2779 654 2780 1317 2780 656 2780 1377 2781 1727 2781 1378 2781 1378 2782 1727 2782 1728 2782 1378 2783 1728 2783 1703 2783 1703 2784 1728 2784 1729 2784 1703 2785 1729 2785 1704 2785 1704 2786 1729 2786 1730 2786 1704 2787 1730 2787 1705 2787 1705 2788 1730 2788 1731 2788 1705 2789 1731 2789 1706 2789 1706 2790 1731 2790 1732 2790 1706 2791 1732 2791 1707 2791 1707 2792 1732 2792 1733 2792 1707 2793 1733 2793 1708 2793 1708 2794 1733 2794 1734 2794 1708 2795 1734 2795 1709 2795 1709 2796 1734 2796 1735 2796 1709 2797 1735 2797 1710 2797 1710 2798 1735 2798 1736 2798 1710 2799 1736 2799 1711 2799 1711 2800 1736 2800 1737 2800 1711 2801 1737 2801 1712 2801 1712 2802 1737 2802 1738 2802 1712 2803 1738 2803 1713 2803 1713 2804 1738 2804 1739 2804 1713 2805 1739 2805 1714 2805 1714 2806 1739 2806 1740 2806 1714 2807 1740 2807 1715 2807 1715 2808 1740 2808 1741 2808 1715 2809 1741 2809 1716 2809 1716 2810 1741 2810 1742 2810 1716 2811 1742 2811 1717 2811 1717 2812 1742 2812 1743 2812 1717 2813 1743 2813 1718 2813 1718 2814 1743 2814 1744 2814 1718 2815 1744 2815 1719 2815 1719 2816 1744 2816 1745 2816 1719 2817 1745 2817 1720 2817 1720 2818 1745 2818 1746 2818 1720 2819 1746 2819 1721 2819 1721 2820 1746 2820 1747 2820 1721 2821 1747 2821 1722 2821 1722 2822 1747 2822 1748 2822 1722 2823 1748 2823 1723 2823 1723 2824 1748 2824 1749 2824 1723 2825 1749 2825 1724 2825 1724 2826 1749 2826 1750 2826 1724 2827 1750 2827 1725 2827 1725 2828 1750 2828 1751 2828 1725 2829 1751 2829 1726 2829 1726 2830 1751 2830 1752 2830 1726 2831 1752 2831 1317 2831 1317 2832 1752 2832 1336 2832 1317 2833 1336 2833 657 2833 657 2834 1336 2834 647 2834 472 2835 471 2835 1330 2835 1330 2836 471 2836 1326 2836 1330 2837 1326 2837 1375 2837 1375 2838 1326 2838 1329 2838 1375 2839 1329 2839 1377 2839 1377 2840 1329 2840 1404 2840 1377 2841 1404 2841 1727 2841 1727 2842 1404 2842 1406 2842 1727 2843 1406 2843 1728 2843 1728 2844 1406 2844 1408 2844 1728 2845 1408 2845 1729 2845 1729 2846 1408 2846 1410 2846 1729 2847 1410 2847 1730 2847 1730 2848 1410 2848 1412 2848 1730 2849 1412 2849 1731 2849 1731 2850 1412 2850 1414 2850 1731 2851 1414 2851 1732 2851 1732 2852 1414 2852 1416 2852 1732 2853 1416 2853 1733 2853 1733 2854 1416 2854 1418 2854 1733 2855 1418 2855 1734 2855 1734 2856 1418 2856 1420 2856 1734 2857 1420 2857 1735 2857 1735 2858 1420 2858 1422 2858 1735 2859 1422 2859 1736 2859 1736 2860 1422 2860 1424 2860 1736 2861 1424 2861 1737 2861 1737 2862 1424 2862 1426 2862 1737 2863 1426 2863 1738 2863 1738 2864 1426 2864 1428 2864 1738 2865 1428 2865 1739 2865 1739 2866 1428 2866 1430 2866 1739 2867 1430 2867 1740 2867 1740 2868 1430 2868 1432 2868 1740 2869 1432 2869 1741 2869 1741 2870 1432 2870 1434 2870 1741 2871 1434 2871 1742 2871 1742 2872 1434 2872 1753 2872 1742 2873 1753 2873 1743 2873 1743 2874 1753 2874 1754 2874 1743 2875 1754 2875 1744 2875 1744 2876 1754 2876 1755 2876 1744 2877 1755 2877 1745 2877 1745 2878 1755 2878 1756 2878 1745 2879 1756 2879 1746 2879 1746 2880 1756 2880 1757 2880 1746 2881 1757 2881 1747 2881 1747 2882 1757 2882 1758 2882 1747 2883 1758 2883 1748 2883 1748 2884 1758 2884 1759 2884 1748 2885 1759 2885 1749 2885 1749 2886 1759 2886 1760 2886 1749 2887 1760 2887 1750 2887 1750 2888 1760 2888 1761 2888 1750 2889 1761 2889 1751 2889 1751 2890 1761 2890 1762 2890 1751 2891 1762 2891 1752 2891 1752 2892 1762 2892 1763 2892 1752 2893 1763 2893 1336 2893 1336 2894 1763 2894 1315 2894 1336 2895 1315 2895 634 2895 634 2896 1315 2896 636 2896 815 2897 825 2897 1357 2897 1357 2898 825 2898 1311 2898 1357 2899 1311 2899 1433 2899 1433 2900 1311 2900 1438 2900 1433 2901 1438 2901 1434 2901 1434 2902 1438 2902 1494 2902 1434 2903 1494 2903 1753 2903 1753 2904 1494 2904 1495 2904 1753 2905 1495 2905 1754 2905 1754 2906 1495 2906 1496 2906 1754 2907 1496 2907 1755 2907 1755 2908 1496 2908 1497 2908 1755 2909 1497 2909 1756 2909 1756 2910 1497 2910 1498 2910 1756 2911 1498 2911 1757 2911 1757 2912 1498 2912 1499 2912 1757 2913 1499 2913 1758 2913 1758 2914 1499 2914 1500 2914 1758 2915 1500 2915 1759 2915 1759 2916 1500 2916 1501 2916 1759 2917 1501 2917 1760 2917 1760 2918 1501 2918 1502 2918 1760 2919 1502 2919 1761 2919 1761 2920 1502 2920 1503 2920 1761 2921 1503 2921 1762 2921 1762 2922 1503 2922 1504 2922 1762 2923 1504 2923 1763 2923 1763 2924 1504 2924 1314 2924 1763 2925 1314 2925 1315 2925 1315 2926 1314 2926 1313 2926 1315 2927 1313 2927 1316 2927 1316 2928 1313 2928 1312 2928 1764 2929 757 2929 755 2929 1765 2930 770 2930 768 2930 781 2931 780 2931 1766 2931 639 2932 1767 2932 637 2932 627 2933 626 2933 745 2933 836 2934 1768 2934 427 2934 427 2935 1768 2935 429 2935 429 2936 1768 2936 430 2936 430 2937 1768 2937 1769 2937 430 2938 1769 2938 397 2938 1770 2939 399 2939 1771 2939 1771 2940 399 2940 398 2940 1771 2941 398 2941 1772 2941 1772 2942 398 2942 396 2942 1772 2943 396 2943 1773 2943 1773 2944 396 2944 395 2944 1773 2945 395 2945 1774 2945 1774 2946 395 2946 397 2946 1774 2947 397 2947 1775 2947 1775 2948 397 2948 1769 2948 406 2949 405 2949 1776 2949 1776 2950 405 2950 404 2950 1776 2951 404 2951 1777 2951 1777 2952 404 2952 403 2952 1777 2953 403 2953 1778 2953 1778 2954 403 2954 392 2954 1778 2955 392 2955 1779 2955 1779 2956 392 2956 391 2956 1779 2957 391 2957 1780 2957 1780 2958 391 2958 394 2958 1780 2959 394 2959 1781 2959 1781 2960 394 2960 402 2960 1781 2961 402 2961 1782 2961 1782 2962 402 2962 401 2962 1782 2963 401 2963 1770 2963 1770 2964 401 2964 400 2964 1770 2965 400 2965 399 2965 1783 2966 617 2966 616 2966 1784 2967 586 2967 1785 2967 1785 2968 586 2968 588 2968 1785 2969 588 2969 1786 2969 1786 2970 588 2970 590 2970 1786 2971 590 2971 1787 2971 1787 2972 590 2972 592 2972 1787 2973 592 2973 1788 2973 1788 2974 592 2974 624 2974 1788 2975 624 2975 1789 2975 1789 2976 624 2976 623 2976 1789 2977 623 2977 1790 2977 1790 2978 623 2978 615 2978 1790 2979 615 2979 1791 2979 1791 2980 615 2980 614 2980 1791 2981 614 2981 1792 2981 1792 2982 614 2982 622 2982 1792 2983 622 2983 1793 2983 1793 2984 622 2984 621 2984 1793 2985 621 2985 1794 2985 1794 2986 621 2986 620 2986 1794 2987 620 2987 1795 2987 1795 2988 620 2988 619 2988 1795 2989 619 2989 1783 2989 1783 2990 619 2990 618 2990 1783 2991 618 2991 617 2991 1796 2992 629 2992 1784 2992 1784 2993 629 2993 628 2993 1784 2994 628 2994 586 2994 1767 2995 639 2995 1797 2995 639 2996 641 2996 1797 2996 1797 2997 641 2997 643 2997 1797 2998 643 2998 1796 2998 1796 2999 643 2999 631 2999 1796 3000 631 3000 629 3000 635 3001 637 3001 856 3001 856 3002 637 3002 1767 3002 856 3003 1767 3003 855 3003 855 3004 1767 3004 1797 3004 855 3005 1797 3005 854 3005 857 3006 854 3006 1798 3006 841 3007 857 3007 1799 3007 842 3008 841 3008 1800 3008 843 3009 842 3009 1801 3009 844 3010 843 3010 1802 3010 845 3011 844 3011 1803 3011 846 3012 845 3012 1804 3012 847 3013 846 3013 1805 3013 849 3014 848 3014 1806 3014 851 3015 850 3015 1807 3015 852 3016 851 3016 1808 3016 853 3017 852 3017 1809 3017 839 3018 853 3018 1810 3018 837 3019 838 3019 1811 3019 836 3020 837 3020 1812 3020 854 3021 1797 3021 1798 3021 1798 3022 1797 3022 1796 3022 1798 3023 1796 3023 1813 3023 1813 3024 1796 3024 1784 3024 1813 3025 1784 3025 1814 3025 1814 3026 1784 3026 1785 3026 1814 3027 1785 3027 1815 3027 1815 3028 1785 3028 1786 3028 1815 3029 1786 3029 1816 3029 1816 3030 1786 3030 1787 3030 1816 3031 1787 3031 1817 3031 1817 3032 1787 3032 1788 3032 1817 3033 1788 3033 1818 3033 1818 3034 1788 3034 1789 3034 1818 3035 1789 3035 1819 3035 1819 3036 1789 3036 1790 3036 1819 3037 1790 3037 1820 3037 1820 3038 1790 3038 1791 3038 1820 3039 1791 3039 1821 3039 1821 3040 1791 3040 1792 3040 1821 3041 1792 3041 1822 3041 1822 3042 1792 3042 1793 3042 1822 3043 1793 3043 1823 3043 1823 3044 1793 3044 1794 3044 1823 3045 1794 3045 1824 3045 1824 3046 1794 3046 1795 3046 1824 3047 1795 3047 1825 3047 1825 3048 1795 3048 1783 3048 1825 3049 1783 3049 1826 3049 857 3050 1798 3050 1799 3050 1799 3051 1798 3051 1813 3051 1799 3052 1813 3052 1827 3052 1827 3053 1813 3053 1814 3053 1827 3054 1814 3054 1828 3054 1828 3055 1814 3055 1815 3055 1828 3056 1815 3056 1829 3056 1829 3057 1815 3057 1816 3057 1829 3058 1816 3058 1830 3058 1830 3059 1816 3059 1817 3059 1830 3060 1817 3060 1831 3060 1831 3061 1817 3061 1818 3061 1831 3062 1818 3062 1832 3062 1832 3063 1818 3063 1819 3063 1832 3064 1819 3064 1833 3064 1833 3065 1819 3065 1820 3065 1833 3066 1820 3066 1834 3066 1834 3067 1820 3067 1821 3067 1834 3068 1821 3068 1835 3068 1835 3069 1821 3069 1822 3069 1835 3070 1822 3070 1836 3070 1836 3071 1822 3071 1823 3071 1836 3072 1823 3072 1837 3072 1837 3073 1823 3073 1824 3073 1837 3074 1824 3074 1838 3074 1838 3075 1824 3075 1825 3075 1838 3076 1825 3076 1839 3076 1839 3077 1825 3077 1826 3077 1839 3078 1826 3078 1840 3078 841 3079 1799 3079 1800 3079 1800 3080 1799 3080 1827 3080 1800 3081 1827 3081 1841 3081 1841 3082 1827 3082 1828 3082 1841 3083 1828 3083 1842 3083 1842 3084 1828 3084 1829 3084 1842 3085 1829 3085 1843 3085 1843 3086 1829 3086 1830 3086 1843 3087 1830 3087 1844 3087 1844 3088 1830 3088 1831 3088 1844 3089 1831 3089 1845 3089 1845 3090 1831 3090 1832 3090 1845 3091 1832 3091 1846 3091 1846 3092 1832 3092 1833 3092 1846 3093 1833 3093 1847 3093 1847 3094 1833 3094 1834 3094 1847 3095 1834 3095 1848 3095 1848 3096 1834 3096 1835 3096 1848 3097 1835 3097 1849 3097 1849 3098 1835 3098 1836 3098 1849 3099 1836 3099 1850 3099 1850 3100 1836 3100 1837 3100 1850 3101 1837 3101 1851 3101 1851 3102 1837 3102 1838 3102 1851 3103 1838 3103 1852 3103 1852 3104 1838 3104 1839 3104 1852 3105 1839 3105 1853 3105 1853 3106 1839 3106 1840 3106 1853 3107 1840 3107 1854 3107 849 3108 1806 3108 1855 3108 1855 3109 1806 3109 1856 3109 1855 3110 1856 3110 1857 3110 1857 3111 1856 3111 1858 3111 1857 3112 1858 3112 1859 3112 1859 3113 1858 3113 1860 3113 1859 3114 1860 3114 1861 3114 1861 3115 1860 3115 1862 3115 1861 3116 1862 3116 1863 3116 1863 3117 1862 3117 1864 3117 1863 3118 1864 3118 1865 3118 1865 3119 1864 3119 1866 3119 1865 3120 1866 3120 1867 3120 1867 3121 1866 3121 1868 3121 1867 3122 1868 3122 1869 3122 1869 3123 1868 3123 1870 3123 1869 3124 1870 3124 1871 3124 1871 3125 1870 3125 1872 3125 1871 3126 1872 3126 1873 3126 1873 3127 1872 3127 1874 3127 1873 3128 1874 3128 1875 3128 1875 3129 1874 3129 1876 3129 1875 3130 1876 3130 1877 3130 1877 3131 1876 3131 1878 3131 1877 3132 1878 3132 1879 3132 1879 3133 1878 3133 1880 3133 1879 3134 1880 3134 1881 3134 1881 3135 1880 3135 1882 3135 1881 3136 1882 3136 1883 3136 770 3137 1765 3137 1883 3137 1883 3138 1765 3138 1884 3138 1883 3139 1884 3139 1881 3139 1881 3140 1884 3140 1885 3140 1881 3141 1885 3141 1879 3141 1879 3142 1885 3142 1886 3142 1879 3143 1886 3143 1877 3143 1877 3144 1886 3144 1887 3144 1877 3145 1887 3145 1875 3145 1875 3146 1887 3146 1888 3146 1875 3147 1888 3147 1873 3147 1873 3148 1888 3148 1889 3148 1873 3149 1889 3149 1871 3149 1871 3150 1889 3150 1890 3150 1871 3151 1890 3151 1869 3151 1869 3152 1890 3152 1891 3152 1869 3153 1891 3153 1867 3153 1867 3154 1891 3154 1892 3154 1867 3155 1892 3155 1865 3155 1865 3156 1892 3156 1893 3156 1865 3157 1893 3157 1863 3157 1863 3158 1893 3158 1894 3158 1863 3159 1894 3159 1861 3159 1861 3160 1894 3160 1895 3160 1861 3161 1895 3161 1859 3161 1859 3162 1895 3162 1896 3162 1859 3163 1896 3163 1857 3163 1857 3164 1896 3164 1807 3164 1857 3165 1807 3165 1855 3165 1855 3166 1807 3166 850 3166 1855 3167 850 3167 849 3167 852 3168 1808 3168 1809 3168 1809 3169 1808 3169 1897 3169 1809 3170 1897 3170 1898 3170 1898 3171 1897 3171 1899 3171 1898 3172 1899 3172 1900 3172 1900 3173 1899 3173 1901 3173 1900 3174 1901 3174 1902 3174 1902 3175 1901 3175 1903 3175 1902 3176 1903 3176 1904 3176 1904 3177 1903 3177 1905 3177 1904 3178 1905 3178 1906 3178 1906 3179 1905 3179 1907 3179 1906 3180 1907 3180 1908 3180 1908 3181 1907 3181 1909 3181 1908 3182 1909 3182 1910 3182 1910 3183 1909 3183 1911 3183 1910 3184 1911 3184 1912 3184 1912 3185 1911 3185 1913 3185 1912 3186 1913 3186 1914 3186 1914 3187 1913 3187 1915 3187 1914 3188 1915 3188 1916 3188 1916 3189 1915 3189 1917 3189 1916 3190 1917 3190 1918 3190 1918 3191 1917 3191 1919 3191 1918 3192 1919 3192 1920 3192 1920 3193 1919 3193 1921 3193 1920 3194 1921 3194 1922 3194 1922 3195 1921 3195 1923 3195 1922 3196 1923 3196 1924 3196 853 3197 1809 3197 1810 3197 1810 3198 1809 3198 1898 3198 1810 3199 1898 3199 1925 3199 1925 3200 1898 3200 1900 3200 1925 3201 1900 3201 1926 3201 1926 3202 1900 3202 1902 3202 1926 3203 1902 3203 1927 3203 1927 3204 1902 3204 1904 3204 1927 3205 1904 3205 1928 3205 1928 3206 1904 3206 1906 3206 1928 3207 1906 3207 1929 3207 1929 3208 1906 3208 1908 3208 1929 3209 1908 3209 1930 3209 1930 3210 1908 3210 1910 3210 1930 3211 1910 3211 1931 3211 1931 3212 1910 3212 1912 3212 1931 3213 1912 3213 1932 3213 1932 3214 1912 3214 1914 3214 1932 3215 1914 3215 1933 3215 1933 3216 1914 3216 1916 3216 1933 3217 1916 3217 1934 3217 1934 3218 1916 3218 1918 3218 1934 3219 1918 3219 1935 3219 1935 3220 1918 3220 1920 3220 1935 3221 1920 3221 1936 3221 1936 3222 1920 3222 1922 3222 1936 3223 1922 3223 1937 3223 1937 3224 1922 3224 1924 3224 1937 3225 1924 3225 1938 3225 839 3226 1810 3226 1939 3226 1939 3227 1810 3227 1925 3227 1939 3228 1925 3228 1940 3228 1940 3229 1925 3229 1926 3229 1940 3230 1926 3230 1941 3230 1941 3231 1926 3231 1927 3231 1941 3232 1927 3232 1942 3232 1942 3233 1927 3233 1928 3233 1942 3234 1928 3234 1943 3234 1943 3235 1928 3235 1929 3235 1943 3236 1929 3236 1944 3236 1944 3237 1929 3237 1930 3237 1944 3238 1930 3238 1945 3238 1945 3239 1930 3239 1931 3239 1945 3240 1931 3240 1946 3240 1946 3241 1931 3241 1932 3241 1946 3242 1932 3242 1947 3242 1947 3243 1932 3243 1933 3243 1947 3244 1933 3244 1948 3244 1948 3245 1933 3245 1934 3245 1948 3246 1934 3246 1949 3246 1949 3247 1934 3247 1935 3247 1949 3248 1935 3248 1950 3248 1950 3249 1935 3249 1936 3249 1950 3250 1936 3250 1951 3250 1951 3251 1936 3251 1937 3251 1951 3252 1937 3252 1952 3252 1952 3253 1937 3253 1938 3253 1952 3254 1938 3254 1953 3254 757 3255 1764 3255 1953 3255 1953 3256 1764 3256 1954 3256 1953 3257 1954 3257 1952 3257 1952 3258 1954 3258 1955 3258 1952 3259 1955 3259 1951 3259 1951 3260 1955 3260 1956 3260 1951 3261 1956 3261 1950 3261 1950 3262 1956 3262 1957 3262 1950 3263 1957 3263 1949 3263 1949 3264 1957 3264 1958 3264 1949 3265 1958 3265 1948 3265 1948 3266 1958 3266 1959 3266 1948 3267 1959 3267 1947 3267 1947 3268 1959 3268 1960 3268 1947 3269 1960 3269 1946 3269 1946 3270 1960 3270 1961 3270 1946 3271 1961 3271 1945 3271 1945 3272 1961 3272 1962 3272 1945 3273 1962 3273 1944 3273 1944 3274 1962 3274 1963 3274 1944 3275 1963 3275 1943 3275 1943 3276 1963 3276 1964 3276 1943 3277 1964 3277 1942 3277 1942 3278 1964 3278 1965 3278 1942 3279 1965 3279 1941 3279 1941 3280 1965 3280 1966 3280 1941 3281 1966 3281 1940 3281 1940 3282 1966 3282 1967 3282 1940 3283 1967 3283 1939 3283 1939 3284 1967 3284 840 3284 1939 3285 840 3285 839 3285 837 3286 1811 3286 1812 3286 1812 3287 1811 3287 1968 3287 1812 3288 1968 3288 1969 3288 1969 3289 1968 3289 1970 3289 1969 3290 1970 3290 1971 3290 1971 3291 1970 3291 1972 3291 1971 3292 1972 3292 1973 3292 1973 3293 1972 3293 1974 3293 1973 3294 1974 3294 1975 3294 1975 3295 1974 3295 1976 3295 1975 3296 1976 3296 1977 3296 1977 3297 1976 3297 1978 3297 1977 3298 1978 3298 1979 3298 1979 3299 1978 3299 1980 3299 1979 3300 1980 3300 1981 3300 1981 3301 1980 3301 1982 3301 1981 3302 1982 3302 1983 3302 1983 3303 1982 3303 1984 3303 1983 3304 1984 3304 1985 3304 1985 3305 1984 3305 1986 3305 1985 3306 1986 3306 1987 3306 1987 3307 1986 3307 1988 3307 1987 3308 1988 3308 1989 3308 1989 3309 1988 3309 1990 3309 1989 3310 1990 3310 1991 3310 1991 3311 1990 3311 1992 3311 1991 3312 1992 3312 1993 3312 1993 3313 1992 3313 1994 3313 1993 3314 1994 3314 1995 3314 836 3315 1812 3315 1768 3315 1768 3316 1812 3316 1969 3316 1768 3317 1969 3317 1769 3317 1769 3318 1969 3318 1971 3318 1769 3319 1971 3319 1775 3319 1775 3320 1971 3320 1973 3320 1775 3321 1973 3321 1774 3321 1774 3322 1973 3322 1975 3322 1774 3323 1975 3323 1773 3323 1773 3324 1975 3324 1977 3324 1773 3325 1977 3325 1772 3325 1772 3326 1977 3326 1979 3326 1772 3327 1979 3327 1771 3327 1771 3328 1979 3328 1981 3328 1771 3329 1981 3329 1770 3329 1770 3330 1981 3330 1983 3330 1770 3331 1983 3331 1782 3331 1782 3332 1983 3332 1985 3332 1782 3333 1985 3333 1781 3333 1781 3334 1985 3334 1987 3334 1781 3335 1987 3335 1780 3335 1780 3336 1987 3336 1989 3336 1780 3337 1989 3337 1779 3337 1779 3338 1989 3338 1991 3338 1779 3339 1991 3339 1778 3339 1778 3340 1991 3340 1993 3340 1778 3341 1993 3341 1777 3341 1777 3342 1993 3342 1995 3342 1777 3343 1995 3343 1776 3343 616 3344 627 3344 1783 3344 1783 3345 627 3345 745 3345 1783 3346 745 3346 1826 3346 1826 3347 745 3347 747 3347 1826 3348 747 3348 1840 3348 1840 3349 747 3349 738 3349 1840 3350 738 3350 1854 3350 1854 3351 738 3351 740 3351 1854 3352 740 3352 742 3352 842 3353 1800 3353 1801 3353 1801 3354 1800 3354 1841 3354 1801 3355 1841 3355 1996 3355 1996 3356 1841 3356 1842 3356 1996 3357 1842 3357 1997 3357 1997 3358 1842 3358 1843 3358 1997 3359 1843 3359 1998 3359 1998 3360 1843 3360 1844 3360 1998 3361 1844 3361 1999 3361 1999 3362 1844 3362 1845 3362 1999 3363 1845 3363 2000 3363 2000 3364 1845 3364 1846 3364 2000 3365 1846 3365 2001 3365 2001 3366 1846 3366 1847 3366 2001 3367 1847 3367 2002 3367 2002 3368 1847 3368 1848 3368 2002 3369 1848 3369 2003 3369 2003 3370 1848 3370 1849 3370 2003 3371 1849 3371 2004 3371 2004 3372 1849 3372 1850 3372 2004 3373 1850 3373 2005 3373 2005 3374 1850 3374 1851 3374 2005 3375 1851 3375 2006 3375 2006 3376 1851 3376 1852 3376 2006 3377 1852 3377 2007 3377 2007 3378 1852 3378 1853 3378 2007 3379 1853 3379 2008 3379 2008 3380 1853 3380 1854 3380 2008 3381 1854 3381 2009 3381 2009 3382 1854 3382 742 3382 2009 3383 742 3383 736 3383 843 3384 1801 3384 1802 3384 1802 3385 1801 3385 1996 3385 1802 3386 1996 3386 2010 3386 2010 3387 1996 3387 1997 3387 2010 3388 1997 3388 2011 3388 2011 3389 1997 3389 1998 3389 2011 3390 1998 3390 2012 3390 2012 3391 1998 3391 1999 3391 2012 3392 1999 3392 2013 3392 2013 3393 1999 3393 2000 3393 2013 3394 2000 3394 2014 3394 2014 3395 2000 3395 2001 3395 2014 3396 2001 3396 2015 3396 2015 3397 2001 3397 2002 3397 2015 3398 2002 3398 2016 3398 2016 3399 2002 3399 2003 3399 2016 3400 2003 3400 2017 3400 2017 3401 2003 3401 2004 3401 2017 3402 2004 3402 2018 3402 2018 3403 2004 3403 2005 3403 2018 3404 2005 3404 2019 3404 2019 3405 2005 3405 2006 3405 2019 3406 2006 3406 2020 3406 2020 3407 2006 3407 2007 3407 2020 3408 2007 3408 2021 3408 2021 3409 2007 3409 2008 3409 2021 3410 2008 3410 2022 3410 2022 3411 2008 3411 2009 3411 2022 3412 2009 3412 2023 3412 2023 3413 2009 3413 736 3413 2023 3414 736 3414 735 3414 844 3415 1802 3415 1803 3415 1803 3416 1802 3416 2010 3416 1803 3417 2010 3417 2024 3417 2024 3418 2010 3418 2011 3418 2024 3419 2011 3419 2025 3419 2025 3420 2011 3420 2012 3420 2025 3421 2012 3421 2026 3421 2026 3422 2012 3422 2013 3422 2026 3423 2013 3423 2027 3423 2027 3424 2013 3424 2014 3424 2027 3425 2014 3425 2028 3425 2028 3426 2014 3426 2015 3426 2028 3427 2015 3427 2029 3427 2029 3428 2015 3428 2016 3428 2029 3429 2016 3429 2030 3429 2030 3430 2016 3430 2017 3430 2030 3431 2017 3431 2031 3431 2031 3432 2017 3432 2018 3432 2031 3433 2018 3433 2032 3433 2032 3434 2018 3434 2019 3434 2032 3435 2019 3435 2033 3435 2033 3436 2019 3436 2020 3436 2033 3437 2020 3437 2034 3437 2034 3438 2020 3438 2021 3438 2034 3439 2021 3439 2035 3439 2035 3440 2021 3440 2022 3440 2035 3441 2022 3441 2036 3441 2036 3442 2022 3442 2023 3442 2036 3443 2023 3443 2037 3443 2037 3444 2023 3444 735 3444 2037 3445 735 3445 784 3445 845 3446 1803 3446 1804 3446 1804 3447 1803 3447 2024 3447 1804 3448 2024 3448 2038 3448 2038 3449 2024 3449 2025 3449 2038 3450 2025 3450 2039 3450 2039 3451 2025 3451 2026 3451 2039 3452 2026 3452 2040 3452 2040 3453 2026 3453 2027 3453 2040 3454 2027 3454 2041 3454 2041 3455 2027 3455 2028 3455 2041 3456 2028 3456 2042 3456 2042 3457 2028 3457 2029 3457 2042 3458 2029 3458 2043 3458 2043 3459 2029 3459 2030 3459 2043 3460 2030 3460 2044 3460 2044 3461 2030 3461 2031 3461 2044 3462 2031 3462 2045 3462 2045 3463 2031 3463 2032 3463 2045 3464 2032 3464 2046 3464 2046 3465 2032 3465 2033 3465 2046 3466 2033 3466 2047 3466 2047 3467 2033 3467 2034 3467 2047 3468 2034 3468 2048 3468 2048 3469 2034 3469 2035 3469 2048 3470 2035 3470 2049 3470 2049 3471 2035 3471 2036 3471 2049 3472 2036 3472 2050 3472 2050 3473 2036 3473 2037 3473 2050 3474 2037 3474 2051 3474 2051 3475 2037 3475 784 3475 2051 3476 784 3476 786 3476 846 3477 1804 3477 1805 3477 1805 3478 1804 3478 2038 3478 1805 3479 2038 3479 2052 3479 2052 3480 2038 3480 2039 3480 2052 3481 2039 3481 2053 3481 2053 3482 2039 3482 2040 3482 2053 3483 2040 3483 2054 3483 2054 3484 2040 3484 2041 3484 2054 3485 2041 3485 2055 3485 2055 3486 2041 3486 2042 3486 2055 3487 2042 3487 2056 3487 2056 3488 2042 3488 2043 3488 2056 3489 2043 3489 2057 3489 2057 3490 2043 3490 2044 3490 2057 3491 2044 3491 2058 3491 2058 3492 2044 3492 2045 3492 2058 3493 2045 3493 2059 3493 2059 3494 2045 3494 2046 3494 2059 3495 2046 3495 2060 3495 2060 3496 2046 3496 2047 3496 2060 3497 2047 3497 2061 3497 2061 3498 2047 3498 2048 3498 2061 3499 2048 3499 2062 3499 2062 3500 2048 3500 2049 3500 2062 3501 2049 3501 2063 3501 2063 3502 2049 3502 2050 3502 2063 3503 2050 3503 2064 3503 2064 3504 2050 3504 2051 3504 2064 3505 2051 3505 1766 3505 1766 3506 2051 3506 786 3506 1766 3507 786 3507 781 3507 847 3508 1805 3508 2065 3508 2065 3509 1805 3509 2052 3509 2065 3510 2052 3510 2066 3510 2066 3511 2052 3511 2053 3511 2066 3512 2053 3512 2067 3512 2067 3513 2053 3513 2054 3513 2067 3514 2054 3514 2068 3514 2068 3515 2054 3515 2055 3515 2068 3516 2055 3516 2069 3516 2069 3517 2055 3517 2056 3517 2069 3518 2056 3518 2070 3518 2070 3519 2056 3519 2057 3519 2070 3520 2057 3520 2071 3520 2071 3521 2057 3521 2058 3521 2071 3522 2058 3522 2072 3522 2072 3523 2058 3523 2059 3523 2072 3524 2059 3524 2073 3524 2073 3525 2059 3525 2060 3525 2073 3526 2060 3526 2074 3526 2074 3527 2060 3527 2061 3527 2074 3528 2061 3528 2075 3528 2075 3529 2061 3529 2062 3529 2075 3530 2062 3530 2076 3530 2076 3531 2062 3531 2063 3531 2076 3532 2063 3532 2077 3532 2077 3533 2063 3533 2064 3533 2077 3534 2064 3534 2078 3534 2078 3535 2064 3535 1766 3535 2078 3536 1766 3536 2079 3536 2079 3537 1766 3537 780 3537 2079 3538 780 3538 778 3538 778 3539 1882 3539 2079 3539 2079 3540 1882 3540 1880 3540 2079 3541 1880 3541 2078 3541 2078 3542 1880 3542 1878 3542 2078 3543 1878 3543 2077 3543 2077 3544 1878 3544 1876 3544 2077 3545 1876 3545 2076 3545 2076 3546 1876 3546 1874 3546 2076 3547 1874 3547 2075 3547 2075 3548 1874 3548 1872 3548 2075 3549 1872 3549 2074 3549 2074 3550 1872 3550 1870 3550 2074 3551 1870 3551 2073 3551 2073 3552 1870 3552 1868 3552 2073 3553 1868 3553 2072 3553 2072 3554 1868 3554 1866 3554 2072 3555 1866 3555 2071 3555 2071 3556 1866 3556 1864 3556 2071 3557 1864 3557 2070 3557 2070 3558 1864 3558 1862 3558 2070 3559 1862 3559 2069 3559 2069 3560 1862 3560 1860 3560 2069 3561 1860 3561 2068 3561 2068 3562 1860 3562 1858 3562 2068 3563 1858 3563 2067 3563 2067 3564 1858 3564 1856 3564 2067 3565 1856 3565 2066 3565 2066 3566 1856 3566 1806 3566 2066 3567 1806 3567 2065 3567 2065 3568 1806 3568 848 3568 2065 3569 848 3569 847 3569 778 3570 776 3570 1882 3570 1882 3571 776 3571 774 3571 1882 3572 774 3572 1883 3572 1883 3573 774 3573 772 3573 1883 3574 772 3574 770 3574 851 3575 1807 3575 1808 3575 1808 3576 1807 3576 1896 3576 1808 3577 1896 3577 1897 3577 1897 3578 1896 3578 1895 3578 1897 3579 1895 3579 1899 3579 1899 3580 1895 3580 1894 3580 1899 3581 1894 3581 1901 3581 1901 3582 1894 3582 1893 3582 1901 3583 1893 3583 1903 3583 1903 3584 1893 3584 1892 3584 1903 3585 1892 3585 1905 3585 1905 3586 1892 3586 1891 3586 1905 3587 1891 3587 1907 3587 1907 3588 1891 3588 1890 3588 1907 3589 1890 3589 1909 3589 1909 3590 1890 3590 1889 3590 1909 3591 1889 3591 1911 3591 1911 3592 1889 3592 1888 3592 1911 3593 1888 3593 1913 3593 1913 3594 1888 3594 1887 3594 1913 3595 1887 3595 1915 3595 1915 3596 1887 3596 1886 3596 1915 3597 1886 3597 1917 3597 1917 3598 1886 3598 1885 3598 1917 3599 1885 3599 1919 3599 1919 3600 1885 3600 1884 3600 1919 3601 1884 3601 1921 3601 1921 3602 1884 3602 1765 3602 1921 3603 1765 3603 1923 3603 1923 3604 1765 3604 768 3604 1923 3605 768 3605 1924 3605 1924 3606 768 3606 766 3606 1924 3607 766 3607 1938 3607 766 3608 765 3608 1938 3608 1938 3609 765 3609 762 3609 1938 3610 762 3610 1953 3610 1953 3611 762 3611 759 3611 1953 3612 759 3612 757 3612 407 3613 406 3613 751 3613 751 3614 406 3614 1776 3614 751 3615 1776 3615 753 3615 753 3616 1776 3616 1995 3616 753 3617 1995 3617 755 3617 755 3618 1995 3618 1994 3618 755 3619 1994 3619 1764 3619 1764 3620 1994 3620 1992 3620 1764 3621 1992 3621 1954 3621 1954 3622 1992 3622 1990 3622 1954 3623 1990 3623 1955 3623 1955 3624 1990 3624 1988 3624 1955 3625 1988 3625 1956 3625 1956 3626 1988 3626 1986 3626 1956 3627 1986 3627 1957 3627 1957 3628 1986 3628 1984 3628 1957 3629 1984 3629 1958 3629 1958 3630 1984 3630 1982 3630 1958 3631 1982 3631 1959 3631 1959 3632 1982 3632 1980 3632 1959 3633 1980 3633 1960 3633 1960 3634 1980 3634 1978 3634 1960 3635 1978 3635 1961 3635 1961 3636 1978 3636 1976 3636 1961 3637 1976 3637 1962 3637 1962 3638 1976 3638 1974 3638 1962 3639 1974 3639 1963 3639 1963 3640 1974 3640 1972 3640 1963 3641 1972 3641 1964 3641 1964 3642 1972 3642 1970 3642 1964 3643 1970 3643 1965 3643 1965 3644 1970 3644 1968 3644 1965 3645 1968 3645 1966 3645 1966 3646 1968 3646 1811 3646 1966 3647 1811 3647 1967 3647 1967 3648 1811 3648 838 3648 1967 3649 838 3649 840 3649 2080 3650 189 3650 191 3650 2081 3651 174 3651 176 3651 166 3652 2082 3652 319 3652 319 3653 2082 3653 2083 3653 319 3654 2083 3654 320 3654 320 3655 2083 3655 2084 3655 320 3656 2084 3656 322 3656 326 3657 325 3657 2085 3657 2085 3658 325 3658 324 3658 2085 3659 324 3659 2084 3659 2084 3660 324 3660 323 3660 2084 3661 323 3661 322 3661 390 3662 334 3662 2086 3662 2086 3663 334 3663 333 3663 2086 3664 333 3664 2087 3664 2087 3665 333 3665 332 3665 2087 3666 332 3666 2088 3666 2088 3667 332 3667 331 3667 2088 3668 331 3668 2089 3668 2089 3669 331 3669 330 3669 2089 3670 330 3670 2090 3670 2090 3671 330 3671 329 3671 2090 3672 329 3672 2091 3672 2091 3673 329 3673 328 3673 2091 3674 328 3674 2092 3674 2092 3675 328 3675 327 3675 2092 3676 327 3676 2093 3676 2093 3677 327 3677 326 3677 2093 3678 326 3678 2094 3678 2094 3679 326 3679 2085 3679 208 3680 220 3680 2086 3680 2086 3681 220 3681 219 3681 2086 3682 219 3682 390 3682 229 3683 210 3683 2095 3683 227 3684 229 3684 2096 3684 255 3685 227 3685 2097 3685 250 3686 255 3686 2098 3686 236 3687 250 3687 2099 3687 238 3688 236 3688 2100 3688 245 3689 238 3689 2101 3689 241 3690 243 3690 2102 3690 234 3691 241 3691 2103 3691 226 3692 232 3692 2104 3692 224 3693 226 3693 2105 3693 216 3694 224 3694 2106 3694 217 3695 216 3695 2107 3695 217 3696 2107 3696 2108 3696 2108 3697 2107 3697 2109 3697 2108 3698 2109 3698 2110 3698 2110 3699 2109 3699 2111 3699 2110 3700 2111 3700 2112 3700 2112 3701 2111 3701 2113 3701 2112 3702 2113 3702 2114 3702 2114 3703 2113 3703 2115 3703 2114 3704 2115 3704 2116 3704 2116 3705 2115 3705 2117 3705 2116 3706 2117 3706 2118 3706 2118 3707 2117 3707 2119 3707 2118 3708 2119 3708 2120 3708 2120 3709 2119 3709 2121 3709 2121 3710 2119 3710 2122 3710 2121 3711 2122 3711 2123 3711 2123 3712 2122 3712 2124 3712 2123 3713 2124 3713 2125 3713 2125 3714 2124 3714 2126 3714 2125 3715 2126 3715 2127 3715 2127 3716 2126 3716 2128 3716 2127 3717 2128 3717 2129 3717 208 3718 2086 3718 2130 3718 2130 3719 2086 3719 2087 3719 2130 3720 2087 3720 2131 3720 2131 3721 2087 3721 2088 3721 2131 3722 2088 3722 2132 3722 2132 3723 2088 3723 2089 3723 2132 3724 2089 3724 2133 3724 2133 3725 2089 3725 2090 3725 2133 3726 2090 3726 2134 3726 2134 3727 2090 3727 2091 3727 2134 3728 2091 3728 2135 3728 2135 3729 2091 3729 2092 3729 2135 3730 2092 3730 2136 3730 2136 3731 2092 3731 2093 3731 2136 3732 2093 3732 2137 3732 2137 3733 2093 3733 2094 3733 2137 3734 2094 3734 2138 3734 2138 3735 2094 3735 2085 3735 2138 3736 2085 3736 2139 3736 2139 3737 2085 3737 2084 3737 2139 3738 2084 3738 2140 3738 2140 3739 2084 3739 2083 3739 2140 3740 2083 3740 2141 3740 2141 3741 2083 3741 2082 3741 2141 3742 2082 3742 2142 3742 174 3743 2081 3743 2142 3743 2142 3744 2081 3744 2143 3744 2142 3745 2143 3745 2141 3745 2141 3746 2143 3746 2144 3746 2141 3747 2144 3747 2140 3747 2140 3748 2144 3748 2145 3748 2140 3749 2145 3749 2139 3749 2139 3750 2145 3750 2146 3750 2139 3751 2146 3751 2138 3751 2138 3752 2146 3752 2147 3752 2138 3753 2147 3753 2137 3753 2137 3754 2147 3754 2148 3754 2137 3755 2148 3755 2136 3755 2136 3756 2148 3756 2149 3756 2136 3757 2149 3757 2135 3757 2135 3758 2149 3758 2150 3758 2135 3759 2150 3759 2134 3759 2134 3760 2150 3760 2151 3760 2134 3761 2151 3761 2133 3761 2133 3762 2151 3762 2152 3762 2133 3763 2152 3763 2132 3763 2132 3764 2152 3764 2153 3764 2132 3765 2153 3765 2131 3765 2131 3766 2153 3766 2095 3766 2131 3767 2095 3767 2130 3767 2130 3768 2095 3768 210 3768 2130 3769 210 3769 208 3769 227 3770 2096 3770 2097 3770 2097 3771 2096 3771 2154 3771 2097 3772 2154 3772 2155 3772 2155 3773 2154 3773 2156 3773 2155 3774 2156 3774 2157 3774 2157 3775 2156 3775 2158 3775 2157 3776 2158 3776 2159 3776 2159 3777 2158 3777 2160 3777 2159 3778 2160 3778 2161 3778 2161 3779 2160 3779 2162 3779 2161 3780 2162 3780 2163 3780 2163 3781 2162 3781 2164 3781 2163 3782 2164 3782 2165 3782 2165 3783 2164 3783 2166 3783 2165 3784 2166 3784 2167 3784 2167 3785 2166 3785 2168 3785 2167 3786 2168 3786 2169 3786 2169 3787 2168 3787 2170 3787 2169 3788 2170 3788 2171 3788 2171 3789 2170 3789 2172 3789 2171 3790 2172 3790 2173 3790 2173 3791 2172 3791 2174 3791 2173 3792 2174 3792 2175 3792 2175 3793 2174 3793 2176 3793 2175 3794 2176 3794 2177 3794 255 3795 2097 3795 2098 3795 2098 3796 2097 3796 2155 3796 2098 3797 2155 3797 2178 3797 2178 3798 2155 3798 2157 3798 2178 3799 2157 3799 2179 3799 2179 3800 2157 3800 2159 3800 2179 3801 2159 3801 2180 3801 2180 3802 2159 3802 2161 3802 2180 3803 2161 3803 2181 3803 2181 3804 2161 3804 2163 3804 2181 3805 2163 3805 2182 3805 2182 3806 2163 3806 2165 3806 2182 3807 2165 3807 2183 3807 2183 3808 2165 3808 2167 3808 2183 3809 2167 3809 2184 3809 2184 3810 2167 3810 2169 3810 2184 3811 2169 3811 2185 3811 2185 3812 2169 3812 2171 3812 2185 3813 2171 3813 2186 3813 2186 3814 2171 3814 2173 3814 2186 3815 2173 3815 2187 3815 2187 3816 2173 3816 2175 3816 2187 3817 2175 3817 2188 3817 2188 3818 2175 3818 2177 3818 2188 3819 2177 3819 2189 3819 250 3820 2098 3820 2099 3820 2099 3821 2098 3821 2178 3821 2099 3822 2178 3822 2190 3822 2190 3823 2178 3823 2179 3823 2190 3824 2179 3824 2191 3824 2191 3825 2179 3825 2180 3825 2191 3826 2180 3826 2192 3826 2192 3827 2180 3827 2181 3827 2192 3828 2181 3828 2193 3828 2193 3829 2181 3829 2182 3829 2193 3830 2182 3830 2194 3830 2194 3831 2182 3831 2183 3831 2194 3832 2183 3832 2195 3832 2195 3833 2183 3833 2184 3833 2195 3834 2184 3834 2196 3834 2196 3835 2184 3835 2185 3835 2196 3836 2185 3836 2197 3836 2197 3837 2185 3837 2186 3837 2197 3838 2186 3838 2198 3838 2198 3839 2186 3839 2187 3839 2198 3840 2187 3840 2199 3840 2199 3841 2187 3841 2188 3841 2199 3842 2188 3842 2200 3842 2200 3843 2188 3843 2189 3843 2200 3844 2189 3844 2201 3844 189 3845 2080 3845 2202 3845 2202 3846 2080 3846 2203 3846 2202 3847 2203 3847 2204 3847 2204 3848 2203 3848 2205 3848 2204 3849 2205 3849 2206 3849 2206 3850 2205 3850 2207 3850 2206 3851 2207 3851 2208 3851 2208 3852 2207 3852 2209 3852 2208 3853 2209 3853 2210 3853 2210 3854 2209 3854 2211 3854 2210 3855 2211 3855 2212 3855 2212 3856 2211 3856 2213 3856 2212 3857 2213 3857 2214 3857 2214 3858 2213 3858 2215 3858 2214 3859 2215 3859 2216 3859 2216 3860 2215 3860 2217 3860 2216 3861 2217 3861 2218 3861 2218 3862 2217 3862 2219 3862 2218 3863 2219 3863 2220 3863 2220 3864 2219 3864 2221 3864 2220 3865 2221 3865 2222 3865 2222 3866 2221 3866 2223 3866 2222 3867 2223 3867 2224 3867 2224 3868 2223 3868 2102 3868 2224 3869 2102 3869 2225 3869 2225 3870 2102 3870 243 3870 2225 3871 243 3871 245 3871 226 3872 2104 3872 2105 3872 2105 3873 2104 3873 2226 3873 2105 3874 2226 3874 2227 3874 2227 3875 2226 3875 2228 3875 2227 3876 2228 3876 2229 3876 2229 3877 2228 3877 2230 3877 2229 3878 2230 3878 2231 3878 2231 3879 2230 3879 2232 3879 2231 3880 2232 3880 2233 3880 2233 3881 2232 3881 2234 3881 2233 3882 2234 3882 2235 3882 2235 3883 2234 3883 2236 3883 2235 3884 2236 3884 2237 3884 2237 3885 2236 3885 2238 3885 2237 3886 2238 3886 2239 3886 2239 3887 2238 3887 2240 3887 2239 3888 2240 3888 2241 3888 2241 3889 2240 3889 2242 3889 2241 3890 2242 3890 2243 3890 2243 3891 2242 3891 2244 3891 2243 3892 2244 3892 2245 3892 2245 3893 2244 3893 2246 3893 2245 3894 2246 3894 2247 3894 2247 3895 2246 3895 2248 3895 2247 3896 2248 3896 2249 3896 224 3897 2105 3897 2106 3897 2106 3898 2105 3898 2227 3898 2106 3899 2227 3899 2250 3899 2250 3900 2227 3900 2229 3900 2250 3901 2229 3901 2251 3901 2251 3902 2229 3902 2231 3902 2251 3903 2231 3903 2252 3903 2252 3904 2231 3904 2233 3904 2252 3905 2233 3905 2253 3905 2253 3906 2233 3906 2235 3906 2253 3907 2235 3907 2254 3907 2254 3908 2235 3908 2237 3908 2254 3909 2237 3909 2255 3909 2255 3910 2237 3910 2239 3910 2255 3911 2239 3911 2256 3911 2256 3912 2239 3912 2241 3912 2256 3913 2241 3913 2257 3913 2257 3914 2241 3914 2243 3914 2257 3915 2243 3915 2258 3915 2258 3916 2243 3916 2245 3916 2258 3917 2245 3917 2259 3917 2259 3918 2245 3918 2247 3918 2259 3919 2247 3919 2260 3919 2260 3920 2247 3920 2249 3920 2260 3921 2249 3921 2261 3921 166 3922 168 3922 2082 3922 2082 3923 168 3923 170 3923 2082 3924 170 3924 2142 3924 2142 3925 170 3925 172 3925 2142 3926 172 3926 174 3926 229 3927 2095 3927 2096 3927 2096 3928 2095 3928 2153 3928 2096 3929 2153 3929 2154 3929 2154 3930 2153 3930 2152 3930 2154 3931 2152 3931 2156 3931 2156 3932 2152 3932 2151 3932 2156 3933 2151 3933 2158 3933 2158 3934 2151 3934 2150 3934 2158 3935 2150 3935 2160 3935 2160 3936 2150 3936 2149 3936 2160 3937 2149 3937 2162 3937 2162 3938 2149 3938 2148 3938 2162 3939 2148 3939 2164 3939 2164 3940 2148 3940 2147 3940 2164 3941 2147 3941 2166 3941 2166 3942 2147 3942 2146 3942 2166 3943 2146 3943 2168 3943 2168 3944 2146 3944 2145 3944 2168 3945 2145 3945 2170 3945 2170 3946 2145 3946 2144 3946 2170 3947 2144 3947 2172 3947 2172 3948 2144 3948 2143 3948 2172 3949 2143 3949 2174 3949 2174 3950 2143 3950 2081 3950 2174 3951 2081 3951 2176 3951 2176 3952 2081 3952 176 3952 2176 3953 176 3953 2177 3953 2177 3954 176 3954 182 3954 2177 3955 182 3955 2189 3955 2189 3956 182 3956 181 3956 2189 3957 181 3957 2201 3957 2201 3958 181 3958 179 3958 2201 3959 179 3959 178 3959 236 3960 2099 3960 2100 3960 2100 3961 2099 3961 2190 3961 2100 3962 2190 3962 2262 3962 2262 3963 2190 3963 2191 3963 2262 3964 2191 3964 2263 3964 2263 3965 2191 3965 2192 3965 2263 3966 2192 3966 2264 3966 2264 3967 2192 3967 2193 3967 2264 3968 2193 3968 2265 3968 2265 3969 2193 3969 2194 3969 2265 3970 2194 3970 2266 3970 2266 3971 2194 3971 2195 3971 2266 3972 2195 3972 2267 3972 2267 3973 2195 3973 2196 3973 2267 3974 2196 3974 2268 3974 2268 3975 2196 3975 2197 3975 2268 3976 2197 3976 2269 3976 2269 3977 2197 3977 2198 3977 2269 3978 2198 3978 2270 3978 2270 3979 2198 3979 2199 3979 2270 3980 2199 3980 2271 3980 2271 3981 2199 3981 2200 3981 2271 3982 2200 3982 2272 3982 2272 3983 2200 3983 2201 3983 2272 3984 2201 3984 2273 3984 2273 3985 2201 3985 178 3985 2273 3986 178 3986 185 3986 238 3987 2100 3987 2101 3987 2101 3988 2100 3988 2262 3988 2101 3989 2262 3989 2274 3989 2274 3990 2262 3990 2263 3990 2274 3991 2263 3991 2275 3991 2275 3992 2263 3992 2264 3992 2275 3993 2264 3993 2276 3993 2276 3994 2264 3994 2265 3994 2276 3995 2265 3995 2277 3995 2277 3996 2265 3996 2266 3996 2277 3997 2266 3997 2278 3997 2278 3998 2266 3998 2267 3998 2278 3999 2267 3999 2279 3999 2279 4000 2267 4000 2268 4000 2279 4001 2268 4001 2280 4001 2280 4002 2268 4002 2269 4002 2280 4003 2269 4003 2281 4003 2281 4004 2269 4004 2270 4004 2281 4005 2270 4005 2282 4005 2282 4006 2270 4006 2271 4006 2282 4007 2271 4007 2283 4007 2283 4008 2271 4008 2272 4008 2283 4009 2272 4009 2284 4009 2284 4010 2272 4010 2273 4010 2284 4011 2273 4011 2285 4011 2285 4012 2273 4012 185 4012 2285 4013 185 4013 187 4013 245 4014 2101 4014 2225 4014 2225 4015 2101 4015 2274 4015 2225 4016 2274 4016 2224 4016 2224 4017 2274 4017 2275 4017 2224 4018 2275 4018 2222 4018 2222 4019 2275 4019 2276 4019 2222 4020 2276 4020 2220 4020 2220 4021 2276 4021 2277 4021 2220 4022 2277 4022 2218 4022 2218 4023 2277 4023 2278 4023 2218 4024 2278 4024 2216 4024 2216 4025 2278 4025 2279 4025 2216 4026 2279 4026 2214 4026 2214 4027 2279 4027 2280 4027 2214 4028 2280 4028 2212 4028 2212 4029 2280 4029 2281 4029 2212 4030 2281 4030 2210 4030 2210 4031 2281 4031 2282 4031 2210 4032 2282 4032 2208 4032 2208 4033 2282 4033 2283 4033 2208 4034 2283 4034 2206 4034 2206 4035 2283 4035 2284 4035 2206 4036 2284 4036 2204 4036 2204 4037 2284 4037 2285 4037 2204 4038 2285 4038 2202 4038 2202 4039 2285 4039 187 4039 2202 4040 187 4040 189 4040 241 4041 2102 4041 2103 4041 2103 4042 2102 4042 2223 4042 2103 4043 2223 4043 2286 4043 2286 4044 2223 4044 2221 4044 2286 4045 2221 4045 2287 4045 2287 4046 2221 4046 2219 4046 2287 4047 2219 4047 2288 4047 2288 4048 2219 4048 2217 4048 2288 4049 2217 4049 2289 4049 2289 4050 2217 4050 2215 4050 2289 4051 2215 4051 2290 4051 2290 4052 2215 4052 2213 4052 2290 4053 2213 4053 2291 4053 2291 4054 2213 4054 2211 4054 2291 4055 2211 4055 2292 4055 2292 4056 2211 4056 2209 4056 2292 4057 2209 4057 2293 4057 2293 4058 2209 4058 2207 4058 2293 4059 2207 4059 2294 4059 2294 4060 2207 4060 2205 4060 2294 4061 2205 4061 2295 4061 2295 4062 2205 4062 2203 4062 2295 4063 2203 4063 2296 4063 2296 4064 2203 4064 2080 4064 2296 4065 2080 4065 2297 4065 2297 4066 2080 4066 191 4066 2297 4067 191 4067 193 4067 234 4068 2103 4068 2298 4068 2298 4069 2103 4069 2286 4069 2298 4070 2286 4070 2299 4070 2299 4071 2286 4071 2287 4071 2299 4072 2287 4072 2300 4072 2300 4073 2287 4073 2288 4073 2300 4074 2288 4074 2301 4074 2301 4075 2288 4075 2289 4075 2301 4076 2289 4076 2302 4076 2302 4077 2289 4077 2290 4077 2302 4078 2290 4078 2303 4078 2303 4079 2290 4079 2291 4079 2303 4080 2291 4080 2304 4080 2304 4081 2291 4081 2292 4081 2304 4082 2292 4082 2305 4082 2305 4083 2292 4083 2293 4083 2305 4084 2293 4084 2306 4084 2306 4085 2293 4085 2294 4085 2306 4086 2294 4086 2307 4086 2307 4087 2294 4087 2295 4087 2307 4088 2295 4088 2308 4088 2308 4089 2295 4089 2296 4089 2308 4090 2296 4090 2309 4090 2309 4091 2296 4091 2297 4091 2309 4092 2297 4092 2310 4092 2310 4093 2297 4093 193 4093 2310 4094 193 4094 195 4094 195 4095 2248 4095 2310 4095 2310 4096 2248 4096 2246 4096 2310 4097 2246 4097 2309 4097 2309 4098 2246 4098 2244 4098 2309 4099 2244 4099 2308 4099 2308 4100 2244 4100 2242 4100 2308 4101 2242 4101 2307 4101 2307 4102 2242 4102 2240 4102 2307 4103 2240 4103 2306 4103 2306 4104 2240 4104 2238 4104 2306 4105 2238 4105 2305 4105 2305 4106 2238 4106 2236 4106 2305 4107 2236 4107 2304 4107 2304 4108 2236 4108 2234 4108 2304 4109 2234 4109 2303 4109 2303 4110 2234 4110 2232 4110 2303 4111 2232 4111 2302 4111 2302 4112 2232 4112 2230 4112 2302 4113 2230 4113 2301 4113 2301 4114 2230 4114 2228 4114 2301 4115 2228 4115 2300 4115 2300 4116 2228 4116 2226 4116 2300 4117 2226 4117 2299 4117 2299 4118 2226 4118 2104 4118 2299 4119 2104 4119 2298 4119 2298 4120 2104 4120 232 4120 2298 4121 232 4121 234 4121 195 4122 197 4122 2248 4122 2248 4123 197 4123 200 4123 2248 4124 200 4124 2249 4124 2249 4125 200 4125 206 4125 2249 4126 206 4126 2261 4126 2261 4127 206 4127 205 4127 2261 4128 205 4128 203 4128 216 4129 2106 4129 2107 4129 2107 4130 2106 4130 2250 4130 2107 4131 2250 4131 2109 4131 2109 4132 2250 4132 2251 4132 2109 4133 2251 4133 2111 4133 2111 4134 2251 4134 2252 4134 2111 4135 2252 4135 2113 4135 2113 4136 2252 4136 2253 4136 2113 4137 2253 4137 2115 4137 2115 4138 2253 4138 2254 4138 2115 4139 2254 4139 2117 4139 2117 4140 2254 4140 2255 4140 2117 4141 2255 4141 2119 4141 2119 4142 2255 4142 2256 4142 2119 4143 2256 4143 2122 4143 2122 4144 2256 4144 2257 4144 2122 4145 2257 4145 2124 4145 2124 4146 2257 4146 2258 4146 2124 4147 2258 4147 2126 4147 2126 4148 2258 4148 2259 4148 2126 4149 2259 4149 2128 4149 2128 4150 2259 4150 2260 4150 2128 4151 2260 4151 2311 4151 2311 4152 2260 4152 2261 4152 2311 4153 2261 4153 2312 4153 2312 4154 2261 4154 203 4154 2312 4155 203 4155 202 4155 2129 4156 2128 4156 2313 4156 2313 4157 2128 4157 2311 4157 2313 4158 2311 4158 2314 4158 2314 4159 2311 4159 2312 4159 2314 4160 2312 4160 2315 4160 2315 4161 2312 4161 202 4161 2315 4162 202 4162 153 4162 885 4163 913 4163 2316 4163 912 4164 217 4164 2108 4164 2317 4165 2318 4165 2319 4165 2320 4166 2321 4166 2322 4166 1052 4167 888 4167 2323 4167 2324 4168 35 4168 34 4168 863 4169 11 4169 9 4169 9 4170 7 4170 863 4170 863 4171 7 4171 5 4171 863 4172 5 4172 3 4172 2325 4173 2326 4173 13 4173 13 4174 2326 4174 56 4174 2327 4175 15 4175 2326 4175 2326 4176 15 4176 57 4176 2326 4177 57 4177 56 4177 2328 4178 22 4178 2327 4178 2327 4179 22 4179 17 4179 2327 4180 17 4180 15 4180 30 4181 27 4181 2329 4181 2329 4182 27 4182 28 4182 2329 4183 28 4183 2330 4183 2330 4184 28 4184 29 4184 2330 4185 29 4185 2331 4185 2331 4186 29 4186 19 4186 2331 4187 19 4187 21 4187 2332 4188 33 4188 2333 4188 2333 4189 33 4189 32 4189 2333 4190 32 4190 2334 4190 2334 4191 32 4191 31 4191 2334 4192 31 4192 2335 4192 2335 4193 31 4193 30 4193 2335 4194 30 4194 2336 4194 2336 4195 30 4195 2329 4195 2336 4196 2329 4196 2337 4196 39 4197 38 4197 2338 4197 2338 4198 38 4198 37 4198 2338 4199 37 4199 2324 4199 2324 4200 37 4200 36 4200 2324 4201 36 4201 35 4201 23 4202 40 4202 2339 4202 23 4203 2339 4203 24 4203 24 4204 2339 4204 2340 4204 24 4205 2340 4205 26 4205 26 4206 2340 4206 162 4206 26 4207 162 4207 53 4207 1052 4208 2323 4208 859 4208 2341 4209 2342 4209 2343 4209 2343 4210 2342 4210 2344 4210 2343 4211 2344 4211 2345 4211 2345 4212 2344 4212 2346 4212 2345 4213 2346 4213 2323 4213 2323 4214 2346 4214 2347 4214 2323 4215 2347 4215 859 4215 2348 4216 2328 4216 2349 4216 2349 4217 2328 4217 2327 4217 2349 4218 2327 4218 2350 4218 2350 4219 2327 4219 2326 4219 2350 4220 2326 4220 2351 4220 2351 4221 2326 4221 2325 4221 2351 4222 2325 4222 863 4222 863 4223 2325 4223 13 4223 863 4224 13 4224 11 4224 2350 4225 2352 4225 2349 4225 2349 4226 2352 4226 2353 4226 2349 4227 2353 4227 2348 4227 2348 4228 2353 4228 2354 4228 2348 4229 2354 4229 2355 4229 2337 4230 2329 4230 2355 4230 2355 4231 2329 4231 2330 4231 2355 4232 2330 4232 2348 4232 2348 4233 2330 4233 2331 4233 2348 4234 2331 4234 2328 4234 2328 4235 2331 4235 21 4235 2328 4236 21 4236 22 4236 2322 4237 2321 4237 2356 4237 2356 4238 2321 4238 2357 4238 2356 4239 2357 4239 2358 4239 2358 4240 2357 4240 2359 4240 2358 4241 2359 4241 2360 4241 2360 4242 2359 4242 2361 4242 2360 4243 2361 4243 2362 4243 2362 4244 2361 4244 2363 4244 2362 4245 2363 4245 2364 4245 2364 4246 2363 4246 2365 4246 2364 4247 2365 4247 2341 4247 2341 4248 2365 4248 2366 4248 2341 4249 2366 4249 2342 4249 2367 4250 2368 4250 2369 4250 2369 4251 2368 4251 2332 4251 863 4252 859 4252 2351 4252 2351 4253 859 4253 2347 4253 2351 4254 2347 4254 2350 4254 2350 4255 2347 4255 2346 4255 2350 4256 2346 4256 2352 4256 2352 4257 2346 4257 2344 4257 2352 4258 2344 4258 2353 4258 2353 4259 2344 4259 2342 4259 2353 4260 2342 4260 2354 4260 2354 4261 2342 4261 2366 4261 2354 4262 2366 4262 2355 4262 2355 4263 2366 4263 2365 4263 2355 4264 2365 4264 2337 4264 2337 4265 2365 4265 2363 4265 2337 4266 2363 4266 2336 4266 2336 4267 2363 4267 2361 4267 2336 4268 2361 4268 2335 4268 2335 4269 2361 4269 2359 4269 2335 4270 2359 4270 2334 4270 2334 4271 2359 4271 2357 4271 2334 4272 2357 4272 2333 4272 2333 4273 2357 4273 2321 4273 2333 4274 2321 4274 2332 4274 2332 4275 2321 4275 2320 4275 2332 4276 2320 4276 2369 4276 2319 4277 2318 4277 2370 4277 2370 4278 2318 4278 2371 4278 2370 4279 2371 4279 2372 4279 2372 4280 2371 4280 2373 4280 2372 4281 2373 4281 2374 4281 2374 4282 2373 4282 2375 4282 2374 4283 2375 4283 164 4283 2322 4284 2317 4284 2320 4284 2320 4285 2317 4285 2319 4285 2320 4286 2319 4286 2369 4286 2369 4287 2319 4287 2370 4287 2369 4288 2370 4288 2367 4288 2367 4289 2370 4289 2372 4289 40 4290 39 4290 2339 4290 2339 4291 39 4291 2338 4291 2339 4292 2338 4292 2376 4292 2376 4293 2338 4293 2324 4293 164 4294 162 4294 2374 4294 2374 4295 162 4295 2340 4295 2374 4296 2340 4296 2372 4296 2372 4297 2340 4297 2339 4297 2372 4298 2339 4298 2367 4298 2367 4299 2339 4299 2376 4299 2367 4300 2376 4300 2368 4300 2368 4301 2376 4301 2324 4301 2368 4302 2324 4302 2332 4302 2332 4303 2324 4303 34 4303 2332 4304 34 4304 33 4304 2377 4305 2378 4305 2379 4305 2379 4306 2378 4306 2380 4306 2379 4307 2380 4307 2381 4307 2379 4308 2381 4308 2382 4308 153 4309 160 4309 2315 4309 2315 4310 160 4310 2383 4310 2315 4311 2383 4311 2314 4311 2314 4312 2383 4312 2377 4312 2314 4313 2377 4313 2313 4313 2313 4314 2377 4314 2379 4314 885 4315 2316 4315 887 4315 2383 4316 2384 4316 2377 4316 2377 4317 2384 4317 2385 4317 2377 4318 2385 4318 2378 4318 2378 4319 2385 4319 2386 4319 2378 4320 2386 4320 2380 4320 2380 4321 2386 4321 2387 4321 2380 4322 2387 4322 2381 4322 2381 4323 2387 4323 2388 4323 2381 4324 2388 4324 2382 4324 2382 4325 2388 4325 2389 4325 2382 4326 2389 4326 2390 4326 2390 4327 2389 4327 2391 4327 2390 4328 2391 4328 2392 4328 2392 4329 2391 4329 2393 4329 2392 4330 2393 4330 2394 4330 2394 4331 2393 4331 2395 4331 2394 4332 2395 4332 2396 4332 2396 4333 2395 4333 2397 4333 2396 4334 2397 4334 2398 4334 2398 4335 2397 4335 2399 4335 2398 4336 2399 4336 2400 4336 2400 4337 2399 4337 2401 4337 2400 4338 2401 4338 2402 4338 2402 4339 2401 4339 2403 4339 2402 4340 2403 4340 2316 4340 2316 4341 2403 4341 2404 4341 2316 4342 2404 4342 887 4342 913 4343 912 4343 2316 4343 2316 4344 912 4344 2108 4344 2316 4345 2108 4345 2402 4345 2402 4346 2108 4346 2110 4346 2402 4347 2110 4347 2400 4347 2400 4348 2110 4348 2112 4348 2400 4349 2112 4349 2398 4349 2398 4350 2112 4350 2114 4350 2398 4351 2114 4351 2396 4351 2396 4352 2114 4352 2116 4352 2396 4353 2116 4353 2394 4353 2394 4354 2116 4354 2118 4354 2394 4355 2118 4355 2392 4355 2392 4356 2118 4356 2120 4356 2392 4357 2120 4357 2390 4357 2390 4358 2120 4358 2121 4358 2390 4359 2121 4359 2382 4359 2382 4360 2121 4360 2123 4360 2382 4361 2123 4361 2379 4361 2379 4362 2123 4362 2125 4362 2379 4363 2125 4363 2127 4363 2379 4364 2127 4364 2129 4364 2379 4365 2129 4365 2313 4365 160 4366 159 4366 2383 4366 2383 4367 159 4367 157 4367 2383 4368 157 4368 2384 4368 2384 4369 157 4369 155 4369 2384 4370 155 4370 165 4370 888 4371 887 4371 2323 4371 2323 4372 887 4372 2404 4372 2323 4373 2404 4373 2345 4373 2345 4374 2404 4374 2403 4374 2345 4375 2403 4375 2343 4375 2343 4376 2403 4376 2401 4376 2343 4377 2401 4377 2341 4377 2341 4378 2401 4378 2399 4378 2341 4379 2399 4379 2364 4379 2364 4380 2399 4380 2397 4380 2364 4381 2397 4381 2362 4381 2362 4382 2397 4382 2395 4382 2362 4383 2395 4383 2360 4383 2360 4384 2395 4384 2393 4384 2360 4385 2393 4385 2358 4385 2358 4386 2393 4386 2391 4386 2358 4387 2391 4387 2356 4387 2356 4388 2391 4388 2389 4388 2356 4389 2389 4389 2322 4389 2322 4390 2389 4390 2388 4390 2322 4391 2388 4391 2317 4391 2317 4392 2388 4392 2387 4392 2317 4393 2387 4393 2318 4393 2318 4394 2387 4394 2386 4394 2318 4395 2386 4395 2371 4395 2371 4396 2386 4396 2385 4396 2371 4397 2385 4397 2373 4397 2373 4398 2385 4398 2384 4398 2373 4399 2384 4399 2375 4399 2375 4400 2384 4400 165 4400 2375 4401 165 4401 164 4401 2405 4402 175 4402 173 4402 2406 4403 188 4403 186 4403 199 4404 198 4404 2407 4404 6 4405 2408 4405 4 4405 55 4406 54 4406 161 4406 262 4407 2409 4407 263 4407 263 4408 2409 4408 337 4408 337 4409 2409 4409 338 4409 338 4410 2409 4410 2410 4410 338 4411 2410 4411 309 4411 2411 4412 311 4412 2412 4412 2412 4413 311 4413 310 4413 2412 4414 310 4414 2413 4414 2413 4415 310 4415 308 4415 2413 4416 308 4416 2414 4416 2414 4417 308 4417 307 4417 2414 4418 307 4418 2415 4418 2415 4419 307 4419 309 4419 2415 4420 309 4420 2416 4420 2416 4421 309 4421 2410 4421 318 4422 317 4422 2417 4422 2417 4423 317 4423 316 4423 2417 4424 316 4424 2418 4424 2418 4425 316 4425 315 4425 2418 4426 315 4426 2419 4426 2419 4427 315 4427 304 4427 2419 4428 304 4428 2420 4428 2420 4429 304 4429 303 4429 2420 4430 303 4430 2421 4430 2421 4431 303 4431 306 4431 2421 4432 306 4432 2422 4432 2422 4433 306 4433 314 4433 2422 4434 314 4434 2423 4434 2423 4435 314 4435 313 4435 2423 4436 313 4436 2411 4436 2411 4437 313 4437 312 4437 2411 4438 312 4438 311 4438 2424 4439 45 4439 44 4439 2425 4440 14 4440 2426 4440 2426 4441 14 4441 16 4441 2426 4442 16 4442 2427 4442 2427 4443 16 4443 18 4443 2427 4444 18 4444 2428 4444 2428 4445 18 4445 20 4445 2428 4446 20 4446 2429 4446 2429 4447 20 4447 52 4447 2429 4448 52 4448 2430 4448 2430 4449 52 4449 51 4449 2430 4450 51 4450 2431 4450 2431 4451 51 4451 43 4451 2431 4452 43 4452 2432 4452 2432 4453 43 4453 42 4453 2432 4454 42 4454 2433 4454 2433 4455 42 4455 50 4455 2433 4456 50 4456 2434 4456 2434 4457 50 4457 49 4457 2434 4458 49 4458 2435 4458 2435 4459 49 4459 48 4459 2435 4460 48 4460 2436 4460 2436 4461 48 4461 47 4461 2436 4462 47 4462 2424 4462 2424 4463 47 4463 46 4463 2424 4464 46 4464 45 4464 2437 4465 58 4465 2425 4465 2425 4466 58 4466 59 4466 2425 4467 59 4467 14 4467 2408 4468 6 4468 2438 4468 6 4469 8 4469 2438 4469 2438 4470 8 4470 10 4470 2438 4471 10 4471 2437 4471 2437 4472 10 4472 12 4472 2437 4473 12 4473 58 4473 2 4474 4 4474 290 4474 290 4475 4 4475 2408 4475 290 4476 2408 4476 289 4476 289 4477 2408 4477 2438 4477 289 4478 2438 4478 288 4478 291 4479 288 4479 2439 4479 275 4480 291 4480 2440 4480 276 4481 275 4481 2441 4481 277 4482 276 4482 2442 4482 278 4483 277 4483 2443 4483 279 4484 278 4484 2444 4484 280 4485 279 4485 2445 4485 281 4486 280 4486 2446 4486 283 4487 282 4487 2447 4487 285 4488 284 4488 2448 4488 286 4489 285 4489 2449 4489 287 4490 286 4490 2450 4490 264 4491 287 4491 2451 4491 259 4492 258 4492 2452 4492 262 4493 259 4493 2453 4493 288 4494 2438 4494 2439 4494 2439 4495 2438 4495 2437 4495 2439 4496 2437 4496 2454 4496 2454 4497 2437 4497 2425 4497 2454 4498 2425 4498 2455 4498 2455 4499 2425 4499 2426 4499 2455 4500 2426 4500 2456 4500 2456 4501 2426 4501 2427 4501 2456 4502 2427 4502 2457 4502 2457 4503 2427 4503 2428 4503 2457 4504 2428 4504 2458 4504 2458 4505 2428 4505 2429 4505 2458 4506 2429 4506 2459 4506 2459 4507 2429 4507 2430 4507 2459 4508 2430 4508 2460 4508 2460 4509 2430 4509 2431 4509 2460 4510 2431 4510 2461 4510 2461 4511 2431 4511 2432 4511 2461 4512 2432 4512 2462 4512 2462 4513 2432 4513 2433 4513 2462 4514 2433 4514 2463 4514 2463 4515 2433 4515 2434 4515 2463 4516 2434 4516 2464 4516 2464 4517 2434 4517 2435 4517 2464 4518 2435 4518 2465 4518 2465 4519 2435 4519 2436 4519 2465 4520 2436 4520 2466 4520 2466 4521 2436 4521 2424 4521 2466 4522 2424 4522 2467 4522 291 4523 2439 4523 2440 4523 2440 4524 2439 4524 2454 4524 2440 4525 2454 4525 2468 4525 2468 4526 2454 4526 2455 4526 2468 4527 2455 4527 2469 4527 2469 4528 2455 4528 2456 4528 2469 4529 2456 4529 2470 4529 2470 4530 2456 4530 2457 4530 2470 4531 2457 4531 2471 4531 2471 4532 2457 4532 2458 4532 2471 4533 2458 4533 2472 4533 2472 4534 2458 4534 2459 4534 2472 4535 2459 4535 2473 4535 2473 4536 2459 4536 2460 4536 2473 4537 2460 4537 2474 4537 2474 4538 2460 4538 2461 4538 2474 4539 2461 4539 2475 4539 2475 4540 2461 4540 2462 4540 2475 4541 2462 4541 2476 4541 2476 4542 2462 4542 2463 4542 2476 4543 2463 4543 2477 4543 2477 4544 2463 4544 2464 4544 2477 4545 2464 4545 2478 4545 2478 4546 2464 4546 2465 4546 2478 4547 2465 4547 2479 4547 2479 4548 2465 4548 2466 4548 2479 4549 2466 4549 2480 4549 2480 4550 2466 4550 2467 4550 2480 4551 2467 4551 2481 4551 275 4552 2440 4552 2441 4552 2441 4553 2440 4553 2468 4553 2441 4554 2468 4554 2482 4554 2482 4555 2468 4555 2469 4555 2482 4556 2469 4556 2483 4556 2483 4557 2469 4557 2470 4557 2483 4558 2470 4558 2484 4558 2484 4559 2470 4559 2471 4559 2484 4560 2471 4560 2485 4560 2485 4561 2471 4561 2472 4561 2485 4562 2472 4562 2486 4562 2486 4563 2472 4563 2473 4563 2486 4564 2473 4564 2487 4564 2487 4565 2473 4565 2474 4565 2487 4566 2474 4566 2488 4566 2488 4567 2474 4567 2475 4567 2488 4568 2475 4568 2489 4568 2489 4569 2475 4569 2476 4569 2489 4570 2476 4570 2490 4570 2490 4571 2476 4571 2477 4571 2490 4572 2477 4572 2491 4572 2491 4573 2477 4573 2478 4573 2491 4574 2478 4574 2492 4574 2492 4575 2478 4575 2479 4575 2492 4576 2479 4576 2493 4576 2493 4577 2479 4577 2480 4577 2493 4578 2480 4578 2494 4578 2494 4579 2480 4579 2481 4579 2494 4580 2481 4580 2495 4580 283 4581 2447 4581 2496 4581 2496 4582 2447 4582 2497 4582 2496 4583 2497 4583 2498 4583 2498 4584 2497 4584 2499 4584 2498 4585 2499 4585 2500 4585 2500 4586 2499 4586 2501 4586 2500 4587 2501 4587 2502 4587 2502 4588 2501 4588 2503 4588 2502 4589 2503 4589 2504 4589 2504 4590 2503 4590 2505 4590 2504 4591 2505 4591 2506 4591 2506 4592 2505 4592 2507 4592 2506 4593 2507 4593 2508 4593 2508 4594 2507 4594 2509 4594 2508 4595 2509 4595 2510 4595 2510 4596 2509 4596 2511 4596 2510 4597 2511 4597 2512 4597 2512 4598 2511 4598 2513 4598 2512 4599 2513 4599 2514 4599 2514 4600 2513 4600 2515 4600 2514 4601 2515 4601 2516 4601 2516 4602 2515 4602 2517 4602 2516 4603 2517 4603 2518 4603 2518 4604 2517 4604 2519 4604 2518 4605 2519 4605 2520 4605 2520 4606 2519 4606 2521 4606 2520 4607 2521 4607 2522 4607 2522 4608 2521 4608 2523 4608 2522 4609 2523 4609 2524 4609 188 4610 2406 4610 2524 4610 2524 4611 2406 4611 2525 4611 2524 4612 2525 4612 2522 4612 2522 4613 2525 4613 2526 4613 2522 4614 2526 4614 2520 4614 2520 4615 2526 4615 2527 4615 2520 4616 2527 4616 2518 4616 2518 4617 2527 4617 2528 4617 2518 4618 2528 4618 2516 4618 2516 4619 2528 4619 2529 4619 2516 4620 2529 4620 2514 4620 2514 4621 2529 4621 2530 4621 2514 4622 2530 4622 2512 4622 2512 4623 2530 4623 2531 4623 2512 4624 2531 4624 2510 4624 2510 4625 2531 4625 2532 4625 2510 4626 2532 4626 2508 4626 2508 4627 2532 4627 2533 4627 2508 4628 2533 4628 2506 4628 2506 4629 2533 4629 2534 4629 2506 4630 2534 4630 2504 4630 2504 4631 2534 4631 2535 4631 2504 4632 2535 4632 2502 4632 2502 4633 2535 4633 2536 4633 2502 4634 2536 4634 2500 4634 2500 4635 2536 4635 2537 4635 2500 4636 2537 4636 2498 4636 2498 4637 2537 4637 2448 4637 2498 4638 2448 4638 2496 4638 2496 4639 2448 4639 284 4639 2496 4640 284 4640 283 4640 286 4641 2449 4641 2450 4641 2450 4642 2449 4642 2538 4642 2450 4643 2538 4643 2539 4643 2539 4644 2538 4644 2540 4644 2539 4645 2540 4645 2541 4645 2541 4646 2540 4646 2542 4646 2541 4647 2542 4647 2543 4647 2543 4648 2542 4648 2544 4648 2543 4649 2544 4649 2545 4649 2545 4650 2544 4650 2546 4650 2545 4651 2546 4651 2547 4651 2547 4652 2546 4652 2548 4652 2547 4653 2548 4653 2549 4653 2549 4654 2548 4654 2550 4654 2549 4655 2550 4655 2551 4655 2551 4656 2550 4656 2552 4656 2551 4657 2552 4657 2553 4657 2553 4658 2552 4658 2554 4658 2553 4659 2554 4659 2555 4659 2555 4660 2554 4660 2556 4660 2555 4661 2556 4661 2557 4661 2557 4662 2556 4662 2558 4662 2557 4663 2558 4663 2559 4663 2559 4664 2558 4664 2560 4664 2559 4665 2560 4665 2561 4665 2561 4666 2560 4666 2562 4666 2561 4667 2562 4667 2563 4667 2563 4668 2562 4668 2564 4668 2563 4669 2564 4669 2565 4669 287 4670 2450 4670 2451 4670 2451 4671 2450 4671 2539 4671 2451 4672 2539 4672 2566 4672 2566 4673 2539 4673 2541 4673 2566 4674 2541 4674 2567 4674 2567 4675 2541 4675 2543 4675 2567 4676 2543 4676 2568 4676 2568 4677 2543 4677 2545 4677 2568 4678 2545 4678 2569 4678 2569 4679 2545 4679 2547 4679 2569 4680 2547 4680 2570 4680 2570 4681 2547 4681 2549 4681 2570 4682 2549 4682 2571 4682 2571 4683 2549 4683 2551 4683 2571 4684 2551 4684 2572 4684 2572 4685 2551 4685 2553 4685 2572 4686 2553 4686 2573 4686 2573 4687 2553 4687 2555 4687 2573 4688 2555 4688 2574 4688 2574 4689 2555 4689 2557 4689 2574 4690 2557 4690 2575 4690 2575 4691 2557 4691 2559 4691 2575 4692 2559 4692 2576 4692 2576 4693 2559 4693 2561 4693 2576 4694 2561 4694 2577 4694 2577 4695 2561 4695 2563 4695 2577 4696 2563 4696 2578 4696 2578 4697 2563 4697 2565 4697 2578 4698 2565 4698 2579 4698 264 4699 2451 4699 2580 4699 2580 4700 2451 4700 2566 4700 2580 4701 2566 4701 2581 4701 2581 4702 2566 4702 2567 4702 2581 4703 2567 4703 2582 4703 2582 4704 2567 4704 2568 4704 2582 4705 2568 4705 2583 4705 2583 4706 2568 4706 2569 4706 2583 4707 2569 4707 2584 4707 2584 4708 2569 4708 2570 4708 2584 4709 2570 4709 2585 4709 2585 4710 2570 4710 2571 4710 2585 4711 2571 4711 2586 4711 2586 4712 2571 4712 2572 4712 2586 4713 2572 4713 2587 4713 2587 4714 2572 4714 2573 4714 2587 4715 2573 4715 2588 4715 2588 4716 2573 4716 2574 4716 2588 4717 2574 4717 2589 4717 2589 4718 2574 4718 2575 4718 2589 4719 2575 4719 2590 4719 2590 4720 2575 4720 2576 4720 2590 4721 2576 4721 2591 4721 2591 4722 2576 4722 2577 4722 2591 4723 2577 4723 2592 4723 2592 4724 2577 4724 2578 4724 2592 4725 2578 4725 2593 4725 2593 4726 2578 4726 2579 4726 2593 4727 2579 4727 2594 4727 175 4728 2405 4728 2594 4728 2594 4729 2405 4729 2595 4729 2594 4730 2595 4730 2593 4730 2593 4731 2595 4731 2596 4731 2593 4732 2596 4732 2592 4732 2592 4733 2596 4733 2597 4733 2592 4734 2597 4734 2591 4734 2591 4735 2597 4735 2598 4735 2591 4736 2598 4736 2590 4736 2590 4737 2598 4737 2599 4737 2590 4738 2599 4738 2589 4738 2589 4739 2599 4739 2600 4739 2589 4740 2600 4740 2588 4740 2588 4741 2600 4741 2601 4741 2588 4742 2601 4742 2587 4742 2587 4743 2601 4743 2602 4743 2587 4744 2602 4744 2586 4744 2586 4745 2602 4745 2603 4745 2586 4746 2603 4746 2585 4746 2585 4747 2603 4747 2604 4747 2585 4748 2604 4748 2584 4748 2584 4749 2604 4749 2605 4749 2584 4750 2605 4750 2583 4750 2583 4751 2605 4751 2606 4751 2583 4752 2606 4752 2582 4752 2582 4753 2606 4753 2607 4753 2582 4754 2607 4754 2581 4754 2581 4755 2607 4755 2608 4755 2581 4756 2608 4756 2580 4756 2580 4757 2608 4757 265 4757 2580 4758 265 4758 264 4758 259 4759 2452 4759 2453 4759 2453 4760 2452 4760 2609 4760 2453 4761 2609 4761 2610 4761 2610 4762 2609 4762 2611 4762 2610 4763 2611 4763 2612 4763 2612 4764 2611 4764 2613 4764 2612 4765 2613 4765 2614 4765 2614 4766 2613 4766 2615 4766 2614 4767 2615 4767 2616 4767 2616 4768 2615 4768 2617 4768 2616 4769 2617 4769 2618 4769 2618 4770 2617 4770 2619 4770 2618 4771 2619 4771 2620 4771 2620 4772 2619 4772 2621 4772 2620 4773 2621 4773 2622 4773 2622 4774 2621 4774 2623 4774 2622 4775 2623 4775 2624 4775 2624 4776 2623 4776 2625 4776 2624 4777 2625 4777 2626 4777 2626 4778 2625 4778 2627 4778 2626 4779 2627 4779 2628 4779 2628 4780 2627 4780 2629 4780 2628 4781 2629 4781 2630 4781 2630 4782 2629 4782 2631 4782 2630 4783 2631 4783 2632 4783 2632 4784 2631 4784 2633 4784 2632 4785 2633 4785 2634 4785 2634 4786 2633 4786 2635 4786 2634 4787 2635 4787 2636 4787 262 4788 2453 4788 2409 4788 2409 4789 2453 4789 2610 4789 2409 4790 2610 4790 2410 4790 2410 4791 2610 4791 2612 4791 2410 4792 2612 4792 2416 4792 2416 4793 2612 4793 2614 4793 2416 4794 2614 4794 2415 4794 2415 4795 2614 4795 2616 4795 2415 4796 2616 4796 2414 4796 2414 4797 2616 4797 2618 4797 2414 4798 2618 4798 2413 4798 2413 4799 2618 4799 2620 4799 2413 4800 2620 4800 2412 4800 2412 4801 2620 4801 2622 4801 2412 4802 2622 4802 2411 4802 2411 4803 2622 4803 2624 4803 2411 4804 2624 4804 2423 4804 2423 4805 2624 4805 2626 4805 2423 4806 2626 4806 2422 4806 2422 4807 2626 4807 2628 4807 2422 4808 2628 4808 2421 4808 2421 4809 2628 4809 2630 4809 2421 4810 2630 4810 2420 4810 2420 4811 2630 4811 2632 4811 2420 4812 2632 4812 2419 4812 2419 4813 2632 4813 2634 4813 2419 4814 2634 4814 2418 4814 2418 4815 2634 4815 2636 4815 2418 4816 2636 4816 2417 4816 44 4817 55 4817 2424 4817 2424 4818 55 4818 161 4818 2424 4819 161 4819 2467 4819 2467 4820 161 4820 163 4820 2467 4821 163 4821 2481 4821 2481 4822 163 4822 154 4822 2481 4823 154 4823 2495 4823 2495 4824 154 4824 156 4824 2495 4825 156 4825 158 4825 276 4826 2441 4826 2442 4826 2442 4827 2441 4827 2482 4827 2442 4828 2482 4828 2637 4828 2637 4829 2482 4829 2483 4829 2637 4830 2483 4830 2638 4830 2638 4831 2483 4831 2484 4831 2638 4832 2484 4832 2639 4832 2639 4833 2484 4833 2485 4833 2639 4834 2485 4834 2640 4834 2640 4835 2485 4835 2486 4835 2640 4836 2486 4836 2641 4836 2641 4837 2486 4837 2487 4837 2641 4838 2487 4838 2642 4838 2642 4839 2487 4839 2488 4839 2642 4840 2488 4840 2643 4840 2643 4841 2488 4841 2489 4841 2643 4842 2489 4842 2644 4842 2644 4843 2489 4843 2490 4843 2644 4844 2490 4844 2645 4844 2645 4845 2490 4845 2491 4845 2645 4846 2491 4846 2646 4846 2646 4847 2491 4847 2492 4847 2646 4848 2492 4848 2647 4848 2647 4849 2492 4849 2493 4849 2647 4850 2493 4850 2648 4850 2648 4851 2493 4851 2494 4851 2648 4852 2494 4852 2649 4852 2649 4853 2494 4853 2495 4853 2649 4854 2495 4854 2650 4854 2650 4855 2495 4855 158 4855 2650 4856 158 4856 152 4856 277 4857 2442 4857 2443 4857 2443 4858 2442 4858 2637 4858 2443 4859 2637 4859 2651 4859 2651 4860 2637 4860 2638 4860 2651 4861 2638 4861 2652 4861 2652 4862 2638 4862 2639 4862 2652 4863 2639 4863 2653 4863 2653 4864 2639 4864 2640 4864 2653 4865 2640 4865 2654 4865 2654 4866 2640 4866 2641 4866 2654 4867 2641 4867 2655 4867 2655 4868 2641 4868 2642 4868 2655 4869 2642 4869 2656 4869 2656 4870 2642 4870 2643 4870 2656 4871 2643 4871 2657 4871 2657 4872 2643 4872 2644 4872 2657 4873 2644 4873 2658 4873 2658 4874 2644 4874 2645 4874 2658 4875 2645 4875 2659 4875 2659 4876 2645 4876 2646 4876 2659 4877 2646 4877 2660 4877 2660 4878 2646 4878 2647 4878 2660 4879 2647 4879 2661 4879 2661 4880 2647 4880 2648 4880 2661 4881 2648 4881 2662 4881 2662 4882 2648 4882 2649 4882 2662 4883 2649 4883 2663 4883 2663 4884 2649 4884 2650 4884 2663 4885 2650 4885 2664 4885 2664 4886 2650 4886 152 4886 2664 4887 152 4887 151 4887 278 4888 2443 4888 2444 4888 2444 4889 2443 4889 2651 4889 2444 4890 2651 4890 2665 4890 2665 4891 2651 4891 2652 4891 2665 4892 2652 4892 2666 4892 2666 4893 2652 4893 2653 4893 2666 4894 2653 4894 2667 4894 2667 4895 2653 4895 2654 4895 2667 4896 2654 4896 2668 4896 2668 4897 2654 4897 2655 4897 2668 4898 2655 4898 2669 4898 2669 4899 2655 4899 2656 4899 2669 4900 2656 4900 2670 4900 2670 4901 2656 4901 2657 4901 2670 4902 2657 4902 2671 4902 2671 4903 2657 4903 2658 4903 2671 4904 2658 4904 2672 4904 2672 4905 2658 4905 2659 4905 2672 4906 2659 4906 2673 4906 2673 4907 2659 4907 2660 4907 2673 4908 2660 4908 2674 4908 2674 4909 2660 4909 2661 4909 2674 4910 2661 4910 2675 4910 2675 4911 2661 4911 2662 4911 2675 4912 2662 4912 2676 4912 2676 4913 2662 4913 2663 4913 2676 4914 2663 4914 2677 4914 2677 4915 2663 4915 2664 4915 2677 4916 2664 4916 2678 4916 2678 4917 2664 4917 151 4917 2678 4918 151 4918 204 4918 279 4919 2444 4919 2445 4919 2445 4920 2444 4920 2665 4920 2445 4921 2665 4921 2679 4921 2679 4922 2665 4922 2666 4922 2679 4923 2666 4923 2680 4923 2680 4924 2666 4924 2667 4924 2680 4925 2667 4925 2681 4925 2681 4926 2667 4926 2668 4926 2681 4927 2668 4927 2682 4927 2682 4928 2668 4928 2669 4928 2682 4929 2669 4929 2683 4929 2683 4930 2669 4930 2670 4930 2683 4931 2670 4931 2684 4931 2684 4932 2670 4932 2671 4932 2684 4933 2671 4933 2685 4933 2685 4934 2671 4934 2672 4934 2685 4935 2672 4935 2686 4935 2686 4936 2672 4936 2673 4936 2686 4937 2673 4937 2687 4937 2687 4938 2673 4938 2674 4938 2687 4939 2674 4939 2688 4939 2688 4940 2674 4940 2675 4940 2688 4941 2675 4941 2689 4941 2689 4942 2675 4942 2676 4942 2689 4943 2676 4943 2690 4943 2690 4944 2676 4944 2677 4944 2690 4945 2677 4945 2691 4945 2691 4946 2677 4946 2678 4946 2691 4947 2678 4947 2692 4947 2692 4948 2678 4948 204 4948 2692 4949 204 4949 201 4949 280 4950 2445 4950 2446 4950 2446 4951 2445 4951 2679 4951 2446 4952 2679 4952 2693 4952 2693 4953 2679 4953 2680 4953 2693 4954 2680 4954 2694 4954 2694 4955 2680 4955 2681 4955 2694 4956 2681 4956 2695 4956 2695 4957 2681 4957 2682 4957 2695 4958 2682 4958 2696 4958 2696 4959 2682 4959 2683 4959 2696 4960 2683 4960 2697 4960 2697 4961 2683 4961 2684 4961 2697 4962 2684 4962 2698 4962 2698 4963 2684 4963 2685 4963 2698 4964 2685 4964 2699 4964 2699 4965 2685 4965 2686 4965 2699 4966 2686 4966 2700 4966 2700 4967 2686 4967 2687 4967 2700 4968 2687 4968 2701 4968 2701 4969 2687 4969 2688 4969 2701 4970 2688 4970 2702 4970 2702 4971 2688 4971 2689 4971 2702 4972 2689 4972 2703 4972 2703 4973 2689 4973 2690 4973 2703 4974 2690 4974 2704 4974 2704 4975 2690 4975 2691 4975 2704 4976 2691 4976 2705 4976 2705 4977 2691 4977 2692 4977 2705 4978 2692 4978 2407 4978 2407 4979 2692 4979 201 4979 2407 4980 201 4980 199 4980 281 4981 2446 4981 2706 4981 2706 4982 2446 4982 2693 4982 2706 4983 2693 4983 2707 4983 2707 4984 2693 4984 2694 4984 2707 4985 2694 4985 2708 4985 2708 4986 2694 4986 2695 4986 2708 4987 2695 4987 2709 4987 2709 4988 2695 4988 2696 4988 2709 4989 2696 4989 2710 4989 2710 4990 2696 4990 2697 4990 2710 4991 2697 4991 2711 4991 2711 4992 2697 4992 2698 4992 2711 4993 2698 4993 2712 4993 2712 4994 2698 4994 2699 4994 2712 4995 2699 4995 2713 4995 2713 4996 2699 4996 2700 4996 2713 4997 2700 4997 2714 4997 2714 4998 2700 4998 2701 4998 2714 4999 2701 4999 2715 4999 2715 5000 2701 5000 2702 5000 2715 5001 2702 5001 2716 5001 2716 5002 2702 5002 2703 5002 2716 5003 2703 5003 2717 5003 2717 5004 2703 5004 2704 5004 2717 5005 2704 5005 2718 5005 2718 5006 2704 5006 2705 5006 2718 5007 2705 5007 2719 5007 2719 5008 2705 5008 2407 5008 2719 5009 2407 5009 2720 5009 2720 5010 2407 5010 198 5010 2720 5011 198 5011 196 5011 196 5012 2523 5012 2720 5012 2720 5013 2523 5013 2521 5013 2720 5014 2521 5014 2719 5014 2719 5015 2521 5015 2519 5015 2719 5016 2519 5016 2718 5016 2718 5017 2519 5017 2517 5017 2718 5018 2517 5018 2717 5018 2717 5019 2517 5019 2515 5019 2717 5020 2515 5020 2716 5020 2716 5021 2515 5021 2513 5021 2716 5022 2513 5022 2715 5022 2715 5023 2513 5023 2511 5023 2715 5024 2511 5024 2714 5024 2714 5025 2511 5025 2509 5025 2714 5026 2509 5026 2713 5026 2713 5027 2509 5027 2507 5027 2713 5028 2507 5028 2712 5028 2712 5029 2507 5029 2505 5029 2712 5030 2505 5030 2711 5030 2711 5031 2505 5031 2503 5031 2711 5032 2503 5032 2710 5032 2710 5033 2503 5033 2501 5033 2710 5034 2501 5034 2709 5034 2709 5035 2501 5035 2499 5035 2709 5036 2499 5036 2708 5036 2708 5037 2499 5037 2497 5037 2708 5038 2497 5038 2707 5038 2707 5039 2497 5039 2447 5039 2707 5040 2447 5040 2706 5040 2706 5041 2447 5041 282 5041 2706 5042 282 5042 281 5042 196 5043 194 5043 2523 5043 2523 5044 194 5044 192 5044 2523 5045 192 5045 2524 5045 2524 5046 192 5046 190 5046 2524 5047 190 5047 188 5047 285 5048 2448 5048 2449 5048 2449 5049 2448 5049 2537 5049 2449 5050 2537 5050 2538 5050 2538 5051 2537 5051 2536 5051 2538 5052 2536 5052 2540 5052 2540 5053 2536 5053 2535 5053 2540 5054 2535 5054 2542 5054 2542 5055 2535 5055 2534 5055 2542 5056 2534 5056 2544 5056 2544 5057 2534 5057 2533 5057 2544 5058 2533 5058 2546 5058 2546 5059 2533 5059 2532 5059 2546 5060 2532 5060 2548 5060 2548 5061 2532 5061 2531 5061 2548 5062 2531 5062 2550 5062 2550 5063 2531 5063 2530 5063 2550 5064 2530 5064 2552 5064 2552 5065 2530 5065 2529 5065 2552 5066 2529 5066 2554 5066 2554 5067 2529 5067 2528 5067 2554 5068 2528 5068 2556 5068 2556 5069 2528 5069 2527 5069 2556 5070 2527 5070 2558 5070 2558 5071 2527 5071 2526 5071 2558 5072 2526 5072 2560 5072 2560 5073 2526 5073 2525 5073 2560 5074 2525 5074 2562 5074 2562 5075 2525 5075 2406 5075 2562 5076 2406 5076 2564 5076 2564 5077 2406 5077 186 5077 2564 5078 186 5078 2565 5078 2565 5079 186 5079 184 5079 2565 5080 184 5080 2579 5080 184 5081 183 5081 2579 5081 2579 5082 183 5082 180 5082 2579 5083 180 5083 2594 5083 2594 5084 180 5084 177 5084 2594 5085 177 5085 175 5085 167 5086 318 5086 169 5086 169 5087 318 5087 2417 5087 169 5088 2417 5088 171 5088 171 5089 2417 5089 2636 5089 171 5090 2636 5090 173 5090 173 5091 2636 5091 2635 5091 173 5092 2635 5092 2405 5092 2405 5093 2635 5093 2633 5093 2405 5094 2633 5094 2595 5094 2595 5095 2633 5095 2631 5095 2595 5096 2631 5096 2596 5096 2596 5097 2631 5097 2629 5097 2596 5098 2629 5098 2597 5098 2597 5099 2629 5099 2627 5099 2597 5100 2627 5100 2598 5100 2598 5101 2627 5101 2625 5101 2598 5102 2625 5102 2599 5102 2599 5103 2625 5103 2623 5103 2599 5104 2623 5104 2600 5104 2600 5105 2623 5105 2621 5105 2600 5106 2621 5106 2601 5106 2601 5107 2621 5107 2619 5107 2601 5108 2619 5108 2602 5108 2602 5109 2619 5109 2617 5109 2602 5110 2617 5110 2603 5110 2603 5111 2617 5111 2615 5111 2603 5112 2615 5112 2604 5112 2604 5113 2615 5113 2613 5113 2604 5114 2613 5114 2605 5114 2605 5115 2613 5115 2611 5115 2605 5116 2611 5116 2606 5116 2606 5117 2611 5117 2609 5117 2606 5118 2609 5118 2607 5118 2607 5119 2609 5119 2452 5119 2607 5120 2452 5120 2608 5120 2608 5121 2452 5121 258 5121 2608 5122 258 5122 265 5122 2721 5123 771 5123 773 5123 2722 5124 756 5124 758 5124 408 5125 2723 5125 409 5125 409 5126 2723 5126 2724 5126 409 5127 2724 5127 410 5127 410 5128 2724 5128 2725 5128 410 5129 2725 5129 412 5129 416 5130 415 5130 2726 5130 2726 5131 415 5131 414 5131 2726 5132 414 5132 2725 5132 2725 5133 414 5133 413 5133 2725 5134 413 5134 412 5134 495 5135 424 5135 2727 5135 2727 5136 424 5136 423 5136 2727 5137 423 5137 2728 5137 2728 5138 423 5138 422 5138 2728 5139 422 5139 2729 5139 2729 5140 422 5140 421 5140 2729 5141 421 5141 2730 5141 2730 5142 421 5142 420 5142 2730 5143 420 5143 2731 5143 2731 5144 420 5144 419 5144 2731 5145 419 5145 2732 5145 2732 5146 419 5146 418 5146 2732 5147 418 5147 2733 5147 2733 5148 418 5148 417 5148 2733 5149 417 5149 2734 5149 2734 5150 417 5150 416 5150 2734 5151 416 5151 2735 5151 2735 5152 416 5152 2726 5152 790 5153 801 5153 2727 5153 2727 5154 801 5154 496 5154 2727 5155 496 5155 495 5155 807 5156 792 5156 2736 5156 805 5157 807 5157 2737 5157 833 5158 805 5158 2738 5158 828 5159 833 5159 2739 5159 814 5160 828 5160 2740 5160 816 5161 814 5161 2741 5161 823 5162 816 5162 2742 5162 819 5163 821 5163 2743 5163 812 5164 819 5164 2744 5164 804 5165 810 5165 2745 5165 802 5166 804 5166 2746 5166 798 5167 802 5167 2747 5167 799 5168 798 5168 2748 5168 799 5169 2748 5169 2749 5169 2749 5170 2748 5170 2750 5170 2749 5171 2750 5171 2751 5171 2751 5172 2750 5172 2752 5172 2751 5173 2752 5173 2753 5173 2753 5174 2752 5174 2754 5174 2753 5175 2754 5175 2755 5175 2755 5176 2754 5176 2756 5176 2755 5177 2756 5177 2757 5177 2757 5178 2756 5178 2758 5178 2757 5179 2758 5179 2759 5179 2759 5180 2758 5180 2760 5180 2759 5181 2760 5181 2761 5181 2761 5182 2760 5182 2762 5182 2762 5183 2760 5183 2763 5183 2762 5184 2763 5184 2764 5184 2764 5185 2763 5185 2765 5185 2764 5186 2765 5186 2766 5186 2766 5187 2765 5187 2767 5187 2766 5188 2767 5188 2768 5188 2768 5189 2767 5189 2769 5189 2768 5190 2769 5190 2770 5190 790 5191 2727 5191 2771 5191 2771 5192 2727 5192 2728 5192 2771 5193 2728 5193 2772 5193 2772 5194 2728 5194 2729 5194 2772 5195 2729 5195 2773 5195 2773 5196 2729 5196 2730 5196 2773 5197 2730 5197 2774 5197 2774 5198 2730 5198 2731 5198 2774 5199 2731 5199 2775 5199 2775 5200 2731 5200 2732 5200 2775 5201 2732 5201 2776 5201 2776 5202 2732 5202 2733 5202 2776 5203 2733 5203 2777 5203 2777 5204 2733 5204 2734 5204 2777 5205 2734 5205 2778 5205 2778 5206 2734 5206 2735 5206 2778 5207 2735 5207 2779 5207 2779 5208 2735 5208 2726 5208 2779 5209 2726 5209 2780 5209 2780 5210 2726 5210 2725 5210 2780 5211 2725 5211 2781 5211 2781 5212 2725 5212 2724 5212 2781 5213 2724 5213 2782 5213 2782 5214 2724 5214 2723 5214 2782 5215 2723 5215 2783 5215 756 5216 2722 5216 2783 5216 2783 5217 2722 5217 2784 5217 2783 5218 2784 5218 2782 5218 2782 5219 2784 5219 2785 5219 2782 5220 2785 5220 2781 5220 2781 5221 2785 5221 2786 5221 2781 5222 2786 5222 2780 5222 2780 5223 2786 5223 2787 5223 2780 5224 2787 5224 2779 5224 2779 5225 2787 5225 2788 5225 2779 5226 2788 5226 2778 5226 2778 5227 2788 5227 2789 5227 2778 5228 2789 5228 2777 5228 2777 5229 2789 5229 2790 5229 2777 5230 2790 5230 2776 5230 2776 5231 2790 5231 2791 5231 2776 5232 2791 5232 2775 5232 2775 5233 2791 5233 2792 5233 2775 5234 2792 5234 2774 5234 2774 5235 2792 5235 2793 5235 2774 5236 2793 5236 2773 5236 2773 5237 2793 5237 2794 5237 2773 5238 2794 5238 2772 5238 2772 5239 2794 5239 2736 5239 2772 5240 2736 5240 2771 5240 2771 5241 2736 5241 792 5241 2771 5242 792 5242 790 5242 805 5243 2737 5243 2738 5243 2738 5244 2737 5244 2795 5244 2738 5245 2795 5245 2796 5245 2796 5246 2795 5246 2797 5246 2796 5247 2797 5247 2798 5247 2798 5248 2797 5248 2799 5248 2798 5249 2799 5249 2800 5249 2800 5250 2799 5250 2801 5250 2800 5251 2801 5251 2802 5251 2802 5252 2801 5252 2803 5252 2802 5253 2803 5253 2804 5253 2804 5254 2803 5254 2805 5254 2804 5255 2805 5255 2806 5255 2806 5256 2805 5256 2807 5256 2806 5257 2807 5257 2808 5257 2808 5258 2807 5258 2809 5258 2808 5259 2809 5259 2810 5259 2810 5260 2809 5260 2811 5260 2810 5261 2811 5261 2812 5261 2812 5262 2811 5262 2813 5262 2812 5263 2813 5263 2814 5263 2814 5264 2813 5264 2815 5264 2814 5265 2815 5265 2816 5265 2816 5266 2815 5266 2817 5266 2816 5267 2817 5267 2818 5267 833 5268 2738 5268 2739 5268 2739 5269 2738 5269 2796 5269 2739 5270 2796 5270 2819 5270 2819 5271 2796 5271 2798 5271 2819 5272 2798 5272 2820 5272 2820 5273 2798 5273 2800 5273 2820 5274 2800 5274 2821 5274 2821 5275 2800 5275 2802 5275 2821 5276 2802 5276 2822 5276 2822 5277 2802 5277 2804 5277 2822 5278 2804 5278 2823 5278 2823 5279 2804 5279 2806 5279 2823 5280 2806 5280 2824 5280 2824 5281 2806 5281 2808 5281 2824 5282 2808 5282 2825 5282 2825 5283 2808 5283 2810 5283 2825 5284 2810 5284 2826 5284 2826 5285 2810 5285 2812 5285 2826 5286 2812 5286 2827 5286 2827 5287 2812 5287 2814 5287 2827 5288 2814 5288 2828 5288 2828 5289 2814 5289 2816 5289 2828 5290 2816 5290 2829 5290 2829 5291 2816 5291 2818 5291 2829 5292 2818 5292 2830 5292 828 5293 2739 5293 2740 5293 2740 5294 2739 5294 2819 5294 2740 5295 2819 5295 2831 5295 2831 5296 2819 5296 2820 5296 2831 5297 2820 5297 2832 5297 2832 5298 2820 5298 2821 5298 2832 5299 2821 5299 2833 5299 2833 5300 2821 5300 2822 5300 2833 5301 2822 5301 2834 5301 2834 5302 2822 5302 2823 5302 2834 5303 2823 5303 2835 5303 2835 5304 2823 5304 2824 5304 2835 5305 2824 5305 2836 5305 2836 5306 2824 5306 2825 5306 2836 5307 2825 5307 2837 5307 2837 5308 2825 5308 2826 5308 2837 5309 2826 5309 2838 5309 2838 5310 2826 5310 2827 5310 2838 5311 2827 5311 2839 5311 2839 5312 2827 5312 2828 5312 2839 5313 2828 5313 2840 5313 2840 5314 2828 5314 2829 5314 2840 5315 2829 5315 2841 5315 2841 5316 2829 5316 2830 5316 2841 5317 2830 5317 2842 5317 771 5318 2721 5318 2843 5318 2843 5319 2721 5319 2844 5319 2843 5320 2844 5320 2845 5320 2845 5321 2844 5321 2846 5321 2845 5322 2846 5322 2847 5322 2847 5323 2846 5323 2848 5323 2847 5324 2848 5324 2849 5324 2849 5325 2848 5325 2850 5325 2849 5326 2850 5326 2851 5326 2851 5327 2850 5327 2852 5327 2851 5328 2852 5328 2853 5328 2853 5329 2852 5329 2854 5329 2853 5330 2854 5330 2855 5330 2855 5331 2854 5331 2856 5331 2855 5332 2856 5332 2857 5332 2857 5333 2856 5333 2858 5333 2857 5334 2858 5334 2859 5334 2859 5335 2858 5335 2860 5335 2859 5336 2860 5336 2861 5336 2861 5337 2860 5337 2862 5337 2861 5338 2862 5338 2863 5338 2863 5339 2862 5339 2864 5339 2863 5340 2864 5340 2865 5340 2865 5341 2864 5341 2743 5341 2865 5342 2743 5342 2866 5342 2866 5343 2743 5343 821 5343 2866 5344 821 5344 823 5344 804 5345 2745 5345 2746 5345 2746 5346 2745 5346 2867 5346 2746 5347 2867 5347 2868 5347 2868 5348 2867 5348 2869 5348 2868 5349 2869 5349 2870 5349 2870 5350 2869 5350 2871 5350 2870 5351 2871 5351 2872 5351 2872 5352 2871 5352 2873 5352 2872 5353 2873 5353 2874 5353 2874 5354 2873 5354 2875 5354 2874 5355 2875 5355 2876 5355 2876 5356 2875 5356 2877 5356 2876 5357 2877 5357 2878 5357 2878 5358 2877 5358 2879 5358 2878 5359 2879 5359 2880 5359 2880 5360 2879 5360 2881 5360 2880 5361 2881 5361 2882 5361 2882 5362 2881 5362 2883 5362 2882 5363 2883 5363 2884 5363 2884 5364 2883 5364 2885 5364 2884 5365 2885 5365 2886 5365 2886 5366 2885 5366 2887 5366 2886 5367 2887 5367 2888 5367 2888 5368 2887 5368 2889 5368 2888 5369 2889 5369 2890 5369 802 5370 2746 5370 2747 5370 2747 5371 2746 5371 2868 5371 2747 5372 2868 5372 2891 5372 2891 5373 2868 5373 2870 5373 2891 5374 2870 5374 2892 5374 2892 5375 2870 5375 2872 5375 2892 5376 2872 5376 2893 5376 2893 5377 2872 5377 2874 5377 2893 5378 2874 5378 2894 5378 2894 5379 2874 5379 2876 5379 2894 5380 2876 5380 2895 5380 2895 5381 2876 5381 2878 5381 2895 5382 2878 5382 2896 5382 2896 5383 2878 5383 2880 5383 2896 5384 2880 5384 2897 5384 2897 5385 2880 5385 2882 5385 2897 5386 2882 5386 2898 5386 2898 5387 2882 5387 2884 5387 2898 5388 2884 5388 2899 5388 2899 5389 2884 5389 2886 5389 2899 5390 2886 5390 2900 5390 2900 5391 2886 5391 2888 5391 2900 5392 2888 5392 2901 5392 2901 5393 2888 5393 2890 5393 2901 5394 2890 5394 2902 5394 408 5395 750 5395 2723 5395 2723 5396 750 5396 752 5396 2723 5397 752 5397 2783 5397 2783 5398 752 5398 754 5398 2783 5399 754 5399 756 5399 807 5400 2736 5400 2737 5400 2737 5401 2736 5401 2794 5401 2737 5402 2794 5402 2795 5402 2795 5403 2794 5403 2793 5403 2795 5404 2793 5404 2797 5404 2797 5405 2793 5405 2792 5405 2797 5406 2792 5406 2799 5406 2799 5407 2792 5407 2791 5407 2799 5408 2791 5408 2801 5408 2801 5409 2791 5409 2790 5409 2801 5410 2790 5410 2803 5410 2803 5411 2790 5411 2789 5411 2803 5412 2789 5412 2805 5412 2805 5413 2789 5413 2788 5413 2805 5414 2788 5414 2807 5414 2807 5415 2788 5415 2787 5415 2807 5416 2787 5416 2809 5416 2809 5417 2787 5417 2786 5417 2809 5418 2786 5418 2811 5418 2811 5419 2786 5419 2785 5419 2811 5420 2785 5420 2813 5420 2813 5421 2785 5421 2784 5421 2813 5422 2784 5422 2815 5422 2815 5423 2784 5423 2722 5423 2815 5424 2722 5424 2817 5424 2817 5425 2722 5425 758 5425 2817 5426 758 5426 2818 5426 2818 5427 758 5427 764 5427 2818 5428 764 5428 2830 5428 2830 5429 764 5429 763 5429 2830 5430 763 5430 2842 5430 2842 5431 763 5431 761 5431 2842 5432 761 5432 760 5432 814 5433 2740 5433 2741 5433 2741 5434 2740 5434 2831 5434 2741 5435 2831 5435 2903 5435 2903 5436 2831 5436 2832 5436 2903 5437 2832 5437 2904 5437 2904 5438 2832 5438 2833 5438 2904 5439 2833 5439 2905 5439 2905 5440 2833 5440 2834 5440 2905 5441 2834 5441 2906 5441 2906 5442 2834 5442 2835 5442 2906 5443 2835 5443 2907 5443 2907 5444 2835 5444 2836 5444 2907 5445 2836 5445 2908 5445 2908 5446 2836 5446 2837 5446 2908 5447 2837 5447 2909 5447 2909 5448 2837 5448 2838 5448 2909 5449 2838 5449 2910 5449 2910 5450 2838 5450 2839 5450 2910 5451 2839 5451 2911 5451 2911 5452 2839 5452 2840 5452 2911 5453 2840 5453 2912 5453 2912 5454 2840 5454 2841 5454 2912 5455 2841 5455 2913 5455 2913 5456 2841 5456 2842 5456 2913 5457 2842 5457 2914 5457 2914 5458 2842 5458 760 5458 2914 5459 760 5459 767 5459 816 5460 2741 5460 2742 5460 2742 5461 2741 5461 2903 5461 2742 5462 2903 5462 2915 5462 2915 5463 2903 5463 2904 5463 2915 5464 2904 5464 2916 5464 2916 5465 2904 5465 2905 5465 2916 5466 2905 5466 2917 5466 2917 5467 2905 5467 2906 5467 2917 5468 2906 5468 2918 5468 2918 5469 2906 5469 2907 5469 2918 5470 2907 5470 2919 5470 2919 5471 2907 5471 2908 5471 2919 5472 2908 5472 2920 5472 2920 5473 2908 5473 2909 5473 2920 5474 2909 5474 2921 5474 2921 5475 2909 5475 2910 5475 2921 5476 2910 5476 2922 5476 2922 5477 2910 5477 2911 5477 2922 5478 2911 5478 2923 5478 2923 5479 2911 5479 2912 5479 2923 5480 2912 5480 2924 5480 2924 5481 2912 5481 2913 5481 2924 5482 2913 5482 2925 5482 2925 5483 2913 5483 2914 5483 2925 5484 2914 5484 2926 5484 2926 5485 2914 5485 767 5485 2926 5486 767 5486 769 5486 823 5487 2742 5487 2866 5487 2866 5488 2742 5488 2915 5488 2866 5489 2915 5489 2865 5489 2865 5490 2915 5490 2916 5490 2865 5491 2916 5491 2863 5491 2863 5492 2916 5492 2917 5492 2863 5493 2917 5493 2861 5493 2861 5494 2917 5494 2918 5494 2861 5495 2918 5495 2859 5495 2859 5496 2918 5496 2919 5496 2859 5497 2919 5497 2857 5497 2857 5498 2919 5498 2920 5498 2857 5499 2920 5499 2855 5499 2855 5500 2920 5500 2921 5500 2855 5501 2921 5501 2853 5501 2853 5502 2921 5502 2922 5502 2853 5503 2922 5503 2851 5503 2851 5504 2922 5504 2923 5504 2851 5505 2923 5505 2849 5505 2849 5506 2923 5506 2924 5506 2849 5507 2924 5507 2847 5507 2847 5508 2924 5508 2925 5508 2847 5509 2925 5509 2845 5509 2845 5510 2925 5510 2926 5510 2845 5511 2926 5511 2843 5511 2843 5512 2926 5512 769 5512 2843 5513 769 5513 771 5513 819 5514 2743 5514 2744 5514 2744 5515 2743 5515 2864 5515 2744 5516 2864 5516 2927 5516 2927 5517 2864 5517 2862 5517 2927 5518 2862 5518 2928 5518 2928 5519 2862 5519 2860 5519 2928 5520 2860 5520 2929 5520 2929 5521 2860 5521 2858 5521 2929 5522 2858 5522 2930 5522 2930 5523 2858 5523 2856 5523 2930 5524 2856 5524 2931 5524 2931 5525 2856 5525 2854 5525 2931 5526 2854 5526 2932 5526 2932 5527 2854 5527 2852 5527 2932 5528 2852 5528 2933 5528 2933 5529 2852 5529 2850 5529 2933 5530 2850 5530 2934 5530 2934 5531 2850 5531 2848 5531 2934 5532 2848 5532 2935 5532 2935 5533 2848 5533 2846 5533 2935 5534 2846 5534 2936 5534 2936 5535 2846 5535 2844 5535 2936 5536 2844 5536 2937 5536 2937 5537 2844 5537 2721 5537 2937 5538 2721 5538 2938 5538 2938 5539 2721 5539 773 5539 2938 5540 773 5540 775 5540 812 5541 2744 5541 2939 5541 2939 5542 2744 5542 2927 5542 2939 5543 2927 5543 2940 5543 2940 5544 2927 5544 2928 5544 2940 5545 2928 5545 2941 5545 2941 5546 2928 5546 2929 5546 2941 5547 2929 5547 2942 5547 2942 5548 2929 5548 2930 5548 2942 5549 2930 5549 2943 5549 2943 5550 2930 5550 2931 5550 2943 5551 2931 5551 2944 5551 2944 5552 2931 5552 2932 5552 2944 5553 2932 5553 2945 5553 2945 5554 2932 5554 2933 5554 2945 5555 2933 5555 2946 5555 2946 5556 2933 5556 2934 5556 2946 5557 2934 5557 2947 5557 2947 5558 2934 5558 2935 5558 2947 5559 2935 5559 2948 5559 2948 5560 2935 5560 2936 5560 2948 5561 2936 5561 2949 5561 2949 5562 2936 5562 2937 5562 2949 5563 2937 5563 2950 5563 2950 5564 2937 5564 2938 5564 2950 5565 2938 5565 2951 5565 2951 5566 2938 5566 775 5566 2951 5567 775 5567 777 5567 777 5568 2889 5568 2951 5568 2951 5569 2889 5569 2887 5569 2951 5570 2887 5570 2950 5570 2950 5571 2887 5571 2885 5571 2950 5572 2885 5572 2949 5572 2949 5573 2885 5573 2883 5573 2949 5574 2883 5574 2948 5574 2948 5575 2883 5575 2881 5575 2948 5576 2881 5576 2947 5576 2947 5577 2881 5577 2879 5577 2947 5578 2879 5578 2946 5578 2946 5579 2879 5579 2877 5579 2946 5580 2877 5580 2945 5580 2945 5581 2877 5581 2875 5581 2945 5582 2875 5582 2944 5582 2944 5583 2875 5583 2873 5583 2944 5584 2873 5584 2943 5584 2943 5585 2873 5585 2871 5585 2943 5586 2871 5586 2942 5586 2942 5587 2871 5587 2869 5587 2942 5588 2869 5588 2941 5588 2941 5589 2869 5589 2867 5589 2941 5590 2867 5590 2940 5590 2940 5591 2867 5591 2745 5591 2940 5592 2745 5592 2939 5592 2939 5593 2745 5593 810 5593 2939 5594 810 5594 812 5594 777 5595 779 5595 2889 5595 2889 5596 779 5596 788 5596 2889 5597 788 5597 2890 5597 2890 5598 788 5598 787 5598 2890 5599 787 5599 2902 5599 2902 5600 787 5600 785 5600 2902 5601 785 5601 783 5601 798 5602 2747 5602 2748 5602 2748 5603 2747 5603 2891 5603 2748 5604 2891 5604 2750 5604 2750 5605 2891 5605 2892 5605 2750 5606 2892 5606 2752 5606 2752 5607 2892 5607 2893 5607 2752 5608 2893 5608 2754 5608 2754 5609 2893 5609 2894 5609 2754 5610 2894 5610 2756 5610 2756 5611 2894 5611 2895 5611 2756 5612 2895 5612 2758 5612 2758 5613 2895 5613 2896 5613 2758 5614 2896 5614 2760 5614 2760 5615 2896 5615 2897 5615 2760 5616 2897 5616 2763 5616 2763 5617 2897 5617 2898 5617 2763 5618 2898 5618 2765 5618 2765 5619 2898 5619 2899 5619 2765 5620 2899 5620 2767 5620 2767 5621 2899 5621 2900 5621 2767 5622 2900 5622 2769 5622 2769 5623 2900 5623 2901 5623 2769 5624 2901 5624 2952 5624 2952 5625 2901 5625 2902 5625 2952 5626 2902 5626 2953 5626 2953 5627 2902 5627 783 5627 2953 5628 783 5628 782 5628 2770 5629 2769 5629 2954 5629 2954 5630 2769 5630 2952 5630 2954 5631 2952 5631 2955 5631 2955 5632 2952 5632 2953 5632 2955 5633 2953 5633 2956 5633 2956 5634 2953 5634 782 5634 2956 5635 782 5635 737 5635 1338 5636 1366 5636 2957 5636 1365 5637 799 5637 2749 5637 2958 5638 2959 5638 2960 5638 2961 5639 2962 5639 2963 5639 1505 5640 1341 5640 2964 5640 2965 5641 607 5641 606 5641 1316 5642 644 5642 642 5642 642 5643 640 5643 1316 5643 1316 5644 640 5644 638 5644 1316 5645 638 5645 636 5645 2966 5646 2967 5646 645 5646 645 5647 2967 5647 632 5647 2968 5648 587 5648 2967 5648 2967 5649 587 5649 630 5649 2967 5650 630 5650 632 5650 2969 5651 594 5651 2968 5651 2968 5652 594 5652 589 5652 2968 5653 589 5653 587 5653 602 5654 599 5654 2970 5654 2970 5655 599 5655 600 5655 2970 5656 600 5656 2971 5656 2971 5657 600 5657 601 5657 2971 5658 601 5658 2972 5658 2972 5659 601 5659 591 5659 2972 5660 591 5660 593 5660 2973 5661 605 5661 2974 5661 2974 5662 605 5662 604 5662 2974 5663 604 5663 2975 5663 2975 5664 604 5664 603 5664 2975 5665 603 5665 2976 5665 2976 5666 603 5666 602 5666 2976 5667 602 5667 2977 5667 2977 5668 602 5668 2970 5668 2977 5669 2970 5669 2978 5669 611 5670 610 5670 2979 5670 2979 5671 610 5671 609 5671 2979 5672 609 5672 2965 5672 2965 5673 609 5673 608 5673 2965 5674 608 5674 607 5674 595 5675 612 5675 2980 5675 595 5676 2980 5676 596 5676 596 5677 2980 5677 2981 5677 596 5678 2981 5678 598 5678 598 5679 2981 5679 746 5679 598 5680 746 5680 625 5680 1505 5681 2964 5681 1312 5681 2982 5682 2983 5682 2984 5682 2984 5683 2983 5683 2985 5683 2984 5684 2985 5684 2986 5684 2986 5685 2985 5685 2987 5685 2986 5686 2987 5686 2964 5686 2964 5687 2987 5687 2988 5687 2964 5688 2988 5688 1312 5688 2989 5689 2969 5689 2990 5689 2990 5690 2969 5690 2968 5690 2990 5691 2968 5691 2991 5691 2991 5692 2968 5692 2967 5692 2991 5693 2967 5693 2992 5693 2992 5694 2967 5694 2966 5694 2992 5695 2966 5695 1316 5695 1316 5696 2966 5696 645 5696 1316 5697 645 5697 644 5697 2991 5698 2993 5698 2990 5698 2990 5699 2993 5699 2994 5699 2990 5700 2994 5700 2989 5700 2989 5701 2994 5701 2995 5701 2989 5702 2995 5702 2996 5702 2978 5703 2970 5703 2996 5703 2996 5704 2970 5704 2971 5704 2996 5705 2971 5705 2989 5705 2989 5706 2971 5706 2972 5706 2989 5707 2972 5707 2969 5707 2969 5708 2972 5708 593 5708 2969 5709 593 5709 594 5709 2963 5710 2962 5710 2997 5710 2997 5711 2962 5711 2998 5711 2997 5712 2998 5712 2999 5712 2999 5713 2998 5713 3000 5713 2999 5714 3000 5714 3001 5714 3001 5715 3000 5715 3002 5715 3001 5716 3002 5716 3003 5716 3003 5717 3002 5717 3004 5717 3003 5718 3004 5718 3005 5718 3005 5719 3004 5719 3006 5719 3005 5720 3006 5720 2982 5720 2982 5721 3006 5721 3007 5721 2982 5722 3007 5722 2983 5722 3008 5723 3009 5723 3010 5723 3010 5724 3009 5724 2973 5724 1316 5725 1312 5725 2992 5725 2992 5726 1312 5726 2988 5726 2992 5727 2988 5727 2991 5727 2991 5728 2988 5728 2987 5728 2991 5729 2987 5729 2993 5729 2993 5730 2987 5730 2985 5730 2993 5731 2985 5731 2994 5731 2994 5732 2985 5732 2983 5732 2994 5733 2983 5733 2995 5733 2995 5734 2983 5734 3007 5734 2995 5735 3007 5735 2996 5735 2996 5736 3007 5736 3006 5736 2996 5737 3006 5737 2978 5737 2978 5738 3006 5738 3004 5738 2978 5739 3004 5739 2977 5739 2977 5740 3004 5740 3002 5740 2977 5741 3002 5741 2976 5741 2976 5742 3002 5742 3000 5742 2976 5743 3000 5743 2975 5743 2975 5744 3000 5744 2998 5744 2975 5745 2998 5745 2974 5745 2974 5746 2998 5746 2962 5746 2974 5747 2962 5747 2973 5747 2973 5748 2962 5748 2961 5748 2973 5749 2961 5749 3010 5749 2960 5750 2959 5750 3011 5750 3011 5751 2959 5751 3012 5751 3011 5752 3012 5752 3013 5752 3013 5753 3012 5753 3014 5753 3013 5754 3014 5754 3015 5754 3015 5755 3014 5755 3016 5755 3015 5756 3016 5756 748 5756 2963 5757 2958 5757 2961 5757 2961 5758 2958 5758 2960 5758 2961 5759 2960 5759 3010 5759 3010 5760 2960 5760 3011 5760 3010 5761 3011 5761 3008 5761 3008 5762 3011 5762 3013 5762 612 5763 611 5763 2980 5763 2980 5764 611 5764 2979 5764 2980 5765 2979 5765 3017 5765 3017 5766 2979 5766 2965 5766 748 5767 746 5767 3015 5767 3015 5768 746 5768 2981 5768 3015 5769 2981 5769 3013 5769 3013 5770 2981 5770 2980 5770 3013 5771 2980 5771 3008 5771 3008 5772 2980 5772 3017 5772 3008 5773 3017 5773 3009 5773 3009 5774 3017 5774 2965 5774 3009 5775 2965 5775 2973 5775 2973 5776 2965 5776 606 5776 2973 5777 606 5777 605 5777 3018 5778 3019 5778 3020 5778 3020 5779 3019 5779 3021 5779 3020 5780 3021 5780 3022 5780 3020 5781 3022 5781 3023 5781 737 5782 744 5782 2956 5782 2956 5783 744 5783 3024 5783 2956 5784 3024 5784 2955 5784 2955 5785 3024 5785 3018 5785 2955 5786 3018 5786 2954 5786 2954 5787 3018 5787 3020 5787 1338 5788 2957 5788 1340 5788 3024 5789 3025 5789 3018 5789 3018 5790 3025 5790 3026 5790 3018 5791 3026 5791 3019 5791 3019 5792 3026 5792 3027 5792 3019 5793 3027 5793 3021 5793 3021 5794 3027 5794 3028 5794 3021 5795 3028 5795 3022 5795 3022 5796 3028 5796 3029 5796 3022 5797 3029 5797 3023 5797 3023 5798 3029 5798 3030 5798 3023 5799 3030 5799 3031 5799 3031 5800 3030 5800 3032 5800 3031 5801 3032 5801 3033 5801 3033 5802 3032 5802 3034 5802 3033 5803 3034 5803 3035 5803 3035 5804 3034 5804 3036 5804 3035 5805 3036 5805 3037 5805 3037 5806 3036 5806 3038 5806 3037 5807 3038 5807 3039 5807 3039 5808 3038 5808 3040 5808 3039 5809 3040 5809 3041 5809 3041 5810 3040 5810 3042 5810 3041 5811 3042 5811 3043 5811 3043 5812 3042 5812 3044 5812 3043 5813 3044 5813 2957 5813 2957 5814 3044 5814 3045 5814 2957 5815 3045 5815 1340 5815 1366 5816 1365 5816 2957 5816 2957 5817 1365 5817 2749 5817 2957 5818 2749 5818 3043 5818 3043 5819 2749 5819 2751 5819 3043 5820 2751 5820 3041 5820 3041 5821 2751 5821 2753 5821 3041 5822 2753 5822 3039 5822 3039 5823 2753 5823 2755 5823 3039 5824 2755 5824 3037 5824 3037 5825 2755 5825 2757 5825 3037 5826 2757 5826 3035 5826 3035 5827 2757 5827 2759 5827 3035 5828 2759 5828 3033 5828 3033 5829 2759 5829 2761 5829 3033 5830 2761 5830 3031 5830 3031 5831 2761 5831 2762 5831 3031 5832 2762 5832 3023 5832 3023 5833 2762 5833 2764 5833 3023 5834 2764 5834 3020 5834 3020 5835 2764 5835 2766 5835 3020 5836 2766 5836 2768 5836 3020 5837 2768 5837 2770 5837 3020 5838 2770 5838 2954 5838 744 5839 743 5839 3024 5839 3024 5840 743 5840 741 5840 3024 5841 741 5841 3025 5841 3025 5842 741 5842 739 5842 3025 5843 739 5843 749 5843 1341 5844 1340 5844 2964 5844 2964 5845 1340 5845 3045 5845 2964 5846 3045 5846 2986 5846 2986 5847 3045 5847 3044 5847 2986 5848 3044 5848 2984 5848 2984 5849 3044 5849 3042 5849 2984 5850 3042 5850 2982 5850 2982 5851 3042 5851 3040 5851 2982 5852 3040 5852 3005 5852 3005 5853 3040 5853 3038 5853 3005 5854 3038 5854 3003 5854 3003 5855 3038 5855 3036 5855 3003 5856 3036 5856 3001 5856 3001 5857 3036 5857 3034 5857 3001 5858 3034 5858 2999 5858 2999 5859 3034 5859 3032 5859 2999 5860 3032 5860 2997 5860 2997 5861 3032 5861 3030 5861 2997 5862 3030 5862 2963 5862 2963 5863 3030 5863 3029 5863 2963 5864 3029 5864 2958 5864 2958 5865 3029 5865 3028 5865 2958 5866 3028 5866 2959 5866 2959 5867 3028 5867 3027 5867 2959 5868 3027 5868 3012 5868 3012 5869 3027 5869 3026 5869 3012 5870 3026 5870 3014 5870 3014 5871 3026 5871 3025 5871 3014 5872 3025 5872 3016 5872 3016 5873 3025 5873 749 5873 3016 5874 749 5874 748 5874</p>
        </triangles>
      </mesh>
    </geometry>
  </library_geometries>
  <library_visual_scenes>
    <visual_scene id="Scene" name="Scene">
      <node id="helice1" name="helice1" type="NODE">
        <matrix sid="transform">0.001 0 0 0 0 0.001001481 0 0 0 0 9.99682e-4 0 0 0 0 1</matrix>
        <instance_geometry url="#Helice-mesh" name="helice1">
          <bind_material>
            <technique_common>
              <instance_material symbol="Material_001-material" target="#Material_001-material" />
            </technique_common>
          </bind_material>
        </instance_geometry>
      </node>
    </visual_scene>
  </library_visual_scenes>
  <scene>
    <instance_visual_scene url="#Scene" />
  </scene>
</COLLADA>